{
  "type": "FeatureCollection",
  "features": [
    {
      "type": "Feature",
      "geometry": {
        "type": "Point",
        "coordinates": [
          -75.4886316,
          5.0559021
        ]
      },
      "properties": {
        "id": "manizales-centro-de-acopio-coliseo-menor-ramon-marin-vargas",
        "nombre": "Centro de acopio Coliseo Menor Ramón Marín Vargas",
        "tipo": "acopio",
        "rol": "punto_donacion",
        "municipio": "Manizales",
        "departamento": "Caldas",
        "direccion": "Unidad Deportiva Palogrande, entrada A por la Avenida Lindsay",
        "geocode_query": "Coliseo Menor Ramón Marín Vargas, Unidad Deportiva Palogrande, Manizales, Caldas, Colombia",
        "horario": "8:00 a.m. - 6:00 p.m.",
        "telefono": null,
        "responsable": "Alcaldía de Manizales",
        "verificado": true,
        "nivel_verificacion": "institucional",
        "vigente": true,
        "alerta": "La Alcaldía pidió NO llevar alimentos por ahora (stock saturado). Ropa: solo nueva con etiqueta.",
        "necesidades": {
          "otros": "necesita",
          "ropa_calzado": "sobra",
          "alimentos_no_perecederos": "sobra",
          "aseo_personal": "urgente",
          "panales_formula": "urgente",
          "colchonetas_cobijas": "urgente",
          "alimento_mascotas": "urgente"
        },
        "no_recibe": [
          "Medicamentos",
          "Alimentos perecederos",
          "Ropa interior",
          "Artículos de segunda mano",
          "Comida preparada en casa",
          "Ropa usada: solo se acepta ropa nueva con etiqueta"
        ],
        "sangre": null,
        "notas": "Centro principal de clasificación y distribución de Manizales: desde aquí se surten los albergues. También recibe equipos ortopédicos (sillas de ruedas, muletas, caminadores, bastones). IMPORTANTE: la Alcaldía pidió SUSPENDER temporalmente la entrega de alimentos para poder organizar el stock, y la ropa ya está cubierta por el volumen donado.",
        "fuente": {
          "nombre": "Alcaldía de Manizales - Centro de Información",
          "url": "https://centrodeinformacion.manizales.gov.co/comunicado-de-prensa-sobre-manizales-fortalece-la-atencion-a-las-familias-afectadas-por-el-sismo-en-el-coliseo-mayor-jorge-arango-uribe/",
          "fecha_publicacion": "2026-08-11"
        },
        "fecha_verificacion": "2026-08-13",
        "precision_ubicacion": "exacta",
        "nota_ubicacion": null,
        "capacidad": null,
        "ocupacion": null,
        "admite_mascotas": null,
        "servicios": [],
        "requisitos_ingreso": null,
        "es_alerta": false
      }
    },
    {
      "type": "Feature",
      "geometry": {
        "type": "Point",
        "coordinates": [
          -75.4882592,
          5.0582306
        ]
      },
      "properties": {
        "id": "manizales-albergue-temporal-coliseo-mayor-jorge-arango-uribe",
        "nombre": "Albergue temporal Coliseo Mayor Jorge Arango Uribe",
        "tipo": "albergue",
        "rol": "recibe_damnificados",
        "municipio": "Manizales",
        "departamento": "Caldas",
        "direccion": "Unidad Deportiva Palogrande, Manizales",
        "geocode_query": "Coliseo Mayor Jorge Arango Uribe, Manizales, Caldas, Colombia",
        "horario": "Abierto 24 horas",
        "telefono": "119",
        "responsable": "Alcaldía de Manizales - Secretaría del Deporte",
        "verificado": true,
        "nivel_verificacion": "institucional",
        "vigente": true,
        "alerta": "Las donaciones se entregan en el Coliseo Menor, no aquí.",
        "necesidades": {
          "alimento_mascotas": "necesita",
          "otros": "necesita",
          "aseo_personal": "urgente",
          "panales_formula": "urgente",
          "colchonetas_cobijas": "urgente"
        },
        "no_recibe": [
          "Medicamentos",
          "Alimentos perecederos",
          "Ropa interior",
          "Artículos de segunda mano",
          "Comida preparada en casa",
          "Alimentos: suspendidos temporalmente por la Alcaldía"
        ],
        "sangre": null,
        "notas": "Albergue principal de Manizales. La Alcaldía reportó 142 personas alojadas al 11 de agosto (La Patria habló de 243). Admite mascotas de las familias: había 18 perros y 3 gatos al 12 de agosto. Ofrece alimentación, acompañamiento psicosocial y recreación para niños. Abierto a cualquier persona que no pueda volver a su vivienda o la considere insegura. OJO: las donaciones NO se reciben aquí sino en el Coliseo Menor.",
        "fuente": {
          "nombre": "Alcaldía de Manizales - Centro de Información",
          "url": "https://centrodeinformacion.manizales.gov.co/comunicado-de-prensa-sobre-manizales-fortalece-la-atencion-a-las-familias-afectadas-por-el-sismo-en-el-coliseo-mayor-jorge-arango-uribe/",
          "fecha_publicacion": "2026-08-11"
        },
        "fecha_verificacion": "2026-08-13",
        "precision_ubicacion": "exacta",
        "nota_ubicacion": null,
        "capacidad": null,
        "ocupacion": "249 personas verificadas por la Defensoría del Pueblo el 13 de agosto, más 17 mascotas. Venía subiendo: 20 el 10 ago, 114 el 11 ago, 142 el 12 ago.",
        "admite_mascotas": true,
        "servicios": [
          "alimentación",
          "atención médica",
          "apoyo psicosocial",
          "atención veterinaria",
          "colchonetas",
          "agua potable",
          "recreación infantil",
          "presencia de Policía comunitaria"
        ],
        "requisitos_ingreso": "ENTRADA ABIERTA: recibe a cualquier persona que necesite alojamiento, no solo a quien perdió la vivienda — también a quien la considera insegura o no puede volver. Se atiende por llegada directa, sin censo previo. La Alcaldía levanta el censo dentro del albergue.",
        "es_alerta": false
      }
    },
    {
      "type": "Feature",
      "geometry": {
        "type": "Point",
        "coordinates": [
          -75.4886045,
          5.0570073
        ]
      },
      "properties": {
        "id": "manizales-unidad-de-proteccion-animal-upa-punto-veterinario-del-alberg",
        "nombre": "Unidad de Protección Animal (UPA) - punto veterinario del albergue",
        "tipo": "animal",
        "rol": "ambos",
        "municipio": "Manizales",
        "departamento": "Caldas",
        "direccion": "Albergue temporal del Coliseo, Unidad Deportiva Palogrande. Las donaciones de alimento se reciben en el Coliseo Menor (entrada A, Avenida Lindsay)",
        "geocode_query": "Unidad Deportiva Palogrande, Manizales, Caldas, Colombia",
        "horario": null,
        "telefono": null,
        "responsable": "Unidad de Protección Animal, Secretaría del Medio Ambiente de Manizales, con apoyo del Grupo de Carabineros de la Policía Nacional",
        "verificado": true,
        "nivel_verificacion": "institucional",
        "vigente": true,
        "alerta": null,
        "necesidades": {
          "insumos_veterinarios": "necesita",
          "guacales_correas": "necesita",
          "alimento_mascotas": "urgente"
        },
        "no_recibe": [],
        "sangre": null,
        "notas": "Veterinarios de la UPA atienden a los animales alojados en el albergue del Coliseo. El alimento donado se distribuye de forma organizada en barrios, sectores rurales y veredas afectadas.",
        "fuente": {
          "nombre": "Alcaldía de Manizales - Centro de Información",
          "url": "https://centrodeinformacion.manizales.gov.co/donaciones-de-alimento-para-perros-y-gatos-seran-distribuidas-en-zonas-afectadas-por-el-sismo/",
          "fecha_publicacion": "2026-08-12"
        },
        "fecha_verificacion": "2026-08-13",
        "precision_ubicacion": "exacta",
        "nota_ubicacion": null,
        "capacidad": null,
        "ocupacion": null,
        "admite_mascotas": null,
        "servicios": [],
        "requisitos_ingreso": null,
        "es_alerta": false
      }
    },
    {
      "type": "Feature",
      "geometry": {
        "type": "Point",
        "coordinates": [
          -75.4819544,
          5.0510856
        ]
      },
      "properties": {
        "id": "manizales-centro-de-acopio-cruz-roja-colombiana-seccional-caldas",
        "nombre": "Centro de acopio Cruz Roja Colombiana Seccional Caldas",
        "tipo": "acopio",
        "rol": "punto_donacion",
        "municipio": "Manizales",
        "departamento": "Caldas",
        "direccion": "Avenida Kevin Ángel, carrera 21 # 69-350",
        "geocode_query": "Avenida Kevin Ángel, carrera 21 # 69-350, Manizales, Caldas, Colombia",
        "horario": "Abierto desde el 11 de agosto (horario específico no publicado; llamar antes)",
        "telefono": null,
        "responsable": "Cruz Roja Colombiana Seccional Caldas",
        "verificado": false,
        "nivel_verificacion": "prensa",
        "vigente": true,
        "alerta": null,
        "necesidades": {
          "panales_formula": "necesita",
          "linternas_pilas": "necesita",
          "insumos_veterinarios": "necesita",
          "guacales_correas": "necesita",
          "otros": "necesita",
          "alimentos_no_perecederos": "urgente",
          "aseo_personal": "urgente",
          "colchonetas_cobijas": "urgente",
          "alimento_mascotas": "urgente"
        },
        "no_recibe": [
          "Productos usados, abiertos o en mal estado",
          "Alimentos con vencimiento menor a 3 meses"
        ],
        "sangre": null,
        "notas": "EXIGE que todo esté nuevo, sellado y en perfecto estado, con vencimiento superior a 3 meses. Recibe: atún, salchichas enlatadas, panela, fríjol, arroz, leche en polvo, pasta, sal, harina, azúcar, café, chocolate y aceite; cepillos, crema dental, jabón, desodorante, toallas higiénicas, papel higiénico y pañales; sábanas, mantas, hamacas, ollas, sartenes, bolsas de basura, vajillas, ventiladores, linternas y colchonetas; y para mascotas concentrado, camas, cobijas, correas, comederos, medicamentos y juguetes.",
        "fuente": {
          "nombre": "La Patria",
          "url": "https://www.lapatria.com/manizales/ayudas-para-damnificados-en-manizales-por-el-terremoto-que-donar-y-donde-llevarlo",
          "fecha_publicacion": "2026-08-11"
        },
        "fecha_verificacion": "2026-08-13",
        "precision_ubicacion": "exacta",
        "nota_ubicacion": null,
        "capacidad": null,
        "ocupacion": null,
        "admite_mascotas": null,
        "servicios": [],
        "requisitos_ingreso": null,
        "es_alerta": false
      }
    },
    {
      "type": "Feature",
      "geometry": {
        "type": "Point",
        "coordinates": [
          -75.4914175,
          5.0587763
        ]
      },
      "properties": {
        "id": "manizales-centro-de-acopio-universidad-de-caldas",
        "nombre": "Centro de acopio Universidad de Caldas",
        "tipo": "acopio",
        "rol": "ambos",
        "municipio": "Manizales",
        "departamento": "Caldas",
        "direccion": "Coliseo de la Universidad de Caldas, carrera 27, zona del Velódromo, detrás de la Normal Superior de Caldas, sector Estadio Palogrande",
        "geocode_query": "Coliseo Universidad de Caldas, carrera 27, Manizales, Caldas, Colombia",
        "horario": null,
        "telefono": null,
        "responsable": "Universidad de Caldas",
        "verificado": false,
        "nivel_verificacion": "prensa",
        "vigente": true,
        "alerta": null,
        "necesidades": {
          "ropa_calzado": "necesita",
          "alimento_mascotas": "necesita",
          "insumos_veterinarios": "necesita",
          "aseo_personal": "urgente",
          "alimentos_no_perecederos": "urgente",
          "panales_formula": "urgente",
          "agua": "urgente"
        },
        "no_recibe": [],
        "sangre": null,
        "notas": "Además del acopio funciona como punto de servicios: primeros auxilios y rescate/traslado de mascotas, atención médica presencial y virtual, salud mental y primeros auxilios psicológicos, y asesoría jurídica sobre pólizas de vivienda. A diferencia de los coliseos municipales, SÍ recibe ropa en buen estado y pañales de adulto e infantiles.",
        "fuente": {
          "nombre": "La Patria",
          "url": "https://www.lapatria.com/manizales/universidad-de-caldas-habilita-centro-de-acopio-en-manizales-para-damnificados-del-sismo",
          "fecha_publicacion": "2026-08-11"
        },
        "fecha_verificacion": "2026-08-13",
        "precision_ubicacion": "exacta",
        "nota_ubicacion": null,
        "capacidad": null,
        "ocupacion": null,
        "admite_mascotas": null,
        "servicios": [],
        "requisitos_ingreso": null,
        "es_alerta": false
      }
    },
    {
      "type": "Feature",
      "geometry": {
        "type": "Point",
        "coordinates": [
          -75.50096,
          5.0602104
        ]
      },
      "properties": {
        "id": "manizales-banco-de-alimentos-de-manizales",
        "nombre": "Banco de Alimentos de Manizales",
        "tipo": "acopio",
        "rol": "punto_donacion",
        "municipio": "Manizales",
        "departamento": "Caldas",
        "direccion": "Calle 49 # 27A-85",
        "geocode_query": "Calle 49 # 27A-85, Manizales, Caldas, Colombia",
        "horario": null,
        "telefono": null,
        "responsable": "Banco de Alimentos de Manizales (red ABACO)",
        "verificado": false,
        "nivel_verificacion": "prensa",
        "vigente": "desconocido",
        "alerta": null,
        "necesidades": {
          "agua": "necesita",
          "aseo_personal": "necesita",
          "alimentos_no_perecederos": "urgente"
        },
        "no_recibe": [
          "Medicamentos",
          "Ropa",
          "Productos vencidos o perecederos"
        ],
        "sangre": null,
        "notas": "Parte del corredor humanitario de ABACO. WhatsApp nacional de ABACO para donaciones en especie: 313 245 7978.",
        "fuente": {
          "nombre": "El Tiempo",
          "url": "https://www.eltiempo.com/datos/este-es-el-mapa-completo-de-los-centros-de-acopio-habilitados-en-colombia-para-ayudar-a-los-damnificados-del-terremoto-de-magnitud-7-3577654",
          "fecha_publicacion": "2026-08-11"
        },
        "fecha_verificacion": "2026-08-13",
        "precision_ubicacion": "exacta",
        "nota_ubicacion": null,
        "capacidad": null,
        "ocupacion": null,
        "admite_mascotas": null,
        "servicios": [],
        "requisitos_ingreso": null,
        "es_alerta": false
      }
    },
    {
      "type": "Feature",
      "geometry": {
        "type": "Point",
        "coordinates": [
          -75.4897585,
          5.0582543
        ]
      },
      "properties": {
        "id": "manizales-punto-de-donacion-de-sangre-cancha-auxiliar-palogrande",
        "nombre": "Punto de donación de sangre Cancha Auxiliar Palogrande",
        "tipo": "sangre",
        "rol": "punto_donacion",
        "municipio": "Manizales",
        "departamento": "Caldas",
        "direccion": "Canchas auxiliares contiguas a la estación de Bomberos Palogrande, Unidad Deportiva Palogrande",
        "geocode_query": "Estación de Bomberos Palogrande, Manizales, Caldas, Colombia",
        "horario": "Instalado el 10 de agosto desde las 12:30 p.m. Sin horario permanente publicado: LLAMAR ANTES.",
        "telefono": "310 456 0822",
        "responsable": "Cruz Roja Colombiana Seccional Caldas, con el Hemocentro del Café",
        "verificado": true,
        "nivel_verificacion": "institucional",
        "vigente": "desconocido",
        "alerta": "No hay confirmación posterior al 12 de agosto de que siga instalado. Llamar al 310 456 0822 antes de ir.",
        "necesidades": {
          "otros": "urgente"
        },
        "no_recibe": [],
        "sangre": {
          "tipos_prioritarios": [
            "O-",
            "O+"
          ],
          "tipos_aceptados": [
            "Todos los grupos sanguíneos"
          ],
          "requisitos": "18 a 65 años, buen estado de salud, pareja estable mínimo 6 meses, documento de identidad original",
          "espera_estimada": "2 a 2,5 horas por alta afluencia (reporte del 11 de agosto)"
        },
        "notas": "La Cruz Roja pide comunicarse con el punto antes de desplazarse para confirmar condiciones y horario.",
        "fuente": {
          "nombre": "Cruz Roja Colombiana",
          "url": "https://www.cruzrojacolombiana.org/cruz-roja-colombiana-despliega-capacidades-para-dar-respuesta-tras-las-afectaciones-por-sismo-en-colombia/",
          "fecha_publicacion": "2026-08-10"
        },
        "fecha_verificacion": "2026-08-13",
        "precision_ubicacion": "exacta",
        "nota_ubicacion": null,
        "capacidad": null,
        "ocupacion": null,
        "admite_mascotas": null,
        "servicios": [],
        "requisitos_ingreso": null,
        "es_alerta": false
      }
    },
    {
      "type": "Feature",
      "geometry": {
        "type": "Point",
        "coordinates": [
          -75.4826682,
          5.0515805
        ]
      },
      "properties": {
        "id": "manizales-hemocentro-del-cafe",
        "nombre": "Hemocentro del Café",
        "tipo": "sangre",
        "rol": "punto_donacion",
        "municipio": "Manizales",
        "departamento": "Caldas",
        "direccion": "Carrera 21 # 70-06",
        "geocode_query": "Carrera 21 # 70-06, Manizales, Caldas, Colombia",
        "horario": "Recibiendo donantes desde el 10 de agosto; horario permanente no publicado",
        "telefono": null,
        "responsable": "Hemocentro del Café",
        "verificado": false,
        "nivel_verificacion": "prensa",
        "vigente": "desconocido",
        "alerta": null,
        "necesidades": {
          "otros": "urgente"
        },
        "no_recibe": [],
        "sangre": {
          "tipos_prioritarios": [
            "O-",
            "O+"
          ],
          "tipos_aceptados": [
            "Todos los grupos sanguíneos"
          ],
          "requisitos": "18 a 65 años, más de 50 kg, documento de identidad, buen estado de salud, sin tatuajes, piercings ni maquillaje permanente en los últimos 6 meses",
          "espera_estimada": null
        },
        "notas": "Banco de sangre de referencia del Eje Cafetero. La dirección proviene de prensa y no está confirmada institucionalmente.",
        "fuente": {
          "nombre": "El Tiempo",
          "url": "https://www.eltiempo.com/datos/este-es-el-mapa-completo-de-los-centros-de-acopio-habilitados-en-colombia-para-ayudar-a-los-damnificados-del-terremoto-de-magnitud-7-3577654",
          "fecha_publicacion": "2026-08-11"
        },
        "fecha_verificacion": "2026-08-13",
        "precision_ubicacion": "exacta",
        "nota_ubicacion": null,
        "capacidad": null,
        "ocupacion": null,
        "admite_mascotas": null,
        "servicios": [],
        "requisitos_ingreso": null,
        "es_alerta": false
      }
    },
    {
      "type": "Feature",
      "geometry": {
        "type": "Point",
        "coordinates": [
          -75.5049698,
          5.045801
        ]
      },
      "properties": {
        "id": "manizales-albergue-temporal-sic-de-aranjuez",
        "nombre": "Albergue temporal SIC de Aranjuez",
        "tipo": "albergue",
        "rol": "recibe_damnificados",
        "municipio": "Manizales",
        "departamento": "Caldas",
        "direccion": null,
        "geocode_query": "Albergue temporal SIC de Aranjuez, Manizales, Caldas, Colombia",
        "horario": null,
        "telefono": "119",
        "responsable": "Alcaldía de Manizales",
        "verificado": false,
        "nivel_verificacion": "prensa",
        "vigente": "desconocido",
        "alerta": "Sin dirección publicada. Confirmar con la Alcaldía antes de remitir a alguien aquí.",
        "necesidades": {},
        "no_recibe": [],
        "sangre": null,
        "notas": "Mencionado como el tercer albergue de Manizales junto a los coliseos Mayor y Menor. No hay dirección, capacidad ni necesidades publicadas, y no aparece en los comunicados oficiales revisados.",
        "fuente": {
          "nombre": "Revista Cambio",
          "url": "https://cambiocolombia.com/pais/articulo/2026/8/donde-y-que-puede-donar-para-ayudar-a-los-damnificados-estos-son-los-centros-de-acopio-en-las-ciudades-principales-de-colombia",
          "fecha_publicacion": "2026-08-10"
        },
        "fecha_verificacion": "2026-08-13",
        "precision_ubicacion": "aproximada",
        "nota_ubicacion": "Ubicación a nivel de barrio o sector: el punto exacto no está publicado. Afinar a mano si es posible.",
        "capacidad": null,
        "ocupacion": null,
        "admite_mascotas": null,
        "servicios": [],
        "requisitos_ingreso": "No publicado. Confirmar con la Alcaldía antes de remitir a alguien.",
        "es_alerta": false
      }
    },
    {
      "type": "Feature",
      "geometry": {
        "type": "Point",
        "coordinates": [
          -75.5119333,
          5.0453576
        ]
      },
      "properties": {
        "id": "villamaria-punto-de-acopio-del-concejo-municipal-de-villamaria",
        "nombre": "Punto de acopio del Concejo Municipal de Villamaría",
        "tipo": "acopio",
        "rol": "ambos",
        "municipio": "Villamaría",
        "departamento": "Caldas",
        "direccion": "Sede del Concejo Municipal de Villamaría",
        "geocode_query": "Sede del Concejo Municipal de Villamaría, Villamaría, Caldas, Colombia",
        "horario": "Lunes a viernes, 8:00 a.m. - 12:00 m. y 2:00 p.m. - 5:30 p.m.",
        "telefono": "606 893 2810",
        "responsable": "Alcaldía de Villamaría",
        "verificado": true,
        "nivel_verificacion": "institucional",
        "vigente": true,
        "alerta": null,
        "necesidades": {
          "alimentos_no_perecederos": "urgente",
          "aseo_personal": "urgente"
        },
        "no_recibe": [],
        "sangre": null,
        "notas": "La Alcaldía también habilitó donaciones económicas en la cuenta de ahorros Davivienda 085200076066.",
        "fuente": {
          "nombre": "Alcaldía de Villamaría",
          "url": "https://www.villamaria-caldas.gov.co/",
          "fecha_publicacion": null
        },
        "fecha_verificacion": "2026-08-13",
        "precision_ubicacion": "exacta",
        "nota_ubicacion": null,
        "capacidad": null,
        "ocupacion": null,
        "admite_mascotas": null,
        "servicios": [],
        "requisitos_ingreso": null,
        "es_alerta": false
      }
    },
    {
      "type": "Feature",
      "geometry": {
        "type": "Point",
        "coordinates": [
          -75.4954319,
          5.0398694
        ]
      },
      "properties": {
        "id": "villamaria-punto-de-recepcion-de-materiales-de-construccion-antiguas-b",
        "nombre": "Punto de recepción de materiales de construcción - antiguas bodegas VARTA",
        "tipo": "acopio",
        "rol": "punto_donacion",
        "municipio": "Villamaría",
        "departamento": "Caldas",
        "direccion": "Antiguas bodegas VARTA, Villamaría",
        "geocode_query": "Antiguas bodegas VARTA, Villamaría, Villamaría, Caldas, Colombia",
        "horario": null,
        "telefono": "606 893 2810",
        "responsable": "Alcaldía de Villamaría",
        "verificado": true,
        "nivel_verificacion": "institucional",
        "vigente": true,
        "alerta": null,
        "necesidades": {
          "herramientas": "necesita",
          "otros": "urgente"
        },
        "no_recibe": [
          "Alimentos",
          "Ropa",
          "Cualquier ayuda que no sea material de construcción"
        ],
        "sangre": null,
        "notas": "EXCLUSIVAMENTE materiales de construcción. Contactar a la Administración Municipal antes de trasladar cargas grandes.",
        "fuente": {
          "nombre": "Alcaldía de Villamaría",
          "url": "https://www.villamaria-caldas.gov.co/",
          "fecha_publicacion": null
        },
        "fecha_verificacion": "2026-08-13",
        "precision_ubicacion": "exacta",
        "nota_ubicacion": null,
        "capacidad": null,
        "ocupacion": null,
        "admite_mascotas": null,
        "servicios": [],
        "requisitos_ingreso": null,
        "es_alerta": false
      }
    },
    {
      "type": "Feature",
      "geometry": {
        "type": "Point",
        "coordinates": [
          -75.5166158,
          5.0468818
        ]
      },
      "properties": {
        "id": "villamaria-albergue-del-coliseo-de-villamaria",
        "nombre": "Albergue del coliseo de Villamaría",
        "tipo": "albergue",
        "rol": "recibe_damnificados",
        "municipio": "Villamaría",
        "departamento": "Caldas",
        "direccion": null,
        "geocode_query": "Coliseo municipal de Villamaría, Caldas, Colombia",
        "horario": null,
        "telefono": "606 893 2810",
        "responsable": "Alcaldía de Villamaría",
        "verificado": true,
        "nivel_verificacion": "institucional",
        "vigente": true,
        "alerta": "Confirmar por teléfono antes de acudir: 606 893 2810.",
        "necesidades": {},
        "no_recibe": [],
        "sangre": null,
        "notas": "La Alcaldía anunció un albergue de emergencia en el coliseo municipal. Las instrucciones de acceso se publican por código QR en el portal municipal, por lo que no hay dirección ni horario en texto.",
        "fuente": {
          "nombre": "Alcaldía de Villamaría",
          "url": "https://www.villamaria-caldas.gov.co/",
          "fecha_publicacion": null
        },
        "fecha_verificacion": "2026-08-13",
        "precision_ubicacion": "exacta",
        "nota_ubicacion": null,
        "capacidad": null,
        "ocupacion": "140 familias evacuadas en el municipio (100 urbanas y 40 rurales). No se publica cuántas están dentro del coliseo.",
        "admite_mascotas": null,
        "servicios": [],
        "requisitos_ingreso": "No publicado.",
        "es_alerta": false
      }
    },
    {
      "type": "Feature",
      "geometry": {
        "type": "Point",
        "coordinates": [
          -75.6226506,
          5.0203763
        ]
      },
      "properties": {
        "id": "palestina-centro-de-acopio-de-la-cabecera-municipal-de-palestina",
        "nombre": "Centro de acopio de la cabecera municipal de Palestina",
        "tipo": "acopio",
        "rol": "ambos",
        "municipio": "Palestina",
        "departamento": "Caldas",
        "direccion": "Cabecera municipal de Palestina (dirección exacta no publicada)",
        "geocode_query": "Cabecera municipal de Palestina (dirección exacta no publicada), Palestina, Caldas, Colombia",
        "horario": null,
        "telefono": null,
        "responsable": "Alcaldía de Palestina, con voluntarios de la filial del Once Caldas",
        "verificado": false,
        "nivel_verificacion": "prensa",
        "vigente": true,
        "alerta": null,
        "necesidades": {
          "ropa_calzado": "necesita",
          "otros": "necesita",
          "alimentos_no_perecederos": "urgente",
          "colchonetas_cobijas": "urgente",
          "alimento_mascotas": "urgente"
        },
        "no_recibe": [],
        "sangre": null,
        "notas": "El sismo afectó 165 viviendas en el municipio. Unos 20 jóvenes voluntarios apoyan traslados y recolección. El teléfono es del coordinador de voluntarios.",
        "fuente": {
          "nombre": "La Patria",
          "url": "https://www.lapatria.com/caldas/jovenes-de-este-municipio-metropolitano-de-caldas-se-unen-para-ayudar-las-familias-afectadas",
          "fecha_publicacion": "2026-08-12"
        },
        "fecha_verificacion": "2026-08-13",
        "precision_ubicacion": "exacta",
        "nota_ubicacion": null,
        "capacidad": null,
        "ocupacion": null,
        "admite_mascotas": null,
        "servicios": [],
        "requisitos_ingreso": null,
        "es_alerta": false
      }
    },
    {
      "type": "Feature",
      "geometry": {
        "type": "Point",
        "coordinates": [
          -75.7024436,
          5.1116566
        ]
      },
      "properties": {
        "id": "palestina-centro-de-acopio-de-la-corregiduria-de-arauca",
        "nombre": "Centro de acopio de la Corregiduría de Arauca",
        "tipo": "acopio",
        "rol": "ambos",
        "municipio": "Palestina",
        "departamento": "Caldas",
        "direccion": "Corregiduría de Arauca, corregimiento de Arauca",
        "geocode_query": "Corregiduría de Arauca, corregimiento de Arauca, Palestina, Caldas, Colombia",
        "horario": null,
        "telefono": null,
        "responsable": "Alcaldía de Palestina, con voluntarios de la filial del Once Caldas",
        "verificado": false,
        "nivel_verificacion": "prensa",
        "vigente": true,
        "alerta": null,
        "necesidades": {
          "ropa_calzado": "necesita",
          "otros": "necesita",
          "alimentos_no_perecederos": "urgente",
          "colchonetas_cobijas": "urgente",
          "alimento_mascotas": "urgente"
        },
        "no_recibe": [],
        "sangre": null,
        "notas": null,
        "fuente": {
          "nombre": "La Patria",
          "url": "https://www.lapatria.com/caldas/jovenes-de-este-municipio-metropolitano-de-caldas-se-unen-para-ayudar-las-familias-afectadas",
          "fecha_publicacion": "2026-08-12"
        },
        "fecha_verificacion": "2026-08-13",
        "precision_ubicacion": "exacta",
        "nota_ubicacion": null,
        "capacidad": null,
        "ocupacion": null,
        "admite_mascotas": null,
        "servicios": [],
        "requisitos_ingreso": null,
        "es_alerta": false
      }
    },
    {
      "type": "Feature",
      "geometry": {
        "type": "Point",
        "coordinates": [
          -75.7235638,
          4.8056354
        ]
      },
      "properties": {
        "id": "pereira-cafe-consota",
        "nombre": "Café Consota",
        "tipo": "acopio",
        "rol": "ambos",
        "municipio": "Pereira",
        "departamento": "Risaralda",
        "direccion": "Manzanas 7 y 8, Villa Consota, sector Cuba",
        "geocode_query": "Villa Consota, Cuba, Pereira, Risaralda, Colombia",
        "horario": null,
        "telefono": null,
        "responsable": "Alcaldía de Pereira",
        "verificado": false,
        "nivel_verificacion": "prensa",
        "vigente": true,
        "alerta": null,
        "necesidades": {
          "alimento_mascotas": "necesita",
          "otros": "necesita",
          "ropa_calzado": "urgente",
          "aseo_personal": "urgente",
          "colchonetas_cobijas": "urgente"
        },
        "no_recibe": [],
        "sangre": null,
        "notas": "Uno de los 7 CAFE (Centros de Atención Familiar y Empresarial) que la Alcaldía de Pereira habilitó como centros de acopio. Reciben ropa de niño y adulto en perfecto estado, recipientes desechables para alimentos, elementos de aseo, cobijas, colchonetas y alimento para mascotas. Ninguna fuente institucional ni de prensa mayor publicó horario ni teléfono: confirmar antes de ir.",
        "fuente": {
          "nombre": "El Tiempo",
          "url": "https://www.eltiempo.com/colombia/otras-ciudades/como-ayudar-tras-terremoto-de-7-4-en-colombia-estos-son-los-centros-de-acopio-bancos-de-sangre-y-alimentos-canales-oficiales-y-puntos-de-donacion-3577631",
          "fecha_publicacion": "2026-08-11"
        },
        "fecha_verificacion": "2026-08-13",
        "precision_ubicacion": "aproximada",
        "nota_ubicacion": "Ubicación a nivel de barrio o sector: el punto exacto no está publicado. Afinar a mano si es posible.",
        "capacidad": null,
        "ocupacion": null,
        "admite_mascotas": null,
        "servicios": [],
        "requisitos_ingreso": null,
        "es_alerta": false
      }
    },
    {
      "type": "Feature",
      "geometry": {
        "type": "Point",
        "coordinates": [
          -75.7188198,
          4.8033461
        ]
      },
      "properties": {
        "id": "pereira-cafe-perla-del-otun",
        "nombre": "Café Perla del Otún",
        "tipo": "acopio",
        "rol": "ambos",
        "municipio": "Pereira",
        "departamento": "Risaralda",
        "direccion": "Diagonal a la iglesia del sector 2.500 Lotes",
        "geocode_query": "Barrio 2500 Lotes, Pereira, Risaralda, Colombia",
        "horario": null,
        "telefono": null,
        "responsable": "Alcaldía de Pereira",
        "verificado": false,
        "nivel_verificacion": "prensa",
        "vigente": true,
        "alerta": null,
        "necesidades": {
          "alimento_mascotas": "necesita",
          "otros": "necesita",
          "ropa_calzado": "urgente",
          "aseo_personal": "urgente",
          "colchonetas_cobijas": "urgente"
        },
        "no_recibe": [],
        "sangre": null,
        "notas": "Uno de los 7 CAFE (Centros de Atención Familiar y Empresarial) que la Alcaldía de Pereira habilitó como centros de acopio. Reciben ropa de niño y adulto en perfecto estado, recipientes desechables para alimentos, elementos de aseo, cobijas, colchonetas y alimento para mascotas. Ninguna fuente institucional ni de prensa mayor publicó horario ni teléfono: confirmar antes de ir.",
        "fuente": {
          "nombre": "El Tiempo",
          "url": "https://www.eltiempo.com/colombia/otras-ciudades/como-ayudar-tras-terremoto-de-7-4-en-colombia-estos-son-los-centros-de-acopio-bancos-de-sangre-y-alimentos-canales-oficiales-y-puntos-de-donacion-3577631",
          "fecha_publicacion": "2026-08-11"
        },
        "fecha_verificacion": "2026-08-13",
        "precision_ubicacion": "aproximada",
        "nota_ubicacion": "Ubicación a nivel de barrio o sector: el punto exacto no está publicado. Afinar a mano si es posible.",
        "capacidad": null,
        "ocupacion": null,
        "admite_mascotas": null,
        "servicios": [],
        "requisitos_ingreso": null,
        "es_alerta": false
      }
    },
    {
      "type": "Feature",
      "geometry": {
        "type": "Point",
        "coordinates": [
          -75.6732744,
          4.7884238
        ]
      },
      "properties": {
        "id": "pereira-cafe-el-remanso",
        "nombre": "Café El Remanso",
        "tipo": "acopio",
        "rol": "ambos",
        "municipio": "Pereira",
        "departamento": "Risaralda",
        "direccion": "Avenida principal del barrio El Remanso, al lado del centro de salud",
        "geocode_query": "Barrio El Remanso, Pereira, Risaralda, Colombia",
        "horario": null,
        "telefono": null,
        "responsable": "Alcaldía de Pereira",
        "verificado": false,
        "nivel_verificacion": "prensa",
        "vigente": true,
        "alerta": null,
        "necesidades": {
          "alimento_mascotas": "necesita",
          "otros": "necesita",
          "ropa_calzado": "urgente",
          "aseo_personal": "urgente",
          "colchonetas_cobijas": "urgente"
        },
        "no_recibe": [],
        "sangre": null,
        "notas": "Uno de los 7 CAFE (Centros de Atención Familiar y Empresarial) que la Alcaldía de Pereira habilitó como centros de acopio. Reciben ropa de niño y adulto en perfecto estado, recipientes desechables para alimentos, elementos de aseo, cobijas, colchonetas y alimento para mascotas. Ninguna fuente institucional ni de prensa mayor publicó horario ni teléfono: confirmar antes de ir.",
        "fuente": {
          "nombre": "El Tiempo",
          "url": "https://www.eltiempo.com/colombia/otras-ciudades/como-ayudar-tras-terremoto-de-7-4-en-colombia-estos-son-los-centros-de-acopio-bancos-de-sangre-y-alimentos-canales-oficiales-y-puntos-de-donacion-3577631",
          "fecha_publicacion": "2026-08-11"
        },
        "fecha_verificacion": "2026-08-13",
        "precision_ubicacion": "exacta",
        "nota_ubicacion": null,
        "capacidad": null,
        "ocupacion": null,
        "admite_mascotas": null,
        "servicios": [],
        "requisitos_ingreso": null,
        "es_alerta": false
      }
    },
    {
      "type": "Feature",
      "geometry": {
        "type": "Point",
        "coordinates": [
          -75.6721199,
          4.8083516
        ]
      },
      "properties": {
        "id": "pereira-cafe-kennedy",
        "nombre": "Café Kennedy",
        "tipo": "acopio",
        "rol": "ambos",
        "municipio": "Pereira",
        "departamento": "Risaralda",
        "direccion": "Parque principal del barrio Kennedy, al lado de la cancha",
        "geocode_query": "Parque principal barrio Kennedy, Pereira, Risaralda, Colombia",
        "horario": null,
        "telefono": null,
        "responsable": "Alcaldía de Pereira",
        "verificado": false,
        "nivel_verificacion": "prensa",
        "vigente": true,
        "alerta": null,
        "necesidades": {
          "alimento_mascotas": "necesita",
          "otros": "necesita",
          "ropa_calzado": "urgente",
          "aseo_personal": "urgente",
          "colchonetas_cobijas": "urgente"
        },
        "no_recibe": [],
        "sangre": null,
        "notas": "Uno de los 7 CAFE (Centros de Atención Familiar y Empresarial) que la Alcaldía de Pereira habilitó como centros de acopio. Reciben ropa de niño y adulto en perfecto estado, recipientes desechables para alimentos, elementos de aseo, cobijas, colchonetas y alimento para mascotas. Ninguna fuente institucional ni de prensa mayor publicó horario ni teléfono: confirmar antes de ir.",
        "fuente": {
          "nombre": "El Tiempo",
          "url": "https://www.eltiempo.com/colombia/otras-ciudades/como-ayudar-tras-terremoto-de-7-4-en-colombia-estos-son-los-centros-de-acopio-bancos-de-sangre-y-alimentos-canales-oficiales-y-puntos-de-donacion-3577631",
          "fecha_publicacion": "2026-08-11"
        },
        "fecha_verificacion": "2026-08-13",
        "precision_ubicacion": "exacta",
        "nota_ubicacion": null,
        "capacidad": null,
        "ocupacion": null,
        "admite_mascotas": null,
        "servicios": [],
        "requisitos_ingreso": null,
        "es_alerta": false
      }
    },
    {
      "type": "Feature",
      "geometry": {
        "type": "Point",
        "coordinates": [
          -75.7151412,
          4.8164322
        ]
      },
      "properties": {
        "id": "pereira-cafe-ormaza",
        "nombre": "Café Ormazá",
        "tipo": "acopio",
        "rol": "ambos",
        "municipio": "Pereira",
        "departamento": "Risaralda",
        "direccion": "Calle 3 bis # 5-38, avenida del Río",
        "geocode_query": "Calle 3 bis # 5-38, avenida del Río, Pereira, Risaralda, Colombia",
        "horario": null,
        "telefono": null,
        "responsable": "Alcaldía de Pereira",
        "verificado": false,
        "nivel_verificacion": "prensa",
        "vigente": true,
        "alerta": null,
        "necesidades": {
          "alimento_mascotas": "necesita",
          "otros": "necesita",
          "ropa_calzado": "urgente",
          "aseo_personal": "urgente",
          "colchonetas_cobijas": "urgente"
        },
        "no_recibe": [],
        "sangre": null,
        "notas": "Uno de los 7 CAFE (Centros de Atención Familiar y Empresarial) que la Alcaldía de Pereira habilitó como centros de acopio. Reciben ropa de niño y adulto en perfecto estado, recipientes desechables para alimentos, elementos de aseo, cobijas, colchonetas y alimento para mascotas. Ninguna fuente institucional ni de prensa mayor publicó horario ni teléfono: confirmar antes de ir.",
        "fuente": {
          "nombre": "El Tiempo",
          "url": "https://www.eltiempo.com/colombia/otras-ciudades/como-ayudar-tras-terremoto-de-7-4-en-colombia-estos-son-los-centros-de-acopio-bancos-de-sangre-y-alimentos-canales-oficiales-y-puntos-de-donacion-3577631",
          "fecha_publicacion": "2026-08-11"
        },
        "fecha_verificacion": "2026-08-13",
        "precision_ubicacion": "aproximada",
        "nota_ubicacion": "Ubicación a nivel de barrio o sector: el punto exacto no está publicado. Afinar a mano si es posible.",
        "capacidad": null,
        "ocupacion": null,
        "admite_mascotas": null,
        "servicios": [],
        "requisitos_ingreso": null,
        "es_alerta": false
      }
    },
    {
      "type": "Feature",
      "geometry": {
        "type": "Point",
        "coordinates": [
          -75.7028701,
          4.8090286
        ]
      },
      "properties": {
        "id": "pereira-cafe-san-nicolas",
        "nombre": "Café San Nicolás",
        "tipo": "acopio",
        "rol": "ambos",
        "municipio": "Pereira",
        "departamento": "Risaralda",
        "direccion": "Carrera 14 bis # 28-38, antigua estación de Policía",
        "geocode_query": "Carrera 14 bis # 28-38, antigua estación de Policía, Pereira, Risaralda, Colombia",
        "horario": null,
        "telefono": null,
        "responsable": "Alcaldía de Pereira",
        "verificado": false,
        "nivel_verificacion": "prensa",
        "vigente": true,
        "alerta": null,
        "necesidades": {
          "alimento_mascotas": "necesita",
          "otros": "necesita",
          "ropa_calzado": "urgente",
          "aseo_personal": "urgente",
          "colchonetas_cobijas": "urgente"
        },
        "no_recibe": [],
        "sangre": null,
        "notas": "Uno de los 7 CAFE (Centros de Atención Familiar y Empresarial) que la Alcaldía de Pereira habilitó como centros de acopio. Reciben ropa de niño y adulto en perfecto estado, recipientes desechables para alimentos, elementos de aseo, cobijas, colchonetas y alimento para mascotas. Ninguna fuente institucional ni de prensa mayor publicó horario ni teléfono: confirmar antes de ir.",
        "fuente": {
          "nombre": "El Tiempo",
          "url": "https://www.eltiempo.com/colombia/otras-ciudades/como-ayudar-tras-terremoto-de-7-4-en-colombia-estos-son-los-centros-de-acopio-bancos-de-sangre-y-alimentos-canales-oficiales-y-puntos-de-donacion-3577631",
          "fecha_publicacion": "2026-08-11"
        },
        "fecha_verificacion": "2026-08-13",
        "precision_ubicacion": "exacta",
        "nota_ubicacion": null,
        "capacidad": null,
        "ocupacion": null,
        "admite_mascotas": null,
        "servicios": [],
        "requisitos_ingreso": null,
        "es_alerta": false
      }
    },
    {
      "type": "Feature",
      "geometry": {
        "type": "Point",
        "coordinates": [
          -75.7298805,
          4.8250922
        ]
      },
      "properties": {
        "id": "pereira-cafe-comuna-del-cafe",
        "nombre": "Café Comuna del Café",
        "tipo": "acopio",
        "rol": "ambos",
        "municipio": "Pereira",
        "departamento": "Risaralda",
        "direccion": "Carrera 3 con calle 59A, sector A, Parque Industrial",
        "geocode_query": "Carrera 3 con calle 59A, sector A, Parque Industrial, Pereira, Risaralda, Colombia",
        "horario": null,
        "telefono": null,
        "responsable": "Alcaldía de Pereira",
        "verificado": false,
        "nivel_verificacion": "prensa",
        "vigente": true,
        "alerta": null,
        "necesidades": {
          "alimento_mascotas": "necesita",
          "otros": "necesita",
          "ropa_calzado": "urgente",
          "aseo_personal": "urgente",
          "colchonetas_cobijas": "urgente"
        },
        "no_recibe": [],
        "sangre": null,
        "notas": "Uno de los 7 CAFE (Centros de Atención Familiar y Empresarial) que la Alcaldía de Pereira habilitó como centros de acopio. Reciben ropa de niño y adulto en perfecto estado, recipientes desechables para alimentos, elementos de aseo, cobijas, colchonetas y alimento para mascotas. Ninguna fuente institucional ni de prensa mayor publicó horario ni teléfono: confirmar antes de ir.",
        "fuente": {
          "nombre": "El Tiempo",
          "url": "https://www.eltiempo.com/colombia/otras-ciudades/como-ayudar-tras-terremoto-de-7-4-en-colombia-estos-son-los-centros-de-acopio-bancos-de-sangre-y-alimentos-canales-oficiales-y-puntos-de-donacion-3577631",
          "fecha_publicacion": "2026-08-11"
        },
        "fecha_verificacion": "2026-08-13",
        "precision_ubicacion": "exacta",
        "nota_ubicacion": null,
        "capacidad": null,
        "ocupacion": null,
        "admite_mascotas": null,
        "servicios": [],
        "requisitos_ingreso": null,
        "es_alerta": false
      }
    },
    {
      "type": "Feature",
      "geometry": {
        "type": "Point",
        "coordinates": [
          -75.7274849,
          4.8036257
        ]
      },
      "properties": {
        "id": "pereira-centro-de-acopio-de-ayudas-humanitarias-de-la-gobernacion-de-r",
        "nombre": "Centro de acopio de ayudas humanitarias de la Gobernación de Risaralda",
        "tipo": "acopio",
        "rol": "punto_donacion",
        "municipio": "Pereira",
        "departamento": "Risaralda",
        "direccion": "Avenida de Las Américas, Calle 95, Lote 1",
        "geocode_query": "Avenida de Las Américas, Calle 95, Lote 1, Pereira, Risaralda, Colombia",
        "horario": null,
        "telefono": "606 351 5445",
        "responsable": "Gobernación de Risaralda",
        "verificado": true,
        "nivel_verificacion": "institucional",
        "vigente": true,
        "alerta": null,
        "necesidades": {
          "alimento_mascotas": "necesita",
          "insumos_veterinarios": "necesita",
          "otros": "necesita",
          "alimentos_no_perecederos": "urgente",
          "agua": "urgente",
          "colchonetas_cobijas": "urgente"
        },
        "no_recibe": [],
        "sangre": null,
        "notas": "Punto de acopio departamental. Arma paquetes nutricionales y los distribuye de inmediato a los 14 municipios afectados de Risaralda (no almacena). También recibe combustible para vehículos de emergencia y maquinaria, e insumos para atención animal. El teléfono es la línea general de la Gobernación.",
        "fuente": {
          "nombre": "Gobernación de Risaralda",
          "url": "https://www.risaralda.gov.co/publicaciones/164019/asi-avanza-la-recoleccion-de-ayudas-humanitarias-por-parte-de-la-gobernacion-de-risaralda/",
          "fecha_publicacion": "2026-08-12"
        },
        "fecha_verificacion": "2026-08-13",
        "precision_ubicacion": "aproximada",
        "nota_ubicacion": "Ubicación a nivel de barrio o sector: el punto exacto no está publicado. Afinar a mano si es posible.",
        "capacidad": null,
        "ocupacion": null,
        "admite_mascotas": null,
        "servicios": [],
        "requisitos_ingreso": null,
        "es_alerta": false
      }
    },
    {
      "type": "Feature",
      "geometry": {
        "type": "Point",
        "coordinates": [
          -75.7089893,
          4.8153655
        ]
      },
      "properties": {
        "id": "pereira-albergue-coliseo-mayor-de-pereira",
        "nombre": "Albergue Coliseo Mayor de Pereira",
        "tipo": "albergue",
        "rol": "recibe_damnificados",
        "municipio": "Pereira",
        "departamento": "Risaralda",
        "direccion": null,
        "geocode_query": "Coliseo Mayor, Pereira, Risaralda, Colombia",
        "horario": null,
        "telefono": null,
        "responsable": "Alcaldía de Pereira - Secretaría de Cultura",
        "verificado": false,
        "nivel_verificacion": "prensa",
        "vigente": true,
        "alerta": "Sin dirección exacta publicada por la Alcaldía.",
        "necesidades": {},
        "no_recibe": [],
        "sangre": null,
        "notas": "Uno de los 6 albergues oficiales de Pereira, que al 12 de agosto acogían cerca de 480 personas en total. Ofrecen colchonetas, alimentación, apoyo psicosocial y atención en salud. La Alcaldía no publicó direcciones exactas ni capacidad por sede.",
        "fuente": {
          "nombre": "El Diario (Risaralda)",
          "url": "https://www.eldiario.com.co/actualidad/emergencia-en-pereira-avanzan-labores-de-busqueda-y-rescate/",
          "fecha_publicacion": "2026-08-11"
        },
        "fecha_verificacion": "2026-08-13",
        "precision_ubicacion": "exacta",
        "nota_ubicacion": null,
        "capacidad": "Copada",
        "ocupacion": "Cerca de 400 personas sobre la duela. COPÓ SU CAPACIDAD en cuestión de horas.",
        "admite_mascotas": null,
        "servicios": [
          "alimentación",
          "atención médica",
          "atención pediátrica",
          "apoyo psicosocial",
          "colchonetas y colchones",
          "entrega de ayuda humanitaria"
        ],
        "requisitos_ingreso": "La Alcaldía hace caracterización familiar completa de cada persona alojada: daños, necesidad de alojamiento y composición del hogar.",
        "es_alerta": false
      }
    },
    {
      "type": "Feature",
      "geometry": {
        "type": "Point",
        "coordinates": [
          -75.7006683,
          4.8001216
        ]
      },
      "properties": {
        "id": "pereira-albergue-ecoparque-el-vergel",
        "nombre": "Albergue Ecoparque El Vergel",
        "tipo": "albergue",
        "rol": "recibe_damnificados",
        "municipio": "Pereira",
        "departamento": "Risaralda",
        "direccion": null,
        "geocode_query": "Ecoparque El Vergel, Pereira, Risaralda, Colombia",
        "horario": null,
        "telefono": null,
        "responsable": "Alcaldía de Pereira",
        "verificado": false,
        "nivel_verificacion": "prensa",
        "vigente": true,
        "alerta": "Sin dirección exacta publicada por la Alcaldía.",
        "necesidades": {},
        "no_recibe": [],
        "sangre": null,
        "notas": "Uno de los 6 albergues oficiales de Pereira, que al 12 de agosto acogían cerca de 480 personas en total. Ofrecen colchonetas, alimentación, apoyo psicosocial y atención en salud. La Alcaldía no publicó direcciones exactas ni capacidad por sede.",
        "fuente": {
          "nombre": "El Diario (Risaralda)",
          "url": "https://www.eldiario.com.co/actualidad/emergencia-en-pereira-avanzan-labores-de-busqueda-y-rescate/",
          "fecha_publicacion": "2026-08-11"
        },
        "fecha_verificacion": "2026-08-13",
        "precision_ubicacion": "exacta",
        "nota_ubicacion": null,
        "capacidad": null,
        "ocupacion": null,
        "admite_mascotas": null,
        "servicios": [],
        "requisitos_ingreso": null,
        "es_alerta": false
      }
    },
    {
      "type": "Feature",
      "geometry": {
        "type": "Point",
        "coordinates": [
          -75.7326062,
          4.7988585
        ]
      },
      "properties": {
        "id": "pereira-albergue-parque-el-oso",
        "nombre": "Albergue Parque El Oso",
        "tipo": "albergue",
        "rol": "recibe_damnificados",
        "municipio": "Pereira",
        "departamento": "Risaralda",
        "direccion": null,
        "geocode_query": "Parque El Oso, Pereira, Risaralda, Colombia",
        "horario": null,
        "telefono": null,
        "responsable": "Alcaldía de Pereira",
        "verificado": false,
        "nivel_verificacion": "prensa",
        "vigente": true,
        "alerta": "Sin dirección exacta publicada por la Alcaldía.",
        "necesidades": {},
        "no_recibe": [],
        "sangre": null,
        "notas": "Uno de los 6 albergues oficiales de Pereira, que al 12 de agosto acogían cerca de 480 personas en total. Ofrecen colchonetas, alimentación, apoyo psicosocial y atención en salud. La Alcaldía no publicó direcciones exactas ni capacidad por sede.",
        "fuente": {
          "nombre": "El Diario (Risaralda)",
          "url": "https://www.eldiario.com.co/actualidad/emergencia-en-pereira-avanzan-labores-de-busqueda-y-rescate/",
          "fecha_publicacion": "2026-08-11"
        },
        "fecha_verificacion": "2026-08-13",
        "precision_ubicacion": "exacta",
        "nota_ubicacion": null,
        "capacidad": null,
        "ocupacion": null,
        "admite_mascotas": null,
        "servicios": [],
        "requisitos_ingreso": null,
        "es_alerta": false
      }
    },
    {
      "type": "Feature",
      "geometry": {
        "type": "Point",
        "coordinates": [
          -75.6964031,
          4.8092321
        ]
      },
      "properties": {
        "id": "pereira-albergue-parque-olaya-herrera",
        "nombre": "Albergue Parque Olaya Herrera",
        "tipo": "albergue",
        "rol": "recibe_damnificados",
        "municipio": "Pereira",
        "departamento": "Risaralda",
        "direccion": null,
        "geocode_query": "Parque Olaya Herrera, Pereira, Risaralda, Colombia",
        "horario": null,
        "telefono": null,
        "responsable": "Alcaldía de Pereira",
        "verificado": false,
        "nivel_verificacion": "prensa",
        "vigente": true,
        "alerta": "Sin dirección exacta publicada por la Alcaldía.",
        "necesidades": {},
        "no_recibe": [],
        "sangre": null,
        "notas": "Uno de los 6 albergues oficiales de Pereira, que al 12 de agosto acogían cerca de 480 personas en total. Ofrecen colchonetas, alimentación, apoyo psicosocial y atención en salud. La Alcaldía no publicó direcciones exactas ni capacidad por sede.",
        "fuente": {
          "nombre": "El Diario (Risaralda)",
          "url": "https://www.eldiario.com.co/actualidad/emergencia-en-pereira-avanzan-labores-de-busqueda-y-rescate/",
          "fecha_publicacion": "2026-08-11"
        },
        "fecha_verificacion": "2026-08-13",
        "precision_ubicacion": "exacta",
        "nota_ubicacion": null,
        "capacidad": null,
        "ocupacion": null,
        "admite_mascotas": null,
        "servicios": [],
        "requisitos_ingreso": null,
        "es_alerta": false
      }
    },
    {
      "type": "Feature",
      "geometry": {
        "type": "Point",
        "coordinates": [
          -75.7558553,
          4.8059592
        ]
      },
      "properties": {
        "id": "pereira-albergue-plaza-de-ferias",
        "nombre": "Albergue Plaza de Ferias",
        "tipo": "albergue",
        "rol": "recibe_damnificados",
        "municipio": "Pereira",
        "departamento": "Risaralda",
        "direccion": null,
        "geocode_query": "Plaza de Ferias, Pereira, Risaralda, Colombia",
        "horario": null,
        "telefono": null,
        "responsable": "Alcaldía de Pereira",
        "verificado": false,
        "nivel_verificacion": "prensa",
        "vigente": true,
        "alerta": "Sin dirección exacta publicada por la Alcaldía.",
        "necesidades": {},
        "no_recibe": [],
        "sangre": null,
        "notas": "Uno de los 6 albergues oficiales de Pereira, que al 12 de agosto acogían cerca de 480 personas en total. Ofrecen colchonetas, alimentación, apoyo psicosocial y atención en salud. La Alcaldía no publicó direcciones exactas ni capacidad por sede.",
        "fuente": {
          "nombre": "El Diario (Risaralda)",
          "url": "https://www.eldiario.com.co/actualidad/emergencia-en-pereira-avanzan-labores-de-busqueda-y-rescate/",
          "fecha_publicacion": "2026-08-11"
        },
        "fecha_verificacion": "2026-08-13",
        "precision_ubicacion": "exacta",
        "nota_ubicacion": null,
        "capacidad": null,
        "ocupacion": null,
        "admite_mascotas": null,
        "servicios": [],
        "requisitos_ingreso": null,
        "es_alerta": false
      }
    },
    {
      "type": "Feature",
      "geometry": {
        "type": "Point",
        "coordinates": [
          -75.6704789,
          4.8073126
        ]
      },
      "properties": {
        "id": "pereira-albergue-estadio-alberto-mora-mora",
        "nombre": "Albergue Estadio Alberto Mora Mora",
        "tipo": "albergue",
        "rol": "recibe_damnificados",
        "municipio": "Pereira",
        "departamento": "Risaralda",
        "direccion": "Estadio Alberto Mora Mora, contiguo al Hospital Kennedy, barrio Kennedy",
        "geocode_query": "Estadio Alberto Mora Mora, Pereira, Risaralda, Colombia",
        "horario": "Abierto 24 horas",
        "telefono": null,
        "responsable": "Alcaldía de Pereira",
        "verificado": false,
        "nivel_verificacion": "prensa",
        "vigente": true,
        "alerta": null,
        "necesidades": {
          "colchonetas_cobijas": "necesita",
          "carpas_plasticos": "necesita",
          "alimentos_no_perecederos": "necesita",
          "agua": "necesita",
          "aseo_personal": "necesita",
          "ropa_calzado": "necesita"
        },
        "no_recibe": [],
        "sangre": null,
        "notas": "Al 12 de agosto alojaba 47 personas: 28 adultos, 14 niños y 6 adultos mayores, además de 4 perros y 1 gato. ADMITE MASCOTAS. Ofrece comida, agua, ropa, duchas y atención médica prestada por personal del hospital de Kennedy. La Alcaldía hace caracterización de familias caso por caso.",
        "fuente": {
          "nombre": "Vanguardia",
          "url": "https://www.vanguardia.com/colombia/2026/08/12/un-estadio-se-transforma-en-albergue-para-familias-damnificadas-por-el-terremoto/",
          "fecha_publicacion": "2026-08-12"
        },
        "fecha_verificacion": "2026-08-13",
        "precision_ubicacion": "exacta",
        "nota_ubicacion": null,
        "capacidad": null,
        "ocupacion": "47 personas: 28 adultos, 14 niños y 6 adultos mayores. Además 4 perros y 1 gato.",
        "admite_mascotas": true,
        "servicios": [
          "alimentación",
          "agua",
          "atención médica del Hospital Kennedy",
          "duchas",
          "colchonetas",
          "carpas"
        ],
        "requisitos_ingreso": "Sin requisitos formales: se atiende a quien llega. Funcionarios municipales han trasladado aquí a familias que dormían en parques.",
        "es_alerta": false
      }
    },
    {
      "type": "Feature",
      "geometry": {
        "type": "Point",
        "coordinates": [
          -75.698811,
          4.8180156
        ]
      },
      "properties": {
        "id": "pereira-banco-de-sangre-aleyda-mejia-gonzalez-de-angel-hospital-univer",
        "nombre": "Banco de Sangre Aleyda Mejía González de Ángel - Hospital Universitario San Jorge",
        "tipo": "sangre",
        "rol": "punto_donacion",
        "municipio": "Pereira",
        "departamento": "Risaralda",
        "direccion": "Carrera 4 # 24-88",
        "geocode_query": "Carrera 4 # 24-88, Pereira, Risaralda, Colombia",
        "horario": "El hospital no publicó horario propio del banco de sangre: llamar antes",
        "telefono": "606 316 9024",
        "responsable": "ESE Hospital Universitario San Jorge de Pereira",
        "verificado": true,
        "nivel_verificacion": "institucional",
        "vigente": true,
        "alerta": null,
        "necesidades": {
          "otros": "urgente",
          "medicamentos": "urgente"
        },
        "no_recibe": [],
        "sangre": {
          "tipos_prioritarios": [
            "Todos los tipos"
          ],
          "tipos_aceptados": [
            "Todos los grupos sanguíneos"
          ],
          "requisitos": "18 a 65 años, más de 50 kg, documento de identidad original, buen estado de salud",
          "espera_estimada": null
        },
        "notas": "La Gobernación de Risaralda reportó que el hospital requiere con urgencia oxígeno, insumos para banco de sangre y medicamentos. El hospital cerró 80 camas por daños estructurales y amplió Urgencias, que opera 24 horas. Call center: 606 351 5230.",
        "fuente": {
          "nombre": "Gobernación de Risaralda / Hospital Universitario San Jorge",
          "url": "https://www.risaralda.gov.co/publicaciones/164017/hospital-san-jorge-fortalece-atencion-en-urgencias-ante-la-emergencia-por-el-terremoto/",
          "fecha_publicacion": "2026-08-11"
        },
        "fecha_verificacion": "2026-08-13",
        "precision_ubicacion": "exacta",
        "nota_ubicacion": null,
        "capacidad": null,
        "ocupacion": null,
        "admite_mascotas": null,
        "servicios": [],
        "requisitos_ingreso": null,
        "es_alerta": false
      }
    },
    {
      "type": "Feature",
      "geometry": {
        "type": "Point",
        "coordinates": [
          -75.6928677,
          4.8223749
        ]
      },
      "properties": {
        "id": "dosquebradas-punto-alterno-del-banco-de-alimentos-de-pereira-bodega-la",
        "nombre": "Punto alterno del Banco de Alimentos de Pereira - bodega La Badea",
        "tipo": "acopio",
        "rol": "punto_donacion",
        "municipio": "Dosquebradas",
        "departamento": "Risaralda",
        "direccion": "Transversal 5 # 6-30, La Badea",
        "geocode_query": "Transversal 5 # 6-30, La Badea, Dosquebradas, Risaralda, Colombia",
        "horario": null,
        "telefono": null,
        "responsable": "Banco de Alimentos de Pereira / ABACO",
        "verificado": false,
        "nivel_verificacion": "prensa",
        "vigente": "desconocido",
        "alerta": null,
        "necesidades": {
          "aseo_personal": "necesita",
          "colchonetas_cobijas": "necesita",
          "alimentos_no_perecederos": "urgente",
          "agua": "urgente"
        },
        "no_recibe": [],
        "sangre": null,
        "notas": "Habilitado porque las bodegas del Banco de Alimentos de Pereira resultaron afectadas por el sismo.",
        "fuente": {
          "nombre": "El Tiempo",
          "url": "https://www.eltiempo.com/datos/este-es-el-mapa-completo-de-los-centros-de-acopio-habilitados-en-colombia-para-ayudar-a-los-damnificados-del-terremoto-de-magnitud-7-3577654",
          "fecha_publicacion": "2026-08-11"
        },
        "fecha_verificacion": "2026-08-13",
        "precision_ubicacion": "exacta",
        "nota_ubicacion": null,
        "capacidad": null,
        "ocupacion": null,
        "admite_mascotas": null,
        "servicios": [],
        "requisitos_ingreso": null,
        "es_alerta": false
      }
    },
    {
      "type": "Feature",
      "geometry": {
        "type": "Point",
        "coordinates": [
          -75.6712747,
          4.8338831
        ]
      },
      "properties": {
        "id": "dosquebradas-puesto-de-mando-unificado-cam-de-dosquebradas",
        "nombre": "Puesto de Mando Unificado - CAM de Dosquebradas",
        "tipo": "institucion",
        "rol": "recibe_damnificados",
        "municipio": "Dosquebradas",
        "departamento": "Risaralda",
        "direccion": "Centro Administrativo Municipal (CAM) de Dosquebradas",
        "geocode_query": "Centro Administrativo Municipal (CAM) de Dosquebradas, Dosquebradas, Risaralda, Colombia",
        "horario": "Abierto 24 horas",
        "telefono": null,
        "responsable": "Oficina de Gestión del Riesgo, Alcaldía de Dosquebradas",
        "verificado": false,
        "nivel_verificacion": "prensa",
        "vigente": true,
        "alerta": "Punto de ATENCIÓN a damnificados, no de recepción de donaciones.",
        "necesidades": {
          "colchonetas_cobijas": "necesita",
          "alimentos_no_perecederos": "necesita",
          "medicamentos": "necesita"
        },
        "no_recibe": [],
        "sangre": null,
        "notas": "NO es centro de acopio de donaciones. Es el punto de atención a familias afectadas: recepción de reportes de personas desaparecidas, censo de hogares afectados y entrega de ayudas. Se entregaron 300 frazadas y desde el 12 de agosto se reparten raciones alimentarias, medicamentos e insumos. Tiene antena Starlink.",
        "fuente": {
          "nombre": "El Diario (Risaralda)",
          "url": "https://www.eldiario.com.co/actualidad/dosquebradas-fortalece-atencion-de-la-emergencia-con-apoyo-nacional-y-departamental/",
          "fecha_publicacion": "2026-08-11"
        },
        "fecha_verificacion": "2026-08-13",
        "precision_ubicacion": "exacta",
        "nota_ubicacion": null,
        "capacidad": null,
        "ocupacion": null,
        "admite_mascotas": null,
        "servicios": [],
        "requisitos_ingreso": null,
        "es_alerta": false
      }
    },
    {
      "type": "Feature",
      "geometry": {
        "type": "Point",
        "coordinates": [
          -75.8123206,
          4.8017692
        ]
      },
      "properties": {
        "id": "pereira-urgencias-veterinarias-del-bioparque-ukumari",
        "nombre": "Urgencias veterinarias del Bioparque Ukumarí",
        "tipo": "animal",
        "rol": "recibe_damnificados",
        "municipio": "Pereira",
        "departamento": "Risaralda",
        "direccion": null,
        "geocode_query": "Bioparque Ukumarí, Pereira, Risaralda, Colombia",
        "horario": null,
        "telefono": null,
        "responsable": "Bioparque Ukumarí",
        "verificado": false,
        "nivel_verificacion": "prensa",
        "vigente": "desconocido",
        "alerta": "Sin dirección ni teléfono publicados. Confirmar antes de trasladar un animal.",
        "necesidades": {
          "insumos_veterinarios": "necesita",
          "alimento_mascotas": "necesita"
        },
        "no_recibe": [],
        "sangre": null,
        "notas": "El bioparque habilitó urgencias veterinarias para animales de compañía afectados. No publicó dirección operativa, horario ni teléfono.",
        "fuente": {
          "nombre": "El Diario (Risaralda)",
          "url": "https://www.eldiario.com.co/actualidad/emergencia-en-pereira-avanzan-labores-de-busqueda-y-rescate/",
          "fecha_publicacion": "2026-08-11"
        },
        "fecha_verificacion": "2026-08-13",
        "precision_ubicacion": "exacta",
        "nota_ubicacion": null,
        "capacidad": null,
        "ocupacion": null,
        "admite_mascotas": null,
        "servicios": [],
        "requisitos_ingreso": null,
        "es_alerta": false
      }
    },
    {
      "type": "Feature",
      "geometry": {
        "type": "Point",
        "coordinates": [
          -75.6240274,
          4.9119349
        ]
      },
      "properties": {
        "id": "santa-rosa-de-cabal-atencion-veterinaria-gobernacion-de-risaralda-unis",
        "nombre": "Atención veterinaria Gobernación de Risaralda - UNISARC",
        "tipo": "animal",
        "rol": "ambos",
        "municipio": "Santa Rosa de Cabal",
        "departamento": "Risaralda",
        "direccion": null,
        "geocode_query": "UNISARC, Santa Rosa de Cabal, Risaralda, Colombia",
        "horario": null,
        "telefono": "606 351 5445",
        "responsable": "Gobernación de Risaralda con UNISARC",
        "verificado": true,
        "nivel_verificacion": "institucional",
        "vigente": true,
        "alerta": null,
        "necesidades": {
          "alimento_mascotas": "urgente",
          "insumos_veterinarios": "urgente"
        },
        "no_recibe": [],
        "sangre": null,
        "notas": "La Gobernación gestiona atención veterinaria a través de UNISARC para cientos de animales rescatados. Los insumos para atención animal se reciben en el centro de acopio de la Avenida de Las Américas, en Pereira.",
        "fuente": {
          "nombre": "Gobernación de Risaralda",
          "url": "https://www.risaralda.gov.co/publicaciones/164019/asi-avanza-la-recoleccion-de-ayudas-humanitarias-por-parte-de-la-gobernacion-de-risaralda/",
          "fecha_publicacion": "2026-08-12"
        },
        "fecha_verificacion": "2026-08-13",
        "precision_ubicacion": "exacta",
        "nota_ubicacion": null,
        "capacidad": null,
        "ocupacion": null,
        "admite_mascotas": null,
        "servicios": [],
        "requisitos_ingreso": null,
        "es_alerta": false
      }
    },
    {
      "type": "Feature",
      "geometry": {
        "type": "Point",
        "coordinates": [
          -75.6509313,
          4.561348
        ]
      },
      "properties": {
        "id": "armenia-centro-cultural-metropolitano-de-convenciones-recepcion-de-ayu",
        "nombre": "Centro Cultural Metropolitano de Convenciones - recepción de ayudas humanitarias",
        "tipo": "acopio",
        "rol": "punto_donacion",
        "municipio": "Armenia",
        "departamento": "Quindío",
        "direccion": "Centro Cultural Metropolitano de Convenciones de Armenia",
        "geocode_query": "Centro Cultural Metropolitano de Convenciones, Armenia, Quindío, Colombia",
        "horario": "Desde el miércoles 12 de agosto, a partir de las 8:00 a.m.",
        "telefono": null,
        "responsable": "Gobierno del Quindío - gestora social departamental Victoria Eugenia Arias",
        "verificado": true,
        "nivel_verificacion": "institucional",
        "vigente": true,
        "alerta": "Dirección exacta no publicada oficialmente.",
        "necesidades": {
          "otros": "necesita",
          "alimentos_no_perecederos": "urgente",
          "colchonetas_cobijas": "urgente"
        },
        "no_recibe": [],
        "sangre": null,
        "notas": "Punto departamental. La nota oficial no publica dirección exacta ni horario. Los directorios comerciales dan dos direcciones contradictorias, por eso no se registró ninguna.",
        "fuente": {
          "nombre": "Gobierno del Quindío",
          "url": "https://www.quindio.gov.co/primera-dama-anuncia-ayudas-humanitarias-para-las-familias-afectadas-por-el-terremoto",
          "fecha_publicacion": "2026-08-11"
        },
        "fecha_verificacion": "2026-08-13",
        "precision_ubicacion": "exacta",
        "nota_ubicacion": null,
        "capacidad": null,
        "ocupacion": null,
        "admite_mascotas": null,
        "servicios": [],
        "requisitos_ingreso": null,
        "es_alerta": false
      }
    },
    {
      "type": "Feature",
      "geometry": {
        "type": "Point",
        "coordinates": [
          -75.6548507,
          4.560808
        ]
      },
      "properties": {
        "id": "armenia-banco-de-sangre-cruz-roja-colombiana-seccional-quindio",
        "nombre": "Banco de Sangre Cruz Roja Colombiana Seccional Quindío",
        "tipo": "sangre",
        "rol": "punto_donacion",
        "municipio": "Armenia",
        "departamento": "Quindío",
        "direccion": "Avenida Bolívar # 23 norte-60",
        "geocode_query": "Avenida Bolívar # 23 norte-60, Armenia, Quindío, Colombia",
        "horario": "No publicado: la Cruz Roja pide llamar antes de desplazarse",
        "telefono": "316 478 1842",
        "responsable": "Cruz Roja Colombiana Seccional Quindío",
        "verificado": true,
        "nivel_verificacion": "institucional",
        "vigente": true,
        "alerta": null,
        "necesidades": {
          "otros": "urgente"
        },
        "no_recibe": [],
        "sangre": {
          "tipos_prioritarios": [
            "No especificados por la fuente"
          ],
          "tipos_aceptados": [
            "Todos los grupos sanguíneos"
          ],
          "requisitos": "18 a 65 años, más de 50 kg, documento de identidad, buen estado de salud",
          "espera_estimada": null
        },
        "notas": "Canal Trece reporta un teléfono adicional: 300 648 1293. La Cruz Roja advierte donar solo en puntos oficiales.",
        "fuente": {
          "nombre": "Cruz Roja Colombiana",
          "url": "https://www.cruzrojacolombiana.org/cruz-roja-colombiana-despliega-capacidades-para-dar-respuesta-tras-las-afectaciones-por-sismo-en-colombia/",
          "fecha_publicacion": "2026-08-10"
        },
        "fecha_verificacion": "2026-08-13",
        "precision_ubicacion": "aproximada",
        "nota_ubicacion": "Ubicación a nivel de barrio o sector: el punto exacto no está publicado. Afinar a mano si es posible.",
        "capacidad": null,
        "ocupacion": null,
        "admite_mascotas": null,
        "servicios": [],
        "requisitos_ingreso": null,
        "es_alerta": false
      }
    },
    {
      "type": "Feature",
      "geometry": {
        "type": "Point",
        "coordinates": [
          -75.6728724,
          4.5316874
        ]
      },
      "properties": {
        "id": "armenia-banco-de-alimentos-monsenor-roberto-lopez-londono",
        "nombre": "Banco de Alimentos Monseñor Roberto López Londoño",
        "tipo": "acopio",
        "rol": "punto_donacion",
        "municipio": "Armenia",
        "departamento": "Quindío",
        "direccion": "Calle 21 # 12-25",
        "geocode_query": "Calle 21 # 12-25, Armenia, Quindío, Colombia",
        "horario": null,
        "telefono": "313 245 7978",
        "responsable": "Banco de Alimentos de Armenia (red ABACO)",
        "verificado": false,
        "nivel_verificacion": "prensa",
        "vigente": "desconocido",
        "alerta": null,
        "necesidades": {
          "agua": "necesita",
          "aseo_personal": "necesita",
          "alimentos_no_perecederos": "urgente"
        },
        "no_recibe": [
          "Medicamentos",
          "Ropa",
          "Productos vencidos o perecederos"
        ],
        "sangre": null,
        "notas": "Punto de ABACO en Armenia dentro del corredor humanitario. El teléfono es el WhatsApp nacional de ABACO para donaciones en especie.",
        "fuente": {
          "nombre": "ABACO",
          "url": "https://donahoy.abaco.org.co/colombia2026",
          "fecha_publicacion": null
        },
        "fecha_verificacion": "2026-08-13",
        "precision_ubicacion": "exacta",
        "nota_ubicacion": null,
        "capacidad": null,
        "ocupacion": null,
        "admite_mascotas": null,
        "servicios": [],
        "requisitos_ingreso": null,
        "es_alerta": false
      }
    },
    {
      "type": "Feature",
      "geometry": {
        "type": "Point",
        "coordinates": [
          -75.7604512,
          4.6228359
        ]
      },
      "properties": {
        "id": "quimbaya-albergue-temporal-de-quimbaya",
        "nombre": "Albergue temporal de Quimbaya",
        "tipo": "albergue",
        "rol": "recibe_damnificados",
        "municipio": "Quimbaya",
        "departamento": "Quindío",
        "direccion": null,
        "geocode_query": "Albergue temporal de Quimbaya, Quimbaya, Quindío, Colombia",
        "horario": null,
        "telefono": null,
        "responsable": "Alcaldía de Quimbaya",
        "verificado": false,
        "nivel_verificacion": "prensa",
        "vigente": true,
        "alerta": "Sin nombre ni dirección publicados. Confirmar con la Alcaldía de Quimbaya.",
        "necesidades": {},
        "no_recibe": [],
        "sangre": null,
        "notas": "El alcalde confirmó un albergue abierto desde el lunes 10 de agosto, con unas 50 personas alojadas y más esperadas por las demoliciones en el barrio Grisales. Balance del municipio: ~1.000 viviendas afectadas, 450 destruidas, 800 damnificados. La fuente no publica nombre ni dirección del albergue.",
        "fuente": {
          "nombre": "El Tiempo",
          "url": "https://www.eltiempo.com/justicia/investigacion/el-drama-de-familias-en-quimbaya-quindio-tras-el-terremoto-que-dejo-1-000-viviendas-afectadas-450-destruidas-y-800-damnificados-3577820",
          "fecha_publicacion": "2026-08-12"
        },
        "fecha_verificacion": "2026-08-13",
        "precision_ubicacion": "exacta",
        "nota_ubicacion": null,
        "capacidad": null,
        "ocupacion": "Unas 50 personas al inicio (10 de agosto). Se esperaba aumento con las demoliciones del barrio Grisales.",
        "admite_mascotas": null,
        "servicios": [],
        "requisitos_ingreso": "No publicado.",
        "es_alerta": false
      }
    },
    {
      "type": "Feature",
      "geometry": {
        "type": "Point",
        "coordinates": [
          -75.1832579,
          4.4271574
        ]
      },
      "properties": {
        "id": "ibague-centro-de-acopio-ibague-solidaria-parque-deportivo",
        "nombre": "Centro de acopio Ibagué Solidaria - Parque Deportivo",
        "tipo": "acopio",
        "rol": "punto_donacion",
        "municipio": "Ibagué",
        "departamento": "Tolima",
        "direccion": "Parque Deportivo de Ibagué",
        "geocode_query": "Parque Deportivo de Ibagué, Tolima, Colombia",
        "horario": "Vigente durante la semana del 10 al 16 de agosto (horario específico no publicado)",
        "telefono": null,
        "responsable": "Alcaldía de Ibagué - gestora social Isabela Buendía",
        "verificado": false,
        "nivel_verificacion": "prensa",
        "vigente": true,
        "alerta": null,
        "necesidades": {
          "herramientas": "necesita",
          "alimentos_no_perecederos": "urgente",
          "colchonetas_cobijas": "urgente",
          "aseo_personal": "urgente"
        },
        "no_recibe": [],
        "sangre": null,
        "notas": "Punto ÚNICO vigente en Ibagué tras el cierre de la jornada en centros comerciales. Consolida todas las donaciones de la ciudad. También reciben palas y picas. Ibagué opera como ciudad donante: las ayudas se despachan hacia Pereira y otras zonas afectadas.",
        "fuente": {
          "nombre": "Ecos del Combeima",
          "url": "https://www.ecosdelcombeima.com/ibague/nota-193260-ibague-habilita-el-parque-deportivo-como-centro-de-acopio-para-ayudar",
          "fecha_publicacion": "2026-08-12"
        },
        "fecha_verificacion": "2026-08-13",
        "precision_ubicacion": "exacta",
        "nota_ubicacion": null,
        "capacidad": null,
        "ocupacion": null,
        "admite_mascotas": null,
        "servicios": [],
        "requisitos_ingreso": null,
        "es_alerta": false
      }
    },
    {
      "type": "Feature",
      "geometry": {
        "type": "Point",
        "coordinates": [
          -75.2420299,
          4.4440612
        ]
      },
      "properties": {
        "id": "ibague-punto-de-recepcion-de-ayudas-gobernacion-del-tolima",
        "nombre": "Punto de recepción de ayudas - Gobernación del Tolima",
        "tipo": "acopio",
        "rol": "punto_donacion",
        "municipio": "Ibagué",
        "departamento": "Tolima",
        "direccion": "Primer piso del edificio de la Gobernación del Tolima",
        "geocode_query": "Gobernación del Tolima, Ibagué, Tolima, Colombia",
        "horario": "7:00 a.m. - 6:00 p.m., jornada continua",
        "telefono": null,
        "responsable": "Gobernación del Tolima - gestora social Diana Córdoba",
        "verificado": false,
        "nivel_verificacion": "prensa",
        "vigente": true,
        "alerta": null,
        "necesidades": {
          "aseo_personal": "necesita",
          "panales_formula": "necesita",
          "ropa_calzado": "necesita",
          "otros": "necesita",
          "alimentos_no_perecederos": "urgente",
          "agua": "urgente",
          "medicamentos": "urgente"
        },
        "no_recibe": [],
        "sangre": null,
        "notas": "Reciben además tapabocas, guantes de carnaza y suero de rehidratación oral.",
        "fuente": {
          "nombre": "Ecos del Combeima",
          "url": "https://www.ecosdelcombeima.com/tolima/nota-193262-tolima-activa-jornada-de-solidaridad-para-apoyar-familias-afectadas-por-las",
          "fecha_publicacion": "2026-08-12"
        },
        "fecha_verificacion": "2026-08-13",
        "precision_ubicacion": "exacta",
        "nota_ubicacion": null,
        "capacidad": null,
        "ocupacion": null,
        "admite_mascotas": null,
        "servicios": [],
        "requisitos_ingreso": null,
        "es_alerta": false
      }
    },
    {
      "type": "Feature",
      "geometry": {
        "type": "Point",
        "coordinates": [
          -75.2134125,
          4.4285765
        ]
      },
      "properties": {
        "id": "ibague-campana-institucional-de-donaciones-universidad-del-tolima",
        "nombre": "Campaña institucional de donaciones - Universidad del Tolima",
        "tipo": "recoleccion",
        "rol": "punto_donacion",
        "municipio": "Ibagué",
        "departamento": "Tolima",
        "direccion": "Campus de la Universidad del Tolima",
        "geocode_query": "Universidad del Tolima, Ibagué, Tolima, Colombia",
        "horario": null,
        "telefono": "324 285 3644",
        "responsable": "Universidad del Tolima",
        "verificado": false,
        "nivel_verificacion": "prensa",
        "vigente": true,
        "alerta": null,
        "necesidades": {
          "aseo_personal": "necesita",
          "panales_formula": "necesita",
          "medicamentos": "necesita",
          "ropa_calzado": "necesita",
          "linternas_pilas": "necesita",
          "agua": "urgente",
          "alimentos_no_perecederos": "urgente",
          "colchonetas_cobijas": "urgente"
        },
        "no_recibe": [
          "Alimentos perecederos o próximos a vencer",
          "Ropa dañada o sucia",
          "Medicamentos vencidos o sin empaque original",
          "Juguetes rotos"
        ],
        "sangre": null,
        "notas": "Reciben agua potable sellada, enlatados, arroz, pasta, cobijas, sacos de dormir, colchonetas, jabón, cepillos, toallas higiénicas, pañales, gasas, alcohol, suero oral, linternas, pilas y velas. La fuente no publica los puntos exactos dentro del campus.",
        "fuente": {
          "nombre": "Pulzo / El Nuevo Día",
          "url": "https://www.pulzo.com/nacion/universidad-del-tolima-campana-de-donaciones-tras-sismo-en-colombia-que-puedes-aportar-PP5271495A",
          "fecha_publicacion": "2026-08-11"
        },
        "fecha_verificacion": "2026-08-13",
        "precision_ubicacion": "exacta",
        "nota_ubicacion": null,
        "capacidad": null,
        "ocupacion": null,
        "admite_mascotas": null,
        "servicios": [],
        "requisitos_ingreso": null,
        "es_alerta": false
      }
    },
    {
      "type": "Feature",
      "geometry": {
        "type": "Point",
        "coordinates": [
          -75.2302065,
          4.4379889
        ]
      },
      "properties": {
        "id": "ibague-banco-arquidiocesano-de-alimentos-de-ibague",
        "nombre": "Banco Arquidiocesano de Alimentos de Ibagué",
        "tipo": "acopio",
        "rol": "punto_donacion",
        "municipio": "Ibagué",
        "departamento": "Tolima",
        "direccion": "Carrera 4A Estadio # 23-42",
        "geocode_query": "Carrera 4A Estadio # 23-42, Ibagué, Tolima, Colombia",
        "horario": null,
        "telefono": "608 515 1727",
        "responsable": "Banco Arquidiocesano de Alimentos de Ibagué / ABACO",
        "verificado": false,
        "nivel_verificacion": "prensa",
        "vigente": "desconocido",
        "alerta": null,
        "necesidades": {
          "agua": "necesita",
          "aseo_personal": "necesita",
          "alimentos_no_perecederos": "urgente"
        },
        "no_recibe": [
          "Medicamentos",
          "Ropa",
          "Productos vencidos o perecederos"
        ],
        "sangre": null,
        "notas": "Punto intermedio del corredor humanitario de ABACO. Celular alterno: 316 423 7289.",
        "fuente": {
          "nombre": "Asocapitales / Banco Arquidiocesano de Alimentos de Ibagué",
          "url": "https://www.asocapitales.co/actualidad/noticias/ciudades-seguras/ciudades-capitales-activan-centros-de-acopio-para-apoyar-las",
          "fecha_publicacion": "2026-08-10"
        },
        "fecha_verificacion": "2026-08-13",
        "precision_ubicacion": "exacta",
        "nota_ubicacion": null,
        "capacidad": null,
        "ocupacion": null,
        "admite_mascotas": null,
        "servicios": [],
        "requisitos_ingreso": null,
        "es_alerta": false
      }
    },
    {
      "type": "Feature",
      "geometry": {
        "type": "Point",
        "coordinates": [
          -75.2017459,
          4.43663
        ]
      },
      "properties": {
        "id": "ibague-multi-centro-comercial",
        "nombre": "MULTI Centro Comercial",
        "tipo": "recoleccion",
        "rol": "punto_donacion",
        "municipio": "Ibagué",
        "departamento": "Tolima",
        "direccion": "Primer piso, frente al supermercado METRO",
        "geocode_query": "MULTI Centro Comercial, Ibagué, Tolima, Colombia",
        "horario": null,
        "telefono": null,
        "responsable": "Administración de MULTI Centro Comercial",
        "verificado": false,
        "nivel_verificacion": "prensa",
        "vigente": true,
        "alerta": null,
        "necesidades": {
          "ropa_calzado": "necesita",
          "medicamentos": "necesita",
          "linternas_pilas": "necesita",
          "herramientas": "necesita",
          "otros": "necesita",
          "alimentos_no_perecederos": "urgente"
        },
        "no_recibe": [],
        "sangre": null,
        "notas": "Reciben alimentos no perecederos, ropa, elementos de primeros auxilios, artículos para niños, linternas, pilas y herramientas.",
        "fuente": {
          "nombre": "Ecos del Combeima",
          "url": "https://www.ecosdelcombeima.com/social/nota-193249-multi-centro-comercial-se-une-la-ayuda-para-las-familias-afectadas-por-el",
          "fecha_publicacion": "2026-08-12"
        },
        "fecha_verificacion": "2026-08-13",
        "precision_ubicacion": "exacta",
        "nota_ubicacion": null,
        "capacidad": null,
        "ocupacion": null,
        "admite_mascotas": null,
        "servicios": [],
        "requisitos_ingreso": null,
        "es_alerta": false
      }
    },
    {
      "type": "Feature",
      "geometry": {
        "type": "Point",
        "coordinates": [
          -76.6608386,
          5.6951139
        ]
      },
      "properties": {
        "id": "quibdo-punto-de-recepcion-de-donaciones-gobernacion-del-choco",
        "nombre": "Punto de recepción de donaciones - Gobernación del Chocó",
        "tipo": "acopio",
        "rol": "ambos",
        "municipio": "Quibdó",
        "departamento": "Chocó",
        "direccion": "Calle 31, edificio La Confianza",
        "geocode_query": "Calle 31, edificio La Confianza, Quibdó, Chocó, Colombia",
        "horario": null,
        "telefono": null,
        "responsable": "Gobernación del Chocó",
        "verificado": false,
        "nivel_verificacion": "prensa",
        "vigente": "desconocido",
        "alerta": null,
        "necesidades": {
          "colchonetas_cobijas": "necesita",
          "carpas_plasticos": "necesita",
          "alimento_mascotas": "necesita",
          "herramientas": "necesita",
          "otros": "necesita",
          "agua": "urgente",
          "alimentos_no_perecederos": "urgente",
          "aseo_personal": "urgente"
        },
        "no_recibe": [],
        "sangre": null,
        "notas": "Reciben kits de alimentos no perecederos, kits de hábitat, kits de aseo, kits de cocina, alimento para mascotas y materiales de construcción.",
        "fuente": {
          "nombre": "Pulzo",
          "url": "https://www.pulzo.com/nacion/como-ayudar-choco-destruccion-luego-terremoto-74-colombia-PP5272714",
          "fecha_publicacion": "2026-08-12"
        },
        "fecha_verificacion": "2026-08-13",
        "precision_ubicacion": "exacta",
        "nota_ubicacion": null,
        "capacidad": null,
        "ocupacion": null,
        "admite_mascotas": null,
        "servicios": [],
        "requisitos_ingreso": null,
        "es_alerta": false
      }
    },
    {
      "type": "Feature",
      "geometry": {
        "type": "Point",
        "coordinates": [
          -76.6573561,
          5.6901162
        ]
      },
      "properties": {
        "id": "quibdo-centro-logistico-humanitario-del-choco-antigua-bodega-postobon",
        "nombre": "Centro Logístico Humanitario del Chocó - antigua bodega Postobón",
        "tipo": "acopio",
        "rol": "punto_donacion",
        "municipio": "Quibdó",
        "departamento": "Chocó",
        "direccion": "Antigua bodega Postobón, kilómetro 4 vía Quibdó - Yuto",
        "geocode_query": "Antigua bodega Postobón, kilómetro 4 vía Quibdó - Yuto, Quibdó, Chocó, Colombia",
        "horario": null,
        "telefono": null,
        "responsable": "Gobernación del Chocó",
        "verificado": false,
        "nivel_verificacion": "prensa",
        "vigente": "desconocido",
        "alerta": null,
        "necesidades": {
          "colchonetas_cobijas": "urgente",
          "carpas_plasticos": "urgente",
          "alimento_mascotas": "necesita",
          "herramientas": "necesita",
          "otros": "necesita",
          "agua": "urgente",
          "alimentos_no_perecederos": "urgente",
          "aseo_personal": "urgente"
        },
        "no_recibe": [],
        "sangre": null,
        "notas": "Centro logístico para donaciones de GRAN VOLUMEN. Coordinar la entrega previamente.",
        "fuente": {
          "nombre": "Pulzo",
          "url": "https://www.pulzo.com/nacion/como-ayudar-choco-destruccion-luego-terremoto-74-colombia-PP5272714",
          "fecha_publicacion": "2026-08-12"
        },
        "fecha_verificacion": "2026-08-13",
        "precision_ubicacion": "exacta",
        "nota_ubicacion": null,
        "capacidad": null,
        "ocupacion": null,
        "admite_mascotas": null,
        "servicios": [],
        "requisitos_ingreso": null,
        "es_alerta": false
      }
    },
    {
      "type": "Feature",
      "geometry": {
        "type": "Point",
        "coordinates": [
          -76.6501259,
          5.6904827
        ]
      },
      "properties": {
        "id": "quibdo-coliseo-de-boxeo-de-quibdo-alojamiento-temporal",
        "nombre": "Coliseo de Boxeo de Quibdó - alojamiento temporal",
        "tipo": "albergue",
        "rol": "recibe_damnificados",
        "municipio": "Quibdó",
        "departamento": "Chocó",
        "direccion": "Calle 30 # 17, barrio Las Américas, frente al Comando de Policía",
        "geocode_query": "Calle 30 # 17, barrio Las Américas, frente al Comando de Policía, Quibdó, Chocó, Colombia",
        "horario": null,
        "telefono": null,
        "responsable": "Alcaldía de Quibdó",
        "verificado": false,
        "nivel_verificacion": "prensa",
        "vigente": true,
        "alerta": null,
        "necesidades": {
          "colchonetas_cobijas": "urgente",
          "agua": "urgente",
          "alimentos_no_perecederos": "urgente",
          "aseo_personal": "necesita",
          "panales_formula": "necesita"
        },
        "no_recibe": [],
        "sangre": null,
        "notas": "Habilitado para personas que perdieron su vivienda. No se publicó capacidad, horario ni teléfono. La defensora del Pueblo Iris Marín visitó el sitio y calificó sus condiciones como 'todavía precarias' e insuficientes para atender a todas las familias sin vivienda. Es el único alojamiento formal confirmado en Quibdó.",
        "fuente": {
          "nombre": "Noticias RCN",
          "url": "https://www.noticiasrcn.com/colombia/alcaldia-de-quibdo-habilita-el-coliseo-de-boxeo-como-espacio-de-alojamiento-temporal-tras-terremoto-1049632",
          "fecha_publicacion": "2026-08-12"
        },
        "fecha_verificacion": "2026-08-13",
        "precision_ubicacion": "aproximada",
        "nota_ubicacion": "Ubicación a nivel de barrio o sector: el punto exacto no está publicado. Afinar a mano si es posible.",
        "capacidad": null,
        "ocupacion": null,
        "admite_mascotas": null,
        "servicios": [],
        "requisitos_ingreso": "No hay censo consolidado en Chocó, así que el ingreso no está condicionado a registro previo.",
        "es_alerta": false
      }
    },
    {
      "type": "Feature",
      "geometry": {
        "type": "Point",
        "coordinates": [
          -76.6609477,
          5.6954851
        ]
      },
      "properties": {
        "id": "quibdo-hospital-san-francisco-de-asis-sos-quibdo",
        "nombre": "Hospital San Francisco de Asís - SOS Quibdó",
        "tipo": "institucion",
        "rol": "recibe_damnificados",
        "municipio": "Quibdó",
        "departamento": "Chocó",
        "direccion": null,
        "geocode_query": "Hospital San Francisco de Asís, Quibdó, Chocó, Colombia",
        "horario": null,
        "telefono": "+57 313 6982755",
        "responsable": "ESE Hospital Departamental San Francisco de Asís",
        "verificado": false,
        "nivel_verificacion": "prensa",
        "vigente": true,
        "alerta": "Sin punto de entrega publicado. Contactar al hospital antes de enviar insumos.",
        "necesidades": {
          "otros": "urgente",
          "medicamentos": "urgente"
        },
        "no_recibe": [],
        "sangre": null,
        "notas": "Único hospital de referencia del Chocó, operando con sobreocupación superior al 245%. Solicita amikacina, amoxicilina, vancomicina, piperacilina/tazobactam, amlodipino, amiodarona, propofol, ketamina, fentanilo, paracetamol inyectable, tramadol y suero antiofídico. Ninguna fuente publica dirección de entrega ni teléfono.",
        "fuente": {
          "nombre": "Semana",
          "url": "https://www.semana.com/nacion/articulo/sos-quibdo-hospital-san-francisco-de-asis-pide-medicamentos-e-insumos-para-atender-la-emergencia/202640/",
          "fecha_publicacion": "2026-08-11"
        },
        "fecha_verificacion": "2026-08-13",
        "precision_ubicacion": "exacta",
        "nota_ubicacion": null,
        "capacidad": null,
        "ocupacion": null,
        "admite_mascotas": null,
        "servicios": [],
        "requisitos_ingreso": null,
        "es_alerta": false
      }
    },
    {
      "type": "Feature",
      "geometry": {
        "type": "Point",
        "coordinates": [
          -76.655428,
          5.6929321
        ]
      },
      "properties": {
        "id": "quibdo-banco-de-alimentos-del-choco-sede-alameda-reyes",
        "nombre": "Banco de Alimentos del Chocó - sede Alameda Reyes",
        "tipo": "acopio",
        "rol": "ambos",
        "municipio": "Quibdó",
        "departamento": "Chocó",
        "direccion": "Calle 26 # 10-16, barrio Alameda Reyes",
        "geocode_query": "Calle 26 # 10-16, barrio Alameda Reyes, Quibdó, Chocó, Colombia",
        "horario": null,
        "telefono": "302 237 1423",
        "responsable": "Fundación Banco de Alimentos del Chocó",
        "verificado": false,
        "nivel_verificacion": "prensa",
        "vigente": true,
        "alerta": "Escribir al WhatsApp 302 237 1423 antes de ir.",
        "necesidades": {
          "medicamentos": "necesita",
          "colchonetas_cobijas": "necesita",
          "carpas_plasticos": "necesita",
          "alimento_mascotas": "necesita",
          "otros": "necesita",
          "agua": "urgente",
          "alimentos_no_perecederos": "urgente",
          "aseo_personal": "urgente"
        },
        "no_recibe": [],
        "sangre": null,
        "notas": "La fundación pide escribir por WhatsApp al 302 237 1423 ANTES de ir, para confirmar que haya personal recibiendo. Usa transporte aéreo de SATENA para llegar a zonas sin acceso terrestre. Donación monetaria: Bancolombia 536 000 017 95, Nequi/Daviplata 302 237 1423.",
        "fuente": {
          "nombre": "Banco de Alimentos del Chocó (sitio oficial)",
          "url": "https://bancoalimentoschoco.org/",
          "fecha_publicacion": "2026-08-12"
        },
        "fecha_verificacion": "2026-08-13",
        "precision_ubicacion": "aproximada",
        "nota_ubicacion": "Ubicación a nivel de barrio o sector: el punto exacto no está publicado. Afinar a mano si es posible.",
        "capacidad": null,
        "ocupacion": null,
        "admite_mascotas": null,
        "servicios": [],
        "requisitos_ingreso": null,
        "es_alerta": false
      }
    },
    {
      "type": "Feature",
      "geometry": {
        "type": "Point",
        "coordinates": [
          -76.6600078,
          5.6823421
        ]
      },
      "properties": {
        "id": "quibdo-banco-de-alimentos-del-choco-sede-los-almendros",
        "nombre": "Banco de Alimentos del Chocó - sede Los Almendros",
        "tipo": "acopio",
        "rol": "ambos",
        "municipio": "Quibdó",
        "departamento": "Chocó",
        "direccion": "Niño Jesús, sector Los Almendros, Edificio 1, piso 1",
        "geocode_query": "Niño Jesús, sector Los Almendros, Edificio 1, piso 1, Quibdó, Chocó, Colombia",
        "horario": null,
        "telefono": "302 237 1423",
        "responsable": "Fundación Banco de Alimentos del Chocó",
        "verificado": false,
        "nivel_verificacion": "prensa",
        "vigente": true,
        "alerta": "Escribir al WhatsApp 302 237 1423 antes de ir.",
        "necesidades": {
          "medicamentos": "necesita",
          "colchonetas_cobijas": "necesita",
          "carpas_plasticos": "necesita",
          "alimento_mascotas": "necesita",
          "otros": "necesita",
          "agua": "urgente",
          "alimentos_no_perecederos": "urgente",
          "aseo_personal": "urgente"
        },
        "no_recibe": [],
        "sangre": null,
        "notas": "La fundación pide escribir por WhatsApp al 302 237 1423 ANTES de ir, para confirmar que haya personal recibiendo. Usa transporte aéreo de SATENA para llegar a zonas sin acceso terrestre. Donación monetaria: Bancolombia 536 000 017 95, Nequi/Daviplata 302 237 1423.",
        "fuente": {
          "nombre": "Banco de Alimentos del Chocó (sitio oficial)",
          "url": "https://bancoalimentoschoco.org/",
          "fecha_publicacion": "2026-08-12"
        },
        "fecha_verificacion": "2026-08-13",
        "precision_ubicacion": "exacta",
        "nota_ubicacion": null,
        "capacidad": null,
        "ocupacion": null,
        "admite_mascotas": null,
        "servicios": [],
        "requisitos_ingreso": null,
        "es_alerta": false
      }
    },
    {
      "type": "Feature",
      "geometry": {
        "type": "Point",
        "coordinates": [
          -76.6570845,
          5.6982069
        ]
      },
      "properties": {
        "id": "quibdo-banco-de-alimentos-del-choco-sede-cristo-rey",
        "nombre": "Banco de Alimentos del Chocó - sede Cristo Rey",
        "tipo": "acopio",
        "rol": "ambos",
        "municipio": "Quibdó",
        "departamento": "Chocó",
        "direccion": "Carrera 3 # 27, esquina, barrio Cristo Rey",
        "geocode_query": "Carrera 3 # 27, esquina, barrio Cristo Rey, Quibdó, Chocó, Colombia",
        "horario": null,
        "telefono": "302 237 1423",
        "responsable": "Fundación Banco de Alimentos del Chocó",
        "verificado": false,
        "nivel_verificacion": "prensa",
        "vigente": true,
        "alerta": "Escribir al WhatsApp 302 237 1423 antes de ir.",
        "necesidades": {
          "medicamentos": "necesita",
          "colchonetas_cobijas": "necesita",
          "carpas_plasticos": "necesita",
          "alimento_mascotas": "necesita",
          "otros": "necesita",
          "agua": "urgente",
          "alimentos_no_perecederos": "urgente",
          "aseo_personal": "urgente"
        },
        "no_recibe": [],
        "sangre": null,
        "notas": "La fundación pide escribir por WhatsApp al 302 237 1423 ANTES de ir, para confirmar que haya personal recibiendo. Usa transporte aéreo de SATENA para llegar a zonas sin acceso terrestre. Donación monetaria: Bancolombia 536 000 017 95, Nequi/Daviplata 302 237 1423.",
        "fuente": {
          "nombre": "Banco de Alimentos del Chocó (sitio oficial)",
          "url": "https://bancoalimentoschoco.org/",
          "fecha_publicacion": "2026-08-12"
        },
        "fecha_verificacion": "2026-08-13",
        "precision_ubicacion": "aproximada",
        "nota_ubicacion": "Ubicación a nivel de barrio o sector: el punto exacto no está publicado. Afinar a mano si es posible.",
        "capacidad": null,
        "ocupacion": null,
        "admite_mascotas": null,
        "servicios": [],
        "requisitos_ingreso": null,
        "es_alerta": false
      }
    },
    {
      "type": "Feature",
      "geometry": {
        "type": "Point",
        "coordinates": [
          -76.5381419,
          3.4220133
        ]
      },
      "properties": {
        "id": "cali-coliseo-de-hockey-miguel-calero-albergue-y-punto-de-atencion",
        "nombre": "Coliseo de Hockey Miguel Calero - albergue y punto de atención",
        "tipo": "albergue",
        "rol": "ambos",
        "municipio": "Cali",
        "departamento": "Valle del Cauca",
        "direccion": "Calle 9 con carrera 37A, Unidad Deportiva Panamericana",
        "geocode_query": "Coliseo de Hockey Miguel Calero, Unidad Deportiva Panamericana, Cali, Valle del Cauca, Colombia",
        "horario": null,
        "telefono": null,
        "responsable": "Alcaldía de Cali - Secretarías de Bienestar Social y de Salud",
        "verificado": false,
        "nivel_verificacion": "prensa",
        "vigente": true,
        "alerta": null,
        "necesidades": {
          "otros": "necesita",
          "agua": "urgente",
          "alimentos_no_perecederos": "urgente",
          "colchonetas_cobijas": "urgente",
          "aseo_personal": "urgente",
          "ropa_calzado": "necesita",
          "panales_formula": "urgente"
        },
        "no_recibe": [],
        "sangre": null,
        "notas": "Funciona a la vez como albergue temporal, punto de atención en salud y centro de acopio. Ofrece atención psicosocial, equipos de salud y atención a población vulnerable, niñez, víctimas y migrantes. Se anunciaron baños portátiles.",
        "fuente": {
          "nombre": "El País (Cali)",
          "url": "https://www.elpais.com.co/cali/terremoto-en-cali-estos-son-los-lugares-habilitados-para-recibir-a-los-damnificados-1038.html",
          "fecha_publicacion": "2026-08-11"
        },
        "fecha_verificacion": "2026-08-13",
        "precision_ubicacion": "exacta",
        "nota_ubicacion": null,
        "capacidad": "Cali anunció ampliar el conjunto de albergues de 200 a 2.500 personas.",
        "ocupacion": "Cerca de 60 familias. Cali reportó 68 personas albergadas al arrancar el sistema.",
        "admite_mascotas": null,
        "servicios": [
          "alimentación",
          "salud",
          "apoyo psicosocial",
          "colchonetas y cobijas",
          "baños portátiles",
          "atención a primera infancia",
          "caracterización y censo"
        ],
        "requisitos_ingreso": "Ruta de alojamiento temporal de la Secretaría de Bienestar Social: registro de datos, verificación técnica del daño de la vivienda y pregunta por red de apoyo familiar. Si no hay red de apoyo, se traslada al albergue.",
        "es_alerta": false
      }
    },
    {
      "type": "Feature",
      "geometry": {
        "type": "Point",
        "coordinates": [
          -76.5377338,
          3.4237407
        ]
      },
      "properties": {
        "id": "cali-diamante-de-beisbol-albergue-temporal",
        "nombre": "Diamante de Béisbol - albergue temporal",
        "tipo": "albergue",
        "rol": "recibe_damnificados",
        "municipio": "Cali",
        "departamento": "Valle del Cauca",
        "direccion": "Carrera 39 con calle 9",
        "geocode_query": "Diamante de Béisbol, Unidad Deportiva Panamericana, Cali, Valle del Cauca, Colombia",
        "horario": null,
        "telefono": null,
        "responsable": "Alcaldía de Cali",
        "verificado": false,
        "nivel_verificacion": "prensa",
        "vigente": "desconocido",
        "alerta": null,
        "necesidades": {
          "agua": "urgente",
          "alimentos_no_perecederos": "necesita",
          "aseo_personal": "necesita",
          "colchonetas_cobijas": "urgente",
          "ropa_calzado": "necesita",
          "panales_formula": "urgente"
        },
        "no_recibe": [],
        "sangre": null,
        "notas": "Albergue temporal con refugio, alimentación y atención básica. Sin capacidad ni teléfono publicados.",
        "fuente": {
          "nombre": "El País (Cali)",
          "url": "https://www.elpais.com.co/cali/alcaldia-habilita-nuevos-espacios-para-recibir-ayudas-y-atender-a-afectados-en-cali-1154.html",
          "fecha_publicacion": "2026-08-11"
        },
        "fecha_verificacion": "2026-08-13",
        "precision_ubicacion": "aproximada",
        "nota_ubicacion": "Ubicación a nivel de barrio, sector o cabecera municipal. Afinar a mano si es posible.",
        "capacidad": null,
        "ocupacion": null,
        "admite_mascotas": null,
        "servicios": [],
        "requisitos_ingreso": null,
        "es_alerta": false
      }
    },
    {
      "type": "Feature",
      "geometry": {
        "type": "Point",
        "coordinates": [
          -76.5371144,
          3.4230224
        ]
      },
      "properties": {
        "id": "cali-unidad-deportiva-jaime-aparicio",
        "nombre": "Unidad Deportiva Jaime Aparicio",
        "tipo": "albergue",
        "rol": "ambos",
        "municipio": "Cali",
        "departamento": "Valle del Cauca",
        "direccion": "Unidad Deportiva Jaime Aparicio",
        "geocode_query": "Unidad Deportiva Jaime Aparicio, Cali, Valle del Cauca, Colombia",
        "horario": null,
        "telefono": null,
        "responsable": "Alcaldía de Cali - Secretaría del Deporte y la Recreación",
        "verificado": false,
        "nivel_verificacion": "prensa",
        "vigente": "desconocido",
        "alerta": null,
        "necesidades": {
          "agua": "necesita",
          "alimentos_no_perecederos": "necesita",
          "colchonetas_cobijas": "necesita",
          "aseo_personal": "necesita"
        },
        "no_recibe": [],
        "sangre": null,
        "notas": "Sirve como albergue para afectados, centro de acopio y alojamiento para socorristas y rescatistas.",
        "fuente": {
          "nombre": "El País (Cali)",
          "url": "https://www.elpais.com.co/cali/terremoto-en-cali-estos-son-los-lugares-habilitados-para-recibir-a-los-damnificados-1038.html",
          "fecha_publicacion": "2026-08-11"
        },
        "fecha_verificacion": "2026-08-13",
        "precision_ubicacion": "exacta",
        "nota_ubicacion": null,
        "capacidad": null,
        "ocupacion": null,
        "admite_mascotas": null,
        "servicios": [],
        "requisitos_ingreso": null,
        "es_alerta": false
      }
    },
    {
      "type": "Feature",
      "geometry": {
        "type": "Point",
        "coordinates": [
          -76.534835,
          3.4550312
        ]
      },
      "properties": {
        "id": "cali-centro-de-acopio-plazoleta-jairo-varela",
        "nombre": "Centro de acopio Plazoleta Jairo Varela",
        "tipo": "acopio",
        "rol": "punto_donacion",
        "municipio": "Cali",
        "departamento": "Valle del Cauca",
        "direccion": "Avenida 2 Norte # 10 Norte-1, contiguo al CAM",
        "geocode_query": "Plazoleta Jairo Varela, Cali, Valle del Cauca, Colombia",
        "horario": null,
        "telefono": null,
        "responsable": "Alcaldía de Cali",
        "verificado": false,
        "nivel_verificacion": "prensa",
        "vigente": true,
        "alerta": null,
        "necesidades": {
          "aseo_personal": "necesita",
          "ropa_calzado": "necesita",
          "alimento_mascotas": "necesita",
          "otros": "urgente",
          "herramientas": "urgente",
          "agua": "urgente",
          "colchonetas_cobijas": "urgente",
          "alimentos_no_perecederos": "necesita",
          "medicamentos": "necesita",
          "linternas_pilas": "necesita",
          "panales_formula": "necesita"
        },
        "no_recibe": [
          "Medicamentos"
        ],
        "sangre": null,
        "notas": "Prioriza elementos de seguridad industrial para los rescatistas: guantes de construcción, gafas de seguridad y cascos. Según El Tiempo, ningún punto de acopio de Cali recibe medicamentos.",
        "fuente": {
          "nombre": "El Tiempo",
          "url": "https://www.eltiempo.com/colombia/cali/la-solidaridad-se-moviliza-en-el-valle-del-cauca-habilitan-tres-puntos-clave-en-cali-para-donaciones-tras-el-sismo-de-magnitud-7-3577852",
          "fecha_publicacion": "2026-08-12"
        },
        "fecha_verificacion": "2026-08-13",
        "precision_ubicacion": "exacta",
        "nota_ubicacion": null,
        "capacidad": null,
        "ocupacion": null,
        "admite_mascotas": null,
        "servicios": [],
        "requisitos_ingreso": null,
        "es_alerta": false
      }
    },
    {
      "type": "Feature",
      "geometry": {
        "type": "Point",
        "coordinates": [
          -76.5238185,
          3.4577765
        ]
      },
      "properties": {
        "id": "cali-centro-de-acopio-antigua-licorera-del-valle-ilv",
        "nombre": "Centro de acopio Antigua Licorera del Valle (ILV)",
        "tipo": "acopio",
        "rol": "punto_donacion",
        "municipio": "Cali",
        "departamento": "Valle del Cauca",
        "direccion": "Carrera 1 # 26-85",
        "geocode_query": "Antigua Licorera del Valle, Carrera 1 # 26-85, Cali, Valle del Cauca, Colombia",
        "horario": "7:00 a.m. - 10:00 p.m., todos los días",
        "telefono": "+57 (602) 620 00 00",
        "responsable": "Gobernación del Valle del Cauca",
        "verificado": true,
        "nivel_verificacion": "institucional",
        "vigente": true,
        "alerta": null,
        "necesidades": {
          "agua": "urgente",
          "ropa_calzado": "necesita",
          "alimento_mascotas": "necesita",
          "herramientas": "necesita",
          "otros": "necesita",
          "aseo_personal": "urgente",
          "colchonetas_cobijas": "urgente",
          "carpas_plasticos": "urgente",
          "alimentos_no_perecederos": "urgente"
        },
        "no_recibe": [
          "Medicamentos"
        ],
        "sangre": null,
        "notas": "Centro principal de la Gobernación del Valle: desde aquí se distribuye a los municipios afectados (El Cairo, El Águila, Roldanillo, Buenaventura). Recibe insumos de seguridad industrial, colchones, frazadas, ropa en buen estado y alimento para mascotas.",
        "fuente": {
          "nombre": "Gobernación del Valle del Cauca",
          "url": "https://www.valledelcauca.gov.co/publicaciones/90177/todos-somos-valle-activado-centro-de-acopio-de-ayudas-en-la-licorera-para-los-damnificados-de-terremoto/",
          "fecha_publicacion": "2026-08-11"
        },
        "fecha_verificacion": "2026-08-13",
        "precision_ubicacion": "aproximada",
        "nota_ubicacion": "Ubicación a nivel de barrio o sector: el punto exacto no está publicado. Afinar a mano si es posible.",
        "capacidad": null,
        "ocupacion": null,
        "admite_mascotas": null,
        "servicios": [],
        "requisitos_ingreso": null,
        "es_alerta": false
      }
    },
    {
      "type": "Feature",
      "geometry": {
        "type": "Point",
        "coordinates": [
          -76.5011016,
          3.465098
        ]
      },
      "properties": {
        "id": "cali-centro-comercial-unico-acopio-para-buenaventura",
        "nombre": "Centro Comercial Único - acopio para Buenaventura",
        "tipo": "recoleccion",
        "rol": "punto_donacion",
        "municipio": "Cali",
        "departamento": "Valle del Cauca",
        "direccion": "Centro Comercial Único Outlet, Cali",
        "geocode_query": "Centro Comercial Único Outlet, Cali, Valle del Cauca, Colombia",
        "horario": null,
        "telefono": null,
        "responsable": "Gobernación del Valle del Cauca",
        "verificado": false,
        "nivel_verificacion": "prensa",
        "vigente": true,
        "alerta": null,
        "necesidades": {
          "agua": "necesita",
          "ropa_calzado": "necesita",
          "alimento_mascotas": "necesita",
          "aseo_personal": "urgente",
          "colchonetas_cobijas": "urgente",
          "alimentos_no_perecederos": "urgente"
        },
        "no_recibe": [
          "Medicamentos"
        ],
        "sangre": null,
        "notas": "Acopia ayudas destinadas EXCLUSIVAMENTE al municipio de Buenaventura.",
        "fuente": {
          "nombre": "El Tiempo",
          "url": "https://www.eltiempo.com/colombia/cali/la-solidaridad-se-moviliza-en-el-valle-del-cauca-habilitan-tres-puntos-clave-en-cali-para-donaciones-tras-el-sismo-de-magnitud-7-3577852",
          "fecha_publicacion": "2026-08-12"
        },
        "fecha_verificacion": "2026-08-13",
        "precision_ubicacion": "aproximada",
        "nota_ubicacion": "Ubicación a nivel de barrio o sector: el punto exacto no está publicado. Afinar a mano si es posible.",
        "capacidad": null,
        "ocupacion": null,
        "admite_mascotas": null,
        "servicios": [],
        "requisitos_ingreso": null,
        "es_alerta": false
      }
    },
    {
      "type": "Feature",
      "geometry": {
        "type": "Point",
        "coordinates": [
          -76.5507539,
          3.412108
        ]
      },
      "properties": {
        "id": "cali-petronio-solidario-ciudadela-petronio-alvarez",
        "nombre": "Petronio Solidario - Ciudadela Petronio Álvarez",
        "tipo": "acopio",
        "rol": "punto_donacion",
        "municipio": "Cali",
        "departamento": "Valle del Cauca",
        "direccion": "Unidad Deportiva Alberto Galindo, centro-sur de Cali",
        "geocode_query": "Unidad Deportiva Alberto Galindo, Cali, Valle del Cauca, Colombia",
        "horario": "Desde el 11 de agosto. CIERRA el viernes 14 de agosto de 2026",
        "telefono": null,
        "responsable": "PMU de la Alcaldía de Cali, ProPacífico y Secretaría de Cultura",
        "verificado": false,
        "nivel_verificacion": "prensa",
        "vigente": true,
        "alerta": "Cierra el viernes 14 de agosto.",
        "necesidades": {
          "otros": "necesita",
          "agua": "urgente",
          "alimentos_no_perecederos": "urgente",
          "aseo_personal": "urgente",
          "colchonetas_cobijas": "urgente",
          "medicamentos": "necesita",
          "ropa_calzado": "necesita",
          "herramientas": "necesita"
        },
        "no_recibe": [],
        "sangre": null,
        "notas": "El recinto del Festival Petronio Álvarez, cancelado por la emergencia, se convirtió en hub de acopio y distribución hacia Chocó, Valle, Cauca, Nariño, Risaralda, Quindío y Caldas. Donación monetaria: Banco de Occidente ahorros 001280353. Teletón por Telepacífico el 13 y 14 de agosto, 6:00 p.m. a 1:00 a.m.",
        "fuente": {
          "nombre": "El País (Cali)",
          "url": "https://www.elpais.com.co/cali/petronio-solidario-asi-funcionara-el-nuevo-centro-de-acopio-en-cali-tras-el-terremoto-1208.html",
          "fecha_publicacion": "2026-08-12"
        },
        "fecha_verificacion": "2026-08-13",
        "precision_ubicacion": "exacta",
        "nota_ubicacion": null,
        "capacidad": null,
        "ocupacion": null,
        "admite_mascotas": null,
        "servicios": [],
        "requisitos_ingreso": null,
        "es_alerta": false
      }
    },
    {
      "type": "Feature",
      "geometry": {
        "type": "Point",
        "coordinates": [
          -76.5370157,
          3.4263251
        ]
      },
      "properties": {
        "id": "cali-centro-de-acopio-escuela-nacional-del-deporte",
        "nombre": "Centro de acopio Escuela Nacional del Deporte",
        "tipo": "acopio",
        "rol": "punto_donacion",
        "municipio": "Cali",
        "departamento": "Valle del Cauca",
        "direccion": "Calle 9 # 34-01",
        "geocode_query": "Calle 9 # 34-01, Cali, Valle del Cauca, Colombia",
        "horario": null,
        "telefono": null,
        "responsable": "Alcaldía de Cali",
        "verificado": false,
        "nivel_verificacion": "prensa",
        "vigente": true,
        "alerta": "Fuentes contradictorias sobre si recibe medicamentos.",
        "necesidades": {
          "aseo_personal": "urgente",
          "medicamentos": "necesita",
          "agua": "urgente",
          "alimentos_no_perecederos": "urgente",
          "colchonetas_cobijas": "urgente"
        },
        "no_recibe": [],
        "sangre": null,
        "notas": "Voluntarios arman y distribuyen kits de alimentos. La fuente menciona necesidad de gasas y vendas, aunque El Tiempo afirma que los puntos de Cali no reciben medicamentos: confirmar antes de llevar insumos médicos.",
        "fuente": {
          "nombre": "El País (Cali)",
          "url": "https://www.elpais.com.co/cali/alcaldia-habilita-nuevos-espacios-para-recibir-ayudas-y-atender-a-afectados-en-cali-1154.html",
          "fecha_publicacion": "2026-08-11"
        },
        "fecha_verificacion": "2026-08-13",
        "precision_ubicacion": "exacta",
        "nota_ubicacion": null,
        "capacidad": null,
        "ocupacion": null,
        "admite_mascotas": null,
        "servicios": [],
        "requisitos_ingreso": null,
        "es_alerta": false
      }
    },
    {
      "type": "Feature",
      "geometry": {
        "type": "Point",
        "coordinates": [
          -76.5205006,
          3.454777
        ]
      },
      "properties": {
        "id": "cali-banco-de-alimentos-de-cali",
        "nombre": "Banco de Alimentos de Cali",
        "tipo": "acopio",
        "rol": "punto_donacion",
        "municipio": "Cali",
        "departamento": "Valle del Cauca",
        "direccion": "Calle 24 # 6-103",
        "geocode_query": "Calle 24 # 6-103, Cali, Valle del Cauca, Colombia",
        "horario": null,
        "telefono": null,
        "responsable": "Banco de Alimentos de Cali",
        "verificado": false,
        "nivel_verificacion": "prensa",
        "vigente": "desconocido",
        "alerta": null,
        "necesidades": {
          "medicamentos": "necesita",
          "alimentos_no_perecederos": "urgente",
          "agua": "urgente",
          "aseo_personal": "necesita",
          "colchonetas_cobijas": "urgente",
          "ropa_calzado": "necesita",
          "linternas_pilas": "urgente",
          "herramientas": "urgente"
        },
        "no_recibe": [
          "Objetos no solicitados"
        ],
        "sangre": null,
        "notas": "Recibe alimentos no perecederos, agua embotellada y elementos de primeros auxilios.",
        "fuente": {
          "nombre": "Infobae",
          "url": "https://www.infobae.com/colombia/2026/08/10/centros-de-acopio-habilitados-en-colombia-tras-el-terremoto-guia-por-ciudad-para-donar-y-ayudar-a-las-victimas/",
          "fecha_publicacion": "2026-08-10"
        },
        "fecha_verificacion": "2026-08-13",
        "precision_ubicacion": "exacta",
        "nota_ubicacion": null,
        "capacidad": null,
        "ocupacion": null,
        "admite_mascotas": null,
        "servicios": [],
        "requisitos_ingreso": null,
        "es_alerta": false
      }
    },
    {
      "type": "Feature",
      "geometry": {
        "type": "Point",
        "coordinates": [
          -76.5187463,
          3.374757
        ]
      },
      "properties": {
        "id": "cali-banco-de-alimentos-del-choco-sede-cali",
        "nombre": "Banco de Alimentos del Chocó - sede Cali",
        "tipo": "acopio",
        "rol": "punto_donacion",
        "municipio": "Cali",
        "departamento": "Valle del Cauca",
        "direccion": "Calle 45 # 94-45, casa 7, sector Calicanto, barrio Valle del Lili, comuna 17",
        "geocode_query": "Calle 45 # 94-45, casa 7, sector Calicanto, barrio Valle del Lili, comuna 17, Cali, Valle del Cauca, Colombia",
        "horario": null,
        "telefono": "302 237 1423",
        "responsable": "Fundación Banco de Alimentos del Chocó",
        "verificado": false,
        "nivel_verificacion": "prensa",
        "vigente": true,
        "alerta": "Escribir al WhatsApp 302 237 1423 antes de ir.",
        "necesidades": {
          "medicamentos": "urgente",
          "colchonetas_cobijas": "necesita",
          "carpas_plasticos": "urgente",
          "alimento_mascotas": "necesita",
          "agua": "urgente",
          "alimentos_no_perecederos": "urgente",
          "aseo_personal": "urgente"
        },
        "no_recibe": [],
        "sangre": null,
        "notas": "Punto en Cali para enviar ayuda AL CHOCÓ. Escribir por WhatsApp al 302 237 1423 antes de ir.",
        "fuente": {
          "nombre": "Banco de Alimentos del Chocó (sitio oficial)",
          "url": "https://bancoalimentoschoco.org/",
          "fecha_publicacion": "2026-08-12"
        },
        "fecha_verificacion": "2026-08-13",
        "precision_ubicacion": "exacta",
        "nota_ubicacion": null,
        "capacidad": null,
        "ocupacion": null,
        "admite_mascotas": null,
        "servicios": [],
        "requisitos_ingreso": null,
        "es_alerta": false
      }
    },
    {
      "type": "Feature",
      "geometry": {
        "type": "Point",
        "coordinates": [
          -76.5375339,
          3.447175
        ]
      },
      "properties": {
        "id": "cali-olla-comunitaria-artefacto-social-olla-rodante",
        "nombre": "Olla comunitaria Artefacto Social - Olla Rodante",
        "tipo": "comedor",
        "rol": "ambos",
        "municipio": "Cali",
        "departamento": "Valle del Cauca",
        "direccion": "Carrera 9 # 4-25, sector San Antonio",
        "geocode_query": "Carrera 9 # 4-25, sector San Antonio, Cali, Valle del Cauca, Colombia",
        "horario": null,
        "telefono": null,
        "responsable": "Artefacto Social (organización comunitaria)",
        "verificado": false,
        "nivel_verificacion": "prensa",
        "vigente": "desconocido",
        "alerta": null,
        "necesidades": {
          "agua": "necesita",
          "herramientas": "necesita",
          "otros": "necesita",
          "alimentos_no_perecederos": "urgente"
        },
        "no_recibe": [],
        "sangre": null,
        "notas": "Requiere arroz, aceite, lentejas, pasta, zanahoria, fríjol, panela, huevos, atún, recipientes refrigerados e implementos de cocina. Iniciativa ciudadana, no institucional.",
        "fuente": {
          "nombre": "Revista Diners",
          "url": "https://revistadiners.com.co/gastronomia/donde-comer/ollas-comunitarias-terremoto-cali",
          "fecha_publicacion": "2026-08-11"
        },
        "fecha_verificacion": "2026-08-13",
        "precision_ubicacion": "exacta",
        "nota_ubicacion": null,
        "capacidad": null,
        "ocupacion": null,
        "admite_mascotas": null,
        "servicios": [],
        "requisitos_ingreso": null,
        "es_alerta": false
      }
    },
    {
      "type": "Feature",
      "geometry": {
        "type": "Point",
        "coordinates": [
          -76.545114,
          3.427189
        ]
      },
      "properties": {
        "id": "cali-banco-de-sangre-cruz-roja-colombiana-seccional-valle-del-cauca",
        "nombre": "Banco de sangre Cruz Roja Colombiana Seccional Valle del Cauca",
        "tipo": "sangre",
        "rol": "punto_donacion",
        "municipio": "Cali",
        "departamento": "Valle del Cauca",
        "direccion": "Carrera 38 bis # 5-91, barrio San Fernando",
        "geocode_query": "Carrera 38 bis # 5-91, barrio San Fernando, Cali, Valle del Cauca, Colombia",
        "horario": "8:00 a.m. - 6:00 p.m.",
        "telefono": "311 625 8815",
        "responsable": "Cruz Roja Colombiana Seccional Valle del Cauca",
        "verificado": true,
        "nivel_verificacion": "institucional",
        "vigente": true,
        "alerta": null,
        "necesidades": {
          "otros": "urgente"
        },
        "no_recibe": [],
        "sangre": {
          "tipos_prioritarios": [
            "Todos los tipos"
          ],
          "tipos_aceptados": [
            "O+",
            "O-",
            "A+",
            "A-",
            "B+",
            "B-",
            "AB+",
            "AB-"
          ],
          "requisitos": "18 a 65 años, más de 50 kg, documento de identidad original, buen estado de salud",
          "espera_estimada": null
        },
        "notas": "Banco de sangre permanente, activo. Al 12 de agosto el Hospital Universitario del Valle solicitaba con urgencia TODOS los tipos de sangre.",
        "fuente": {
          "nombre": "Cruz Roja Colombiana",
          "url": "https://www.cruzrojacolombiana.org/cruz-roja-colombiana-despliega-capacidades-para-dar-respuesta-tras-las-afectaciones-por-sismo-en-colombia/",
          "fecha_publicacion": "2026-08-11"
        },
        "fecha_verificacion": "2026-08-13",
        "precision_ubicacion": "exacta",
        "nota_ubicacion": null,
        "capacidad": null,
        "ocupacion": null,
        "admite_mascotas": null,
        "servicios": [],
        "requisitos_ingreso": null,
        "es_alerta": false
      }
    },
    {
      "type": "Feature",
      "geometry": {
        "type": "Point",
        "coordinates": [
          -76.5448537,
          3.4300309
        ]
      },
      "properties": {
        "id": "cali-banco-de-sangre-hospital-universitario-del-valle-huv",
        "nombre": "Banco de sangre Hospital Universitario del Valle (HUV)",
        "tipo": "sangre",
        "rol": "punto_donacion",
        "municipio": "Cali",
        "departamento": "Valle del Cauca",
        "direccion": "Calle 5 # 36-08, urgencias del Hospital Universitario del Valle",
        "geocode_query": "Calle 5 # 36-08, urgencias del Hospital Universitario del Valle, Cali, Valle del Cauca, Colombia",
        "horario": "8:00 a.m. - 6:00 p.m.",
        "telefono": null,
        "responsable": "Hospital Universitario del Valle Evaristo García E.S.E.",
        "verificado": false,
        "nivel_verificacion": "prensa",
        "vigente": true,
        "alerta": null,
        "necesidades": {
          "otros": "urgente"
        },
        "no_recibe": [],
        "sangre": {
          "tipos_prioritarios": [
            "Todos los tipos"
          ],
          "tipos_aceptados": [
            "O+",
            "O-",
            "A+",
            "A-",
            "B+",
            "B-",
            "AB+",
            "AB-"
          ],
          "requisitos": "18 a 65 años, más de 50 kg, documento de identidad original, buen estado de salud",
          "espera_estimada": null
        },
        "notas": "Banco de sangre permanente, activo. Al 12 de agosto el Hospital Universitario del Valle solicitaba con urgencia TODOS los tipos de sangre.",
        "fuente": {
          "nombre": "El Tiempo",
          "url": "https://www.eltiempo.com/colombia/otras-ciudades/como-ayudar-tras-terremoto-de-7-4-en-colombia-estos-son-los-centros-de-acopio-bancos-de-sangre-y-alimentos-canales-oficiales-y-puntos-de-donacion-3577631",
          "fecha_publicacion": "2026-08-11"
        },
        "fecha_verificacion": "2026-08-13",
        "precision_ubicacion": "exacta",
        "nota_ubicacion": null,
        "capacidad": null,
        "ocupacion": null,
        "admite_mascotas": null,
        "servicios": [],
        "requisitos_ingreso": null,
        "es_alerta": false
      }
    },
    {
      "type": "Feature",
      "geometry": {
        "type": "Point",
        "coordinates": [
          -76.5204389,
          3.4746898
        ]
      },
      "properties": {
        "id": "cali-banco-de-sangre-hemolife",
        "nombre": "Banco de sangre Hemolife",
        "tipo": "sangre",
        "rol": "punto_donacion",
        "municipio": "Cali",
        "departamento": "Valle del Cauca",
        "direccion": "Calle 38 N # 3N-21, Prados del Norte",
        "geocode_query": "Calle 38 N # 3N-21, Prados del Norte, Cali, Valle del Cauca, Colombia",
        "horario": "8:00 a.m. - 6:00 p.m.",
        "telefono": null,
        "responsable": "Hemolife",
        "verificado": false,
        "nivel_verificacion": "prensa",
        "vigente": true,
        "alerta": null,
        "necesidades": {
          "otros": "urgente"
        },
        "no_recibe": [],
        "sangre": {
          "tipos_prioritarios": [
            "Todos los tipos"
          ],
          "tipos_aceptados": [
            "O+",
            "O-",
            "A+",
            "A-",
            "B+",
            "B-",
            "AB+",
            "AB-"
          ],
          "requisitos": "18 a 65 años, más de 50 kg, documento de identidad original, buen estado de salud",
          "espera_estimada": null
        },
        "notas": "Banco de sangre permanente, activo. Al 12 de agosto el Hospital Universitario del Valle solicitaba con urgencia TODOS los tipos de sangre.",
        "fuente": {
          "nombre": "El Tiempo",
          "url": "https://www.eltiempo.com/colombia/otras-ciudades/como-ayudar-tras-terremoto-de-7-4-en-colombia-estos-son-los-centros-de-acopio-bancos-de-sangre-y-alimentos-canales-oficiales-y-puntos-de-donacion-3577631",
          "fecha_publicacion": "2026-08-11"
        },
        "fecha_verificacion": "2026-08-13",
        "precision_ubicacion": "exacta",
        "nota_ubicacion": null,
        "capacidad": null,
        "ocupacion": null,
        "admite_mascotas": null,
        "servicios": [],
        "requisitos_ingreso": null,
        "es_alerta": false
      }
    },
    {
      "type": "Feature",
      "geometry": {
        "type": "Point",
        "coordinates": [
          -76.5256296,
          3.3727365
        ]
      },
      "properties": {
        "id": "cali-banco-de-sangre-fundacion-valle-del-lili",
        "nombre": "Banco de sangre Fundación Valle del Lili",
        "tipo": "sangre",
        "rol": "punto_donacion",
        "municipio": "Cali",
        "departamento": "Valle del Cauca",
        "direccion": "Sede principal Fundación Valle del Lili, torre 2, piso 4",
        "geocode_query": "Sede principal Fundación Valle del Lili, torre 2, piso 4, Cali, Valle del Cauca, Colombia",
        "horario": "8:00 a.m. - 6:00 p.m.",
        "telefono": null,
        "responsable": "Fundación Valle del Lili",
        "verificado": false,
        "nivel_verificacion": "prensa",
        "vigente": true,
        "alerta": null,
        "necesidades": {
          "otros": "urgente"
        },
        "no_recibe": [],
        "sangre": {
          "tipos_prioritarios": [
            "Todos los tipos"
          ],
          "tipos_aceptados": [
            "O+",
            "O-",
            "A+",
            "A-",
            "B+",
            "B-",
            "AB+",
            "AB-"
          ],
          "requisitos": "18 a 65 años, más de 50 kg, documento de identidad original, buen estado de salud",
          "espera_estimada": null
        },
        "notas": "Banco de sangre permanente, activo. Al 12 de agosto el Hospital Universitario del Valle solicitaba con urgencia TODOS los tipos de sangre.",
        "fuente": {
          "nombre": "El Tiempo",
          "url": "https://www.eltiempo.com/colombia/otras-ciudades/como-ayudar-tras-terremoto-de-7-4-en-colombia-estos-son-los-centros-de-acopio-bancos-de-sangre-y-alimentos-canales-oficiales-y-puntos-de-donacion-3577631",
          "fecha_publicacion": "2026-08-11"
        },
        "fecha_verificacion": "2026-08-13",
        "precision_ubicacion": "exacta",
        "nota_ubicacion": null,
        "capacidad": null,
        "ocupacion": null,
        "admite_mascotas": null,
        "servicios": [],
        "requisitos_ingreso": null,
        "es_alerta": false
      }
    },
    {
      "type": "Feature",
      "geometry": {
        "type": "Point",
        "coordinates": [
          -76.54475,
          3.4251473
        ]
      },
      "properties": {
        "id": "cali-banco-de-sangre-clinica-imbanaco",
        "nombre": "Banco de sangre Clínica Imbanaco",
        "tipo": "sangre",
        "rol": "punto_donacion",
        "municipio": "Cali",
        "departamento": "Valle del Cauca",
        "direccion": "Carrera 38 bis # 5B2-04, barrio Santa Isabel",
        "geocode_query": "Carrera 38 bis # 5B2-04, barrio Santa Isabel, Cali, Valle del Cauca, Colombia",
        "horario": "8:00 a.m. - 6:00 p.m.",
        "telefono": null,
        "responsable": "Clínica Imbanaco",
        "verificado": false,
        "nivel_verificacion": "prensa",
        "vigente": true,
        "alerta": null,
        "necesidades": {
          "otros": "urgente"
        },
        "no_recibe": [],
        "sangre": {
          "tipos_prioritarios": [
            "Todos los tipos"
          ],
          "tipos_aceptados": [
            "O+",
            "O-",
            "A+",
            "A-",
            "B+",
            "B-",
            "AB+",
            "AB-"
          ],
          "requisitos": "18 a 65 años, más de 50 kg, documento de identidad original, buen estado de salud",
          "espera_estimada": null
        },
        "notas": "Banco de sangre permanente, activo. Al 12 de agosto el Hospital Universitario del Valle solicitaba con urgencia TODOS los tipos de sangre.",
        "fuente": {
          "nombre": "El Tiempo",
          "url": "https://www.eltiempo.com/colombia/otras-ciudades/como-ayudar-tras-terremoto-de-7-4-en-colombia-estos-son-los-centros-de-acopio-bancos-de-sangre-y-alimentos-canales-oficiales-y-puntos-de-donacion-3577631",
          "fecha_publicacion": "2026-08-11"
        },
        "fecha_verificacion": "2026-08-13",
        "precision_ubicacion": "aproximada",
        "nota_ubicacion": "Ubicación a nivel de barrio o sector: el punto exacto no está publicado. Afinar a mano si es posible.",
        "capacidad": null,
        "ocupacion": null,
        "admite_mascotas": null,
        "servicios": [],
        "requisitos_ingreso": null,
        "es_alerta": false
      }
    },
    {
      "type": "Feature",
      "geometry": {
        "type": "Point",
        "coordinates": [
          -76.5321732,
          3.4510298
        ]
      },
      "properties": {
        "id": "cali-punto-temporal-de-donacion-de-sangre-plaza-de-cayzedo",
        "nombre": "Punto temporal de donación de sangre Plaza de Cayzedo",
        "tipo": "sangre",
        "rol": "punto_donacion",
        "municipio": "Cali",
        "departamento": "Valle del Cauca",
        "direccion": "Plaza de Cayzedo, centro de Cali",
        "geocode_query": "Plaza de Cayzedo, centro de Cali, Cali, Valle del Cauca, Colombia",
        "horario": "Martes 11 de agosto, 9:00 a.m. - 5:00 p.m. — JORNADA FINALIZADA",
        "telefono": null,
        "responsable": null,
        "verificado": false,
        "nivel_verificacion": "prensa",
        "vigente": false,
        "alerta": "CERRADO. Redirigir a los bancos permanentes (HUV, Hemolife, Cruz Roja Valle, Valle del Lili, Imbanaco).",
        "necesidades": {},
        "no_recibe": [],
        "sangre": null,
        "notas": "Jornada extraordinaria de un solo día. No se encontró publicación que la extienda al 12 o 13 de agosto.",
        "fuente": {
          "nombre": "El Tiempo",
          "url": "https://www.eltiempo.com/colombia/otras-ciudades/como-ayudar-tras-terremoto-de-7-4-en-colombia-estos-son-los-centros-de-acopio-bancos-de-sangre-y-alimentos-canales-oficiales-y-puntos-de-donacion-3577631",
          "fecha_publicacion": "2026-08-11"
        },
        "fecha_verificacion": "2026-08-13",
        "precision_ubicacion": "exacta",
        "nota_ubicacion": null,
        "capacidad": null,
        "ocupacion": null,
        "admite_mascotas": null,
        "servicios": [],
        "requisitos_ingreso": null,
        "es_alerta": false
      }
    },
    {
      "type": "Feature",
      "geometry": {
        "type": "Point",
        "coordinates": [
          -76.5341021,
          3.4541264
        ]
      },
      "properties": {
        "id": "cali-punto-temporal-de-donacion-de-sangre-plazoleta-del-cam",
        "nombre": "Punto temporal de donación de sangre Plazoleta del CAM",
        "tipo": "sangre",
        "rol": "punto_donacion",
        "municipio": "Cali",
        "departamento": "Valle del Cauca",
        "direccion": "Plazoleta del CAM (Centro Administrativo Municipal)",
        "geocode_query": "Plazoleta del CAM (Centro Administrativo Municipal), Cali, Valle del Cauca, Colombia",
        "horario": "Martes 11 de agosto, 9:00 a.m. - 5:00 p.m. — JORNADA FINALIZADA",
        "telefono": null,
        "responsable": null,
        "verificado": false,
        "nivel_verificacion": "prensa",
        "vigente": false,
        "alerta": "CERRADO. Redirigir a los bancos permanentes (HUV, Hemolife, Cruz Roja Valle, Valle del Lili, Imbanaco).",
        "necesidades": {},
        "no_recibe": [],
        "sangre": null,
        "notas": "Jornada extraordinaria de un solo día. No se encontró publicación que la extienda al 12 o 13 de agosto.",
        "fuente": {
          "nombre": "El Tiempo",
          "url": "https://www.eltiempo.com/colombia/otras-ciudades/como-ayudar-tras-terremoto-de-7-4-en-colombia-estos-son-los-centros-de-acopio-bancos-de-sangre-y-alimentos-canales-oficiales-y-puntos-de-donacion-3577631",
          "fecha_publicacion": "2026-08-11"
        },
        "fecha_verificacion": "2026-08-13",
        "precision_ubicacion": "exacta",
        "nota_ubicacion": null,
        "capacidad": null,
        "ocupacion": null,
        "admite_mascotas": null,
        "servicios": [],
        "requisitos_ingreso": null,
        "es_alerta": false
      }
    },
    {
      "type": "Feature",
      "geometry": {
        "type": "Point",
        "coordinates": [
          -76.533115,
          3.3310392
        ]
      },
      "properties": {
        "id": "cali-laika-punto-de-acopio-para-mascotas-sedes-capri-y-pance",
        "nombre": "Laika - punto de acopio para mascotas (sedes Capri y Pance)",
        "tipo": "animal",
        "rol": "punto_donacion",
        "municipio": "Cali",
        "departamento": "Valle del Cauca",
        "direccion": "Sedes de Capri y Pance (direcciones exactas no publicadas)",
        "geocode_query": "Sedes de Capri y Pance (direcciones exactas no publicadas), Cali, Valle del Cauca, Colombia",
        "horario": null,
        "telefono": null,
        "responsable": "Laika",
        "verificado": false,
        "nivel_verificacion": "prensa",
        "vigente": "desconocido",
        "alerta": null,
        "necesidades": {
          "insumos_veterinarios": "urgente",
          "medicamentos": "necesita",
          "guacales_correas": "urgente",
          "alimento_mascotas": "urgente",
          "colchonetas_cobijas": "necesita"
        },
        "no_recibe": [],
        "sangre": null,
        "notas": "Recibe concentrado, comida húmeda, snacks, medicamentos y guacales. Apoyo veterinario remoto gratuito 24/7 de Fixit: 333 602 5800 / 601 438 7525.",
        "fuente": {
          "nombre": "El Tiempo",
          "url": "https://www.eltiempo.com/cultura/gente/como-donar-comida-y-otras-ayudas-para-los-animales-victimas-del-terremoto-en-colombia-3577903",
          "fecha_publicacion": "2026-08-12"
        },
        "fecha_verificacion": "2026-08-13",
        "precision_ubicacion": "exacta",
        "nota_ubicacion": null,
        "capacidad": null,
        "ocupacion": null,
        "admite_mascotas": null,
        "servicios": [],
        "requisitos_ingreso": null,
        "es_alerta": false
      }
    },
    {
      "type": "Feature",
      "geometry": {
        "type": "Point",
        "coordinates": [
          -76.0420259,
          4.9084594
        ]
      },
      "properties": {
        "id": "el-aguila-campana-el-aguila-nos-necesita-casa-de-la-cultura",
        "nombre": "Campaña El Águila nos Necesita - Casa de la Cultura",
        "tipo": "acopio",
        "rol": "ambos",
        "municipio": "El Águila",
        "departamento": "Valle del Cauca",
        "direccion": "Casa de la Cultura de El Águila",
        "geocode_query": "Casa de la Cultura de El Águila, El Águila, Valle del Cauca, Colombia",
        "horario": null,
        "telefono": null,
        "responsable": "Corpoáguila",
        "verificado": false,
        "nivel_verificacion": "prensa",
        "vigente": "desconocido",
        "alerta": null,
        "necesidades": {
          "agua": "necesita",
          "herramientas": "necesita",
          "colchonetas_cobijas": "urgente",
          "carpas_plasticos": "urgente",
          "aseo_personal": "urgente",
          "alimentos_no_perecederos": "urgente"
        },
        "no_recibe": [],
        "sangre": null,
        "notas": "Punto EN la zona de impacto del norte del Valle. Recibe donaciones para las familias del propio municipio y organiza la recolección de escombros. Cuenta de ahorros 4-692-63-00426-2. Iniciativa local, no institucional.",
        "fuente": {
          "nombre": "El País (Cali)",
          "url": "https://www.elpais.com.co/valle/el-aguila-el-cairo-buenaventura-y-roldanillo-entre-los-mas-afectados-asi-puede-ayudar-1233.html",
          "fecha_publicacion": "2026-08-12"
        },
        "fecha_verificacion": "2026-08-13",
        "precision_ubicacion": "exacta",
        "nota_ubicacion": null,
        "capacidad": null,
        "ocupacion": null,
        "admite_mascotas": null,
        "servicios": [],
        "requisitos_ingreso": null,
        "es_alerta": false
      }
    },
    {
      "type": "Feature",
      "geometry": {
        "type": "Point",
        "coordinates": [
          -74.0662193,
          4.6640413
        ]
      },
      "properties": {
        "id": "bogota-cruz-roja-colombiana-canal-nacional-de-donacion-y-busqueda-de-f",
        "nombre": "Cruz Roja Colombiana - canal nacional de donación y búsqueda de familiares",
        "tipo": "institucion",
        "rol": "ambos",
        "municipio": "Bogotá",
        "departamento": "Bogotá D.C.",
        "direccion": "Avenida carrera 68 # 68B-31 (sede nacional)",
        "geocode_query": "Avenida carrera 68 # 68B-31 (sede nacional), Bogotá, Bogotá D.C., Colombia",
        "horario": null,
        "telefono": "321 213 9525",
        "responsable": "Cruz Roja Colombiana",
        "verificado": true,
        "nivel_verificacion": "institucional",
        "vigente": true,
        "alerta": null,
        "necesidades": {
          "otros": "urgente"
        },
        "no_recibe": [],
        "sangre": null,
        "notas": "Donación monetaria: cuenta corriente Davivienda 0560455069996490, Daviplata y ayuda.cruzrojacolombiana.org. Correo: donaciones@cruzrojacolombiana.org. Restablecimiento de Contactos Familiares (personas desaparecidas): rcf@cruzrojacolombiana.org o WhatsApp 321 213 9525.",
        "fuente": {
          "nombre": "Cruz Roja Colombiana",
          "url": "https://www.cruzrojacolombiana.org/cruz-roja-colombiana-despliega-capacidades-para-dar-respuesta-tras-las-afectaciones-por-sismo-en-colombia/",
          "fecha_publicacion": "2026-08-10"
        },
        "fecha_verificacion": "2026-08-13",
        "precision_ubicacion": "exacta",
        "nota_ubicacion": null,
        "capacidad": null,
        "ocupacion": null,
        "admite_mascotas": null,
        "servicios": [],
        "requisitos_ingreso": null,
        "es_alerta": false
      }
    },
    {
      "type": "Feature",
      "geometry": {
        "type": "Point",
        "coordinates": [
          -74.0678316,
          4.6070005
        ]
      },
      "properties": {
        "id": "bogota-universidad-jorge-tadeo-lozano-punto-de-acopio",
        "nombre": "Universidad Jorge Tadeo Lozano - Punto de acopio",
        "tipo": "acopio",
        "rol": "punto_donacion",
        "municipio": "Bogotá",
        "departamento": "Bogotá D.C.",
        "direccion": "Carrera 4 #22-61",
        "geocode_query": "Carrera 4 #22-61, Bogotá, Bogotá D.C., Colombia",
        "precision_ubicacion": "exacta",
        "nota_ubicacion": null,
        "horario": "8:00 a.m. a 9:00 p.m., lunes a domingo",
        "telefono": null,
        "responsable": "Alcaldía Mayor de Bogotá / Cruz Roja Colombiana Seccional Cundinamarca y Bogotá",
        "verificado": true,
        "nivel_verificacion": "institucional",
        "vigente": true,
        "alerta": null,
        "necesidades": {
          "agua": "urgente",
          "alimentos_no_perecederos": "urgente",
          "aseo_personal": "necesita",
          "panales_formula": "necesita",
          "medicamentos": "necesita",
          "colchonetas_cobijas": "urgente",
          "ropa_calzado": "necesita"
        },
        "no_recibe": [
          "Alimentos perecederos o productos abiertos",
          "Agua en envases abollados, con fugas o decoloración",
          "Medicamentos vencidos o parcialmente usados",
          "Ropa usada (solo nueva o en excelente estado)",
          "Ropa interior usada"
        ],
        "sangre": null,
        "notas": "Punto confirmado por la Alcaldía. Toldillos también solicitados. La lista de 'no recibe' es la regla distrital general publicada por bogota.gov.co y aplica a los puntos coordinados por Alcaldía/Cruz Roja.",
        "fuente": {
          "nombre": "Portal Bogotá (bogota.gov.co)",
          "url": "https://bogota.gov.co/mi-ciudad/seguridad/puntos-de-donacion-en-bogota-para-damnificados-terremoto-en-colombia",
          "fecha_publicacion": "2026-08-10"
        },
        "fecha_verificacion": "2026-08-13",
        "capacidad": null,
        "ocupacion": null,
        "admite_mascotas": null,
        "servicios": [],
        "requisitos_ingreso": null,
        "es_alerta": false
      }
    },
    {
      "type": "Feature",
      "geometry": {
        "type": "Point",
        "coordinates": [
          -74.025936,
          4.737165
        ]
      },
      "properties": {
        "id": "bogota-punto-de-acopio-usaquen",
        "nombre": "Punto de acopio Usaquén",
        "tipo": "acopio",
        "rol": "punto_donacion",
        "municipio": "Bogotá",
        "departamento": "Bogotá D.C.",
        "direccion": "Calle 161A #7F-55",
        "geocode_query": "Calle 161A #7F-55, Bogotá, Bogotá D.C., Colombia",
        "precision_ubicacion": "exacta",
        "nota_ubicacion": null,
        "horario": "8:00 a.m. a 9:00 p.m., lunes a domingo",
        "telefono": null,
        "responsable": "Alcaldía Mayor de Bogotá / Cruz Roja Colombiana",
        "verificado": true,
        "nivel_verificacion": "institucional",
        "vigente": true,
        "alerta": null,
        "necesidades": {
          "agua": "urgente",
          "alimentos_no_perecederos": "urgente",
          "aseo_personal": "necesita",
          "panales_formula": "necesita",
          "medicamentos": "necesita",
          "colchonetas_cobijas": "urgente",
          "ropa_calzado": "necesita"
        },
        "no_recibe": [
          "Alimentos perecederos o productos abiertos",
          "Agua en envases abollados o con fugas",
          "Medicamentos vencidos",
          "Ropa usada",
          "Ropa interior usada"
        ],
        "sangre": null,
        "notas": "También habilitado para recibir VOLUNTARIOS que clasifican y empacan donaciones.",
        "fuente": {
          "nombre": "Portal Bogotá (bogota.gov.co)",
          "url": "https://bogota.gov.co/mi-ciudad/ambiente/como-ser-voluntario-en-puntos-de-donacion-y-ayudas-en-bogota-2026",
          "fecha_publicacion": "2026-08-12"
        },
        "fecha_verificacion": "2026-08-13",
        "capacidad": null,
        "ocupacion": null,
        "admite_mascotas": null,
        "servicios": [],
        "requisitos_ingreso": null,
        "es_alerta": false
      }
    },
    {
      "type": "Feature",
      "geometry": {
        "type": "Point",
        "coordinates": [
          -74.0410284,
          4.702703
        ]
      },
      "properties": {
        "id": "bogota-centro-comercial-unicentro-punto-de-acopio",
        "nombre": "Centro Comercial Unicentro - Punto de acopio",
        "tipo": "acopio",
        "rol": "punto_donacion",
        "municipio": "Bogotá",
        "departamento": "Bogotá D.C.",
        "direccion": "Carrera 15 #124-30",
        "geocode_query": "Carrera 15 #124-30, Bogotá, Bogotá D.C., Colombia",
        "precision_ubicacion": "exacta",
        "nota_ubicacion": null,
        "horario": "8:00 a.m. a 9:00 p.m., lunes a domingo",
        "telefono": null,
        "responsable": "Alcaldía Mayor de Bogotá / Cruz Roja Colombiana",
        "verificado": true,
        "nivel_verificacion": "institucional",
        "vigente": true,
        "alerta": null,
        "necesidades": {
          "agua": "urgente",
          "alimentos_no_perecederos": "urgente",
          "aseo_personal": "necesita",
          "panales_formula": "necesita",
          "medicamentos": "necesita",
          "colchonetas_cobijas": "urgente",
          "ropa_calzado": "necesita"
        },
        "no_recibe": [
          "Alimentos perecederos o productos abiertos",
          "Agua en mal estado",
          "Medicamentos vencidos",
          "Ropa usada",
          "Ropa interior usada"
        ],
        "sangre": null,
        "notas": "CONTRADICCIÓN DE HORARIO: bogota.gov.co (10 ago), Infobae, El Tiempo, La FM y Revista Diners reportan 8 a.m.-9 p.m.; la guía práctica de bogota.gov.co del 12 de agosto reporta 9 a.m.-5 p.m. Se adopta 8 a.m.-9 p.m. por consenso mayoritario, pero conviene confirmar antes de ir.",
        "fuente": {
          "nombre": "Portal Bogotá (bogota.gov.co)",
          "url": "https://bogota.gov.co/mi-ciudad/ambiente/alcaldia-de-bogota-habilito-cuatro-puntos-de-donaciones-terremoto",
          "fecha_publicacion": "2026-08-11"
        },
        "fecha_verificacion": "2026-08-13",
        "capacidad": null,
        "ocupacion": null,
        "admite_mascotas": null,
        "servicios": [],
        "requisitos_ingreso": null,
        "es_alerta": false
      }
    },
    {
      "type": "Feature",
      "geometry": {
        "type": "Point",
        "coordinates": [
          -74.0662838,
          4.6641398
        ]
      },
      "properties": {
        "id": "bogota-cruz-roja-colombiana-sede-administrativa-seccional-cundinamarca",
        "nombre": "Cruz Roja Colombiana - Sede administrativa Seccional Cundinamarca y Bogotá",
        "tipo": "acopio",
        "rol": "punto_donacion",
        "municipio": "Bogotá",
        "departamento": "Bogotá D.C.",
        "direccion": "Carrera 24 #73-38",
        "geocode_query": "Carrera 24 #73-38, Bogotá, Bogotá D.C., Colombia",
        "precision_ubicacion": "exacta",
        "nota_ubicacion": null,
        "horario": "24 horas, todos los días",
        "telefono": null,
        "responsable": "Cruz Roja Colombiana Seccional Cundinamarca y Bogotá",
        "verificado": true,
        "nivel_verificacion": "institucional",
        "vigente": true,
        "alerta": null,
        "necesidades": {
          "agua": "urgente",
          "alimentos_no_perecederos": "urgente",
          "aseo_personal": "urgente",
          "panales_formula": "necesita",
          "medicamentos": "necesita",
          "colchonetas_cobijas": "urgente",
          "ropa_calzado": "necesita"
        },
        "no_recibe": [
          "Alimentos perecederos o productos abiertos",
          "Medicamentos vencidos",
          "Ropa usada",
          "Ropa interior usada"
        ],
        "sangre": null,
        "notas": "Horario 24 horas CONFIRMADO por múltiples fuentes (bogota.gov.co, Infobae, Pulzo, Diners). Es el punto con mayor demanda de VOLUNTARIOS precisamente por operar de forma continua.",
        "fuente": {
          "nombre": "Portal Bogotá (bogota.gov.co)",
          "url": "https://bogota.gov.co/mi-ciudad/ambiente/como-ser-voluntario-en-puntos-de-donacion-y-ayudas-en-bogota-2026",
          "fecha_publicacion": "2026-08-12"
        },
        "fecha_verificacion": "2026-08-13",
        "capacidad": null,
        "ocupacion": null,
        "admite_mascotas": null,
        "servicios": [],
        "requisitos_ingreso": null,
        "es_alerta": false
      }
    },
    {
      "type": "Feature",
      "geometry": {
        "type": "Point",
        "coordinates": [
          -74.0841157,
          4.6554178
        ]
      },
      "properties": {
        "id": "bogota-palacio-de-los-deportes",
        "nombre": "Palacio de los Deportes",
        "tipo": "acopio",
        "rol": "punto_donacion",
        "municipio": "Bogotá",
        "departamento": "Bogotá D.C.",
        "direccion": "Calle 63 #59A-06",
        "geocode_query": "Calle 63 #59A-06, Bogotá, Bogotá D.C., Colombia",
        "precision_ubicacion": "exacta",
        "nota_ubicacion": null,
        "horario": "8:00 a.m. a 8:00 p.m.",
        "telefono": null,
        "responsable": "Secretaría Distrital de Gobierno - Alcaldía Mayor de Bogotá",
        "verificado": false,
        "nivel_verificacion": "prensa",
        "vigente": true,
        "alerta": null,
        "necesidades": {
          "alimentos_no_perecederos": "urgente",
          "aseo_personal": "urgente",
          "colchonetas_cobijas": "necesita",
          "ropa_calzado": "urgente",
          "herramientas": "necesita",
          "otros": "necesita"
        },
        "no_recibe": [
          "Alimentos perecederos o productos abiertos",
          "Medicamentos vencidos",
          "Ropa usada"
        ],
        "sangre": null,
        "notas": "DOS CONTRADICCIONES. (1) Dirección: bogota.gov.co, Infobae, El Tiempo, La FM y Cablenoticias dicen Calle 63 #59A-06; El Espectador y la guía práctica de bogota.gov.co dicen Calle 63 #54A-06. Se adopta 59A-06 por mayoría de fuentes incluyendo institucionales. (2) Horario: 8 a.m.-8 p.m. según bogota.gov.co y El Espectador; La FM reporta 8 a.m.-9 p.m. El Espectador (13 ago) indica que este punto es EXCLUSIVO para donaciones destinadas a Chocó y que recibe además menaje de cocina, elementos de hogar y materiales de construcción.",
        "fuente": {
          "nombre": "El Espectador",
          "url": "https://www.elespectador.com/bogota/donde-donar-para-los-afectados-por-el-terremoto-puntos-autorizados-en-bogota-y-cundinamarca/",
          "fecha_publicacion": "2026-08-13"
        },
        "fecha_verificacion": "2026-08-13",
        "capacidad": null,
        "ocupacion": null,
        "admite_mascotas": null,
        "servicios": [],
        "requisitos_ingreso": null,
        "es_alerta": false
      }
    },
    {
      "type": "Feature",
      "geometry": {
        "type": "Point",
        "coordinates": [
          -74.0778039,
          4.6458309
        ]
      },
      "properties": {
        "id": "bogota-estadio-nemesio-camacho-el-campin",
        "nombre": "Estadio Nemesio Camacho El Campín",
        "tipo": "acopio",
        "rol": "punto_donacion",
        "municipio": "Bogotá",
        "departamento": "Bogotá D.C.",
        "direccion": "Avenida NQS (Carrera 30) entre Calle 53B Bis y Calle 57",
        "geocode_query": "Avenida NQS (Carrera 30) entre Calle 53B Bis y Calle 57, Bogotá, Bogotá D.C., Colombia",
        "precision_ubicacion": "aproximada",
        "nota_ubicacion": "Ubicación a nivel de barrio, sector o cabecera municipal. Afinar a mano si es posible.",
        "horario": "8:00 a.m. a 9:00 p.m.",
        "telefono": "310 785 9941 (WhatsApp, inscripción de voluntarios)",
        "responsable": "Alcaldía Mayor de Bogotá / Cruz Roja Colombiana / Sencia",
        "verificado": true,
        "nivel_verificacion": "institucional",
        "vigente": true,
        "alerta": null,
        "necesidades": {
          "agua": "urgente",
          "alimentos_no_perecederos": "urgente",
          "aseo_personal": "necesita",
          "panales_formula": "necesita",
          "medicamentos": "necesita",
          "colchonetas_cobijas": "urgente"
        },
        "no_recibe": [
          "Alimentos perecederos o productos abiertos",
          "Medicamentos vencidos",
          "Ropa usada"
        ],
        "sangre": null,
        "notas": "Operado a través de Sencia. Recibe voluntarios; el WhatsApp es para agendamiento de voluntariado, no necesariamente para consultas de donación.",
        "fuente": {
          "nombre": "Portal Bogotá (bogota.gov.co)",
          "url": "https://bogota.gov.co/mi-ciudad/ambiente/como-ser-voluntario-en-puntos-de-donacion-y-ayudas-en-bogota-2026",
          "fecha_publicacion": "2026-08-12"
        },
        "fecha_verificacion": "2026-08-13",
        "capacidad": null,
        "ocupacion": null,
        "admite_mascotas": null,
        "servicios": [],
        "requisitos_ingreso": null,
        "es_alerta": false
      }
    },
    {
      "type": "Feature",
      "geometry": {
        "type": "Point",
        "coordinates": [
          -74.1312629,
          4.6072495
        ]
      },
      "properties": {
        "id": "bogota-cruz-roja-samu-sur",
        "nombre": "Cruz Roja - SAMU Sur",
        "tipo": "acopio",
        "rol": "punto_donacion",
        "municipio": "Bogotá",
        "departamento": "Bogotá D.C.",
        "direccion": "Avenida Carrera 68 #31-41 sur",
        "geocode_query": "Avenida Carrera 68 #31-41 sur, Bogotá, Bogotá D.C., Colombia",
        "precision_ubicacion": "exacta",
        "nota_ubicacion": null,
        "horario": null,
        "telefono": null,
        "responsable": "Cruz Roja Colombiana Seccional Cundinamarca y Bogotá",
        "verificado": false,
        "nivel_verificacion": "prensa",
        "vigente": true,
        "alerta": null,
        "necesidades": {
          "agua": "urgente",
          "alimentos_no_perecederos": "urgente",
          "aseo_personal": "necesita",
          "medicamentos": "necesita",
          "colchonetas_cobijas": "urgente",
          "otros": "necesita"
        },
        "no_recibe": [
          "Alimentos perecederos",
          "Medicamentos vencidos",
          "Ropa usada"
        ],
        "sangre": null,
        "notas": "Dirección CONFIRMADA de forma consistente por Infobae, El Tiempo, El Espectador y Cablenoticias. Ninguna fuente publica horario ni teléfono para este punto; se recomienda confirmar con la línea de la Cruz Roja.",
        "fuente": {
          "nombre": "Infobae Colombia",
          "url": "https://www.infobae.com/colombia/2026/08/10/centros-de-acopio-habilitados-en-colombia-tras-el-terremoto-guia-por-ciudad-para-donar-y-ayudar-a-las-victimas/",
          "fecha_publicacion": "2026-08-10"
        },
        "fecha_verificacion": "2026-08-13",
        "capacidad": null,
        "ocupacion": null,
        "admite_mascotas": null,
        "servicios": [],
        "requisitos_ingreso": null,
        "es_alerta": false
      }
    },
    {
      "type": "Feature",
      "geometry": {
        "type": "Point",
        "coordinates": [
          -74.030318,
          4.710908
        ]
      },
      "properties": {
        "id": "bogota-cruz-roja-samu-norte",
        "nombre": "Cruz Roja - SAMU Norte",
        "tipo": "acopio",
        "rol": "punto_donacion",
        "municipio": "Bogotá",
        "departamento": "Bogotá D.C.",
        "direccion": "Calle 134 - Carrera 7B Bis #132-31",
        "geocode_query": "Calle 134 - Carrera 7B Bis #132-31, Bogotá, Bogotá D.C., Colombia",
        "precision_ubicacion": "exacta",
        "nota_ubicacion": null,
        "horario": null,
        "telefono": null,
        "responsable": "Cruz Roja Colombiana Seccional Cundinamarca y Bogotá",
        "verificado": false,
        "nivel_verificacion": "prensa",
        "vigente": true,
        "alerta": null,
        "necesidades": {
          "agua": "urgente",
          "alimentos_no_perecederos": "urgente",
          "aseo_personal": "necesita",
          "medicamentos": "necesita",
          "colchonetas_cobijas": "urgente"
        },
        "no_recibe": [
          "Alimentos perecederos",
          "Medicamentos vencidos",
          "Ropa usada"
        ],
        "sangre": null,
        "notas": "CONTRADICCIÓN MENOR de nomenclatura: Infobae, El Espectador y Cablenoticias reportan #132-31; El Tiempo reporta #132-32. Es el mismo predio sobre la Calle 134 con Carrera 7B Bis.",
        "fuente": {
          "nombre": "Infobae Colombia",
          "url": "https://www.infobae.com/colombia/2026/08/10/centros-de-acopio-habilitados-en-colombia-tras-el-terremoto-guia-por-ciudad-para-donar-y-ayudar-a-las-victimas/",
          "fecha_publicacion": "2026-08-10"
        },
        "fecha_verificacion": "2026-08-13",
        "capacidad": null,
        "ocupacion": null,
        "admite_mascotas": null,
        "servicios": [],
        "requisitos_ingreso": null,
        "es_alerta": false
      }
    },
    {
      "type": "Feature",
      "geometry": {
        "type": "Point",
        "coordinates": [
          -74.0862205,
          4.6660358
        ]
      },
      "properties": {
        "id": "bogota-cruz-roja-centro-de-salvamento-acuatico-de-bogota-barrios-unido",
        "nombre": "Cruz Roja - Centro de Salvamento Acuático de Bogotá (Barrios Unidos)",
        "tipo": "acopio",
        "rol": "punto_donacion",
        "municipio": "Bogotá",
        "departamento": "Bogotá D.C.",
        "direccion": "Avenida La Esmeralda #63-81",
        "geocode_query": "Avenida La Esmeralda #63-81, Bogotá, Bogotá D.C., Colombia",
        "precision_ubicacion": "exacta",
        "nota_ubicacion": null,
        "horario": null,
        "telefono": null,
        "responsable": "Cruz Roja Colombiana Seccional Cundinamarca y Bogotá",
        "verificado": false,
        "nivel_verificacion": "prensa",
        "vigente": true,
        "alerta": null,
        "necesidades": {
          "agua": "urgente",
          "alimentos_no_perecederos": "urgente",
          "aseo_personal": "necesita",
          "medicamentos": "necesita",
          "colchonetas_cobijas": "urgente"
        },
        "no_recibe": [
          "Alimentos perecederos",
          "Medicamentos vencidos",
          "Ropa usada"
        ],
        "sangre": null,
        "notas": "Ubicado en la localidad de Barrios Unidos. Sin horario ni teléfono publicados por ninguna fuente.",
        "fuente": {
          "nombre": "El Tiempo",
          "url": "https://www.eltiempo.com/colombia/otras-ciudades/como-ayudar-tras-terremoto-de-7-4-en-colombia-estos-son-los-centros-de-acopio-bancos-de-sangre-y-alimentos-canales-oficiales-y-puntos-de-donacion-3577631",
          "fecha_publicacion": "2026-08-11"
        },
        "fecha_verificacion": "2026-08-13",
        "capacidad": null,
        "ocupacion": null,
        "admite_mascotas": null,
        "servicios": [],
        "requisitos_ingreso": null,
        "es_alerta": false
      }
    },
    {
      "type": "Feature",
      "geometry": {
        "type": "Point",
        "coordinates": [
          -74.0773444,
          4.6796948
        ]
      },
      "properties": {
        "id": "bogota-cruz-roja-bodega",
        "nombre": "Cruz Roja - Bodega",
        "tipo": "acopio",
        "rol": "punto_donacion",
        "municipio": "Bogotá",
        "departamento": "Bogotá D.C.",
        "direccion": "Diagonal 79B #62-53",
        "geocode_query": "Diagonal 79B #62-53, Bogotá, Bogotá D.C., Colombia",
        "precision_ubicacion": "exacta",
        "nota_ubicacion": null,
        "horario": null,
        "telefono": null,
        "responsable": "Cruz Roja Colombiana Seccional Cundinamarca y Bogotá",
        "verificado": false,
        "nivel_verificacion": "prensa",
        "vigente": true,
        "alerta": null,
        "necesidades": {
          "agua": "urgente",
          "alimentos_no_perecederos": "urgente",
          "aseo_personal": "necesita",
          "medicamentos": "necesita",
          "colchonetas_cobijas": "urgente"
        },
        "no_recibe": [
          "Alimentos perecederos",
          "Medicamentos vencidos",
          "Ropa usada"
        ],
        "sangre": null,
        "notas": "Bodega logística de la Cruz Roja. Más orientada a entregas de gran volumen (empresas) que a donación individual. Sin horario ni teléfono publicados.",
        "fuente": {
          "nombre": "El Espectador",
          "url": "https://www.elespectador.com/bogota/donde-donar-para-los-afectados-por-el-terremoto-puntos-autorizados-en-bogota-y-cundinamarca/",
          "fecha_publicacion": "2026-08-13"
        },
        "fecha_verificacion": "2026-08-13",
        "capacidad": null,
        "ocupacion": null,
        "admite_mascotas": null,
        "servicios": [],
        "requisitos_ingreso": null,
        "es_alerta": false
      }
    },
    {
      "type": "Feature",
      "geometry": {
        "type": "Point",
        "coordinates": [
          -74.0975441,
          4.650526
        ]
      },
      "properties": {
        "id": "bogota-vive-claro-distrito-cultural-centro-nacional-de-acopio",
        "nombre": "Vive Claro Distrito Cultural - Centro nacional de acopio",
        "tipo": "acopio",
        "rol": "punto_donacion",
        "municipio": "Bogotá",
        "departamento": "Bogotá D.C.",
        "direccion": "Carrera 60 #42-41 (Calle 53 con Carrera 60). Puerta 4 empresas y logística; puerta 2 vehículos particulares; puerta 10 voluntarios",
        "geocode_query": "Carrera 60 #42-41 (Calle 53 con Carrera 60). Puerta 4 empresas y logística; puerta 2 vehículos particulares; puerta 10 voluntarios, Bogotá, Bogotá D.C., Colombia",
        "precision_ubicacion": "exacta",
        "nota_ubicacion": null,
        "horario": "8:00 a.m. a 5:00 p.m., todos los días hasta el 31 de agosto de 2026",
        "telefono": null,
        "responsable": "OCESA / Vive Claro, bajo liderazgo de la Primera Dama Ana Lucía Pineda (campaña 'Colombia, un solo corazón')",
        "verificado": false,
        "nivel_verificacion": "prensa",
        "vigente": true,
        "alerta": null,
        "necesidades": {
          "agua": "urgente",
          "alimentos_no_perecederos": "urgente",
          "aseo_personal": "necesita",
          "medicamentos": "necesita",
          "colchonetas_cobijas": "urgente"
        },
        "no_recibe": [
          "Alimentos perecederos",
          "Medicamentos vencidos",
          "Ropa usada"
        ],
        "sangre": null,
        "notas": "PUNTO NUEVO (11-12 ago), el mayor del país. Es el centro de consolidación al que los 42 centros comerciales de Fenalco y otros puntos envían lo recogido, para despacho a Chocó, Valle del Cauca, Risaralda, Quindío y Caldas. CONTRADICCIONES: dirección publicada como 'Carrera 60 #42-41' por La FM y como 'Calle 53 con carrera 60' por Semana (misma manzana); horario 8 a.m.-5 p.m. según Semana vs 8 a.m.-9 p.m. según La FM.",
        "fuente": {
          "nombre": "Semana",
          "url": "https://www.semana.com/nacion/articulo/terremoto-en-colombia-ana-lucia-pineda-lidera-iniciativa-de-nuevos-puntos-de-acopio-en-bogota-para-ayudar-a-los-damnificados/202642/",
          "fecha_publicacion": "2026-08-11"
        },
        "fecha_verificacion": "2026-08-13",
        "capacidad": null,
        "ocupacion": null,
        "admite_mascotas": null,
        "servicios": [],
        "requisitos_ingreso": null,
        "es_alerta": false
      }
    },
    {
      "type": "Feature",
      "geometry": {
        "type": "Point",
        "coordinates": [
          -74.1160862,
          4.6827939
        ]
      },
      "properties": {
        "id": "bogota-centro-comercial-nuestro-bogota",
        "nombre": "Centro Comercial Nuestro Bogotá",
        "tipo": "acopio",
        "rol": "punto_donacion",
        "municipio": "Bogotá",
        "departamento": "Bogotá D.C.",
        "direccion": "Avenida Carrera 86 #55-75, punto de información primer piso, contiguo a Éxito Wow",
        "geocode_query": "Avenida Carrera 86 #55-75, punto de información primer piso, contiguo a Éxito Wow, Bogotá, Bogotá D.C., Colombia",
        "precision_ubicacion": "exacta",
        "nota_ubicacion": null,
        "horario": "Lunes a viernes 10:00 a.m. a 7:00 p.m.; sábados 11:00 a.m. a 7:00 p.m.; domingos 12:00 m. a 7:00 p.m.",
        "telefono": null,
        "responsable": "Administración del centro comercial (gerente estratégico David Vaca), entrega a Cruz Roja Colombiana",
        "verificado": false,
        "nivel_verificacion": "prensa",
        "vigente": true,
        "alerta": null,
        "necesidades": {
          "agua": "urgente",
          "alimentos_no_perecederos": "urgente",
          "aseo_personal": "necesita",
          "medicamentos": "necesita",
          "colchonetas_cobijas": "urgente"
        },
        "no_recibe": [
          "Alimentos perecederos",
          "Medicamentos vencidos",
          "Ropa usada"
        ],
        "sangre": null,
        "notas": "PUNTO NUEVO. Localidad de Engativá/occidente. CONTRADICCIÓN DE HORARIO: La FM lo lista dentro del bloque general de 8 a.m.-9 p.m.; Semana publica el horario comercial detallado (10 a.m.-7 p.m. entre semana). Se adopta el horario de Semana por ser específico del punto. Almacenamiento en local de 80 m².",
        "fuente": {
          "nombre": "Semana",
          "url": "https://www.semana.com/nacion/articulo/terremoto-en-colombia-ana-lucia-pineda-lidera-iniciativa-de-nuevos-puntos-de-acopio-en-bogota-para-ayudar-a-los-damnificados/202642/",
          "fecha_publicacion": "2026-08-11"
        },
        "fecha_verificacion": "2026-08-13",
        "capacidad": null,
        "ocupacion": null,
        "admite_mascotas": null,
        "servicios": [],
        "requisitos_ingreso": null,
        "es_alerta": false
      }
    },
    {
      "type": "Feature",
      "geometry": {
        "type": "Point",
        "coordinates": [
          -74.130241,
          4.5779114
        ]
      },
      "properties": {
        "id": "bogota-centro-comercial-ciudad-tunal-punto-de-acopio-de-tunjuelito",
        "nombre": "Centro Comercial Ciudad Tunal - Punto de acopio de Tunjuelito",
        "tipo": "acopio",
        "rol": "punto_donacion",
        "municipio": "Bogotá",
        "departamento": "Bogotá D.C.",
        "direccion": "Calle 47B sur #24B-33, localidad de Tunjuelito",
        "geocode_query": "Calle 47B sur #24B-33, localidad de Tunjuelito, Bogotá, Bogotá D.C., Colombia",
        "precision_ubicacion": "exacta",
        "nota_ubicacion": null,
        "horario": "9:00 a.m. a 7:00 p.m., desde el miércoles 12 de agosto de 2026",
        "telefono": null,
        "responsable": "Alcaldía Local de Tunjuelito",
        "verificado": true,
        "nivel_verificacion": "institucional",
        "vigente": true,
        "alerta": null,
        "necesidades": {
          "agua": "urgente",
          "alimentos_no_perecederos": "urgente",
          "aseo_personal": "urgente",
          "medicamentos": "necesita",
          "ropa_calzado": "necesita"
        },
        "no_recibe": [
          "Alimentos perecederos",
          "Medicamentos vencidos",
          "Ropa usada"
        ],
        "sangre": null,
        "notas": "PUNTO NUEVO abierto el 12 de agosto. Esta es la DIRECCIÓN EXACTA del punto de Tunjuelito que faltaba. Destinado a Pereira, Cali, Manizales y Quibdó. Recibe además elementos de primeros auxilios.",
        "fuente": {
          "nombre": "Portal Bogotá (bogota.gov.co)",
          "url": "https://bogota.gov.co/mi-ciudad/gobierno/bogota-habilita-punto-recepcion-donaciones-por-terremoto-en-tunjuelito",
          "fecha_publicacion": "2026-08-12"
        },
        "fecha_verificacion": "2026-08-13",
        "capacidad": null,
        "ocupacion": null,
        "admite_mascotas": null,
        "servicios": [],
        "requisitos_ingreso": null,
        "es_alerta": false
      }
    },
    {
      "type": "Feature",
      "geometry": {
        "type": "Point",
        "coordinates": [
          -74.0899575,
          4.6291803
        ]
      },
      "properties": {
        "id": "bogota-corferias-centro-de-acopio-de-ayuda-animal-expopet-2026",
        "nombre": "Corferias - Centro de acopio de ayuda animal (ExpoPet 2026)",
        "tipo": "animal",
        "rol": "punto_donacion",
        "municipio": "Bogotá",
        "departamento": "Bogotá D.C.",
        "direccion": "Carrera 37 #24-67, arco principal de Corferias",
        "geocode_query": "Carrera 37 #24-67, arco principal de Corferias, Bogotá, Bogotá D.C., Colombia",
        "precision_ubicacion": "exacta",
        "nota_ubicacion": null,
        "horario": "13 al 17 de agosto de 2026, 10:00 a.m. a 6:00 p.m. jornada continua",
        "telefono": null,
        "responsable": "Instituto Distrital de Protección y Bienestar Animal (IDPYBA) - Instagram @animalesbog, con apoyo de ExpoPet y sector privado",
        "verificado": true,
        "nivel_verificacion": "institucional",
        "vigente": true,
        "alerta": null,
        "necesidades": {
          "alimento_mascotas": "urgente",
          "insumos_veterinarios": "urgente",
          "guacales_correas": "urgente",
          "medicamentos": "necesita"
        },
        "no_recibe": [],
        "sangre": null,
        "notas": "PUNTO NUEVO, abre HOY 13 de agosto. NO es necesario pagar entrada ni ingresar al recinto ferial para donar. Recibe: alimento seco y húmedo para perros y gatos, arena para gatos, guacales, collares, correas, bozales canasta, comederos; e insumos veterinarios: gasas, algodón, antisépticos (clorhexidina spray, ácido hipocloroso), antibióticos (cefalexina, metronidazol), meloxicam inyectable y oral, solución salina, lactato de Ringer, catéteres, jeringas, agujas, etamsilato.",
        "fuente": {
          "nombre": "Portal Bogotá (bogota.gov.co)",
          "url": "https://bogota.gov.co/mi-ciudad/ambiente/corferias-sera-centro-de-acopio-ayuda-animales-afectados-terremoto",
          "fecha_publicacion": "2026-08-12"
        },
        "fecha_verificacion": "2026-08-13",
        "capacidad": null,
        "ocupacion": null,
        "admite_mascotas": null,
        "servicios": [],
        "requisitos_ingreso": null,
        "es_alerta": false
      }
    },
    {
      "type": "Feature",
      "geometry": {
        "type": "Point",
        "coordinates": [
          -74.0896691,
          4.6209641
        ]
      },
      "properties": {
        "id": "bogota-banco-de-alimentos-de-bogota",
        "nombre": "Banco de Alimentos de Bogotá",
        "tipo": "acopio",
        "rol": "punto_donacion",
        "municipio": "Bogotá",
        "departamento": "Bogotá D.C.",
        "direccion": "Calle 19A #32-50",
        "geocode_query": "Calle 19A #32-50, Bogotá, Bogotá D.C., Colombia",
        "precision_ubicacion": "exacta",
        "nota_ubicacion": null,
        "horario": null,
        "telefono": null,
        "responsable": "Banco de Alimentos de Bogotá (bancodealimentos.org.co)",
        "verificado": false,
        "nivel_verificacion": "prensa",
        "vigente": true,
        "alerta": null,
        "necesidades": {
          "alimentos_no_perecederos": "urgente",
          "aseo_personal": "necesita",
          "medicamentos": "necesita",
          "colchonetas_cobijas": "necesita"
        },
        "no_recibe": [
          "Alimentos perecederos",
          "Productos abiertos o vencidos",
          "Productos usados"
        ],
        "sangre": null,
        "notas": "CONFIRMADO. Recibe donación en especie en la sede y donación monetaria vía Bre-B 0091677852. Requiere productos nuevos, empacados y en condiciones adecuadas. Ninguna fuente publica horario ni teléfono; consultar bancodealimentos.org.co. ABACO (Asociación de Bancos de Alimentos de Colombia) coordina el corredor humanitario nacional: WhatsApp 313 245 7978, Bre-B 0090989753, Bancolombia 04867105340 (NIT 900326456-1).",
        "fuente": {
          "nombre": "El Tiempo",
          "url": "https://www.eltiempo.com/colombia/otras-ciudades/como-ayudar-tras-terremoto-de-7-4-en-colombia-estos-son-los-centros-de-acopio-bancos-de-sangre-y-alimentos-canales-oficiales-y-puntos-de-donacion-3577631",
          "fecha_publicacion": "2026-08-11"
        },
        "fecha_verificacion": "2026-08-13",
        "capacidad": null,
        "ocupacion": null,
        "admite_mascotas": null,
        "servicios": [],
        "requisitos_ingreso": null,
        "es_alerta": false
      }
    },
    {
      "type": "Feature",
      "geometry": {
        "type": "Point",
        "coordinates": [
          -74.0648499,
          4.6028127
        ]
      },
      "properties": {
        "id": "bogota-universidad-de-los-andes-cinco-puntos-de-acopio-en-campus",
        "nombre": "Universidad de los Andes - Cinco puntos de acopio en campus",
        "tipo": "acopio",
        "rol": "punto_donacion",
        "municipio": "Bogotá",
        "departamento": "Bogotá D.C.",
        "direccion": "Campus Cra 1 #18A-12. Puntos: Edificio Mario Laserna (ML) junto al Coink; Edificio AU entrada principal; Edificio CP (Centro de Práctica) Ak 7 #116-5 primer piso; Centro Cívico - Tienda Uniandes; Bloque Y - oficina del Consejo Estudiantil (CEU)",
        "geocode_query": "Campus Cra 1 #18A-12. Puntos: Edificio Mario Laserna (ML) junto al Coink; Edificio AU entrada principal; Edificio CP (Centro de Práctica) Ak 7 #116-5 primer piso; Centro Cívico - Tienda Uniandes; Bloque Y - oficina del Consejo Estudiantil (CEU), Bogotá, Bogotá D.C., Colombia",
        "precision_ubicacion": "aproximada",
        "nota_ubicacion": "Ubicación a nivel de barrio, sector o cabecera municipal. Afinar a mano si es posible.",
        "horario": "Durante todo el mes de agosto de 2026 (horario de campus)",
        "telefono": "601 339 4999 / 601 339 4949",
        "responsable": "Universidad de los Andes; distribución a través del Banco de Alimentos",
        "verificado": false,
        "nivel_verificacion": "prensa",
        "vigente": true,
        "alerta": null,
        "necesidades": {
          "agua": "urgente",
          "alimentos_no_perecederos": "urgente",
          "aseo_personal": "necesita",
          "medicamentos": "necesita",
          "colchonetas_cobijas": "necesita",
          "carpas_plasticos": "necesita",
          "linternas_pilas": "urgente",
          "otros": "necesita"
        },
        "no_recibe": [
          "Ropa (no se recibe ropa de ningún tipo)"
        ],
        "sangre": null,
        "notas": "IMPORTANTE: este punto NO recibe ropa, a diferencia de los puntos distritales. Recibe además sleeping bags, lonas/plásticos, power banks y materiales de limpieza. Destinado a Chocó, Cauca, Valle del Cauca, Risaralda, Caldas y Quindío. Universidad privada: por la regla definida se clasifica como 'prensa' aunque sea fuente propia institucional.",
        "fuente": {
          "nombre": "Universidad de los Andes",
          "url": "https://www.uniandes.edu.co/es/noticias/educacion/nos-unimos-para-apoyar-familias-afectadas-por-el-terremoto",
          "fecha_publicacion": "2026-08-11"
        },
        "fecha_verificacion": "2026-08-13",
        "capacidad": null,
        "ocupacion": null,
        "admite_mascotas": null,
        "servicios": [],
        "requisitos_ingreso": null,
        "es_alerta": false
      }
    },
    {
      "type": "Feature",
      "geometry": {
        "type": "Point",
        "coordinates": [
          -74.0435438,
          4.7000526
        ]
      },
      "properties": {
        "id": "bogota-scare-asociacion-colombiana-de-sociedades-cientificas-sede-bogo",
        "nombre": "SCARE / Asociación Colombiana de Sociedades Científicas - Sede Bogotá",
        "tipo": "acopio",
        "rol": "punto_donacion",
        "municipio": "Bogotá",
        "departamento": "Bogotá D.C.",
        "direccion": "Carrera 15A #120-74",
        "geocode_query": "Carrera 15A #120-74, Bogotá, Bogotá D.C., Colombia",
        "precision_ubicacion": "exacta",
        "nota_ubicacion": null,
        "horario": null,
        "telefono": "601 744 8100",
        "responsable": "Sociedad Colombiana de Anestesiología y Reanimación (SCARE) / Asociación Colombiana de Sociedades Científicas (ACSC)",
        "verificado": false,
        "nivel_verificacion": "prensa",
        "vigente": true,
        "alerta": null,
        "necesidades": {
          "medicamentos": "urgente",
          "alimentos_no_perecederos": "necesita",
          "otros": "urgente"
        },
        "no_recibe": [],
        "sangre": null,
        "notas": "Punto especializado en insumos médicos, medicamentos y alimentos. Parte de una red de 16 sedes nacionales. No se publican horarios de atención.",
        "fuente": {
          "nombre": "La FM",
          "url": "https://www.lafm.com.co/sociedad/terremoto-colombia-salud-sociedades-cientificas-407436",
          "fecha_publicacion": "2026-08-10"
        },
        "fecha_verificacion": "2026-08-13",
        "capacidad": null,
        "ocupacion": null,
        "admite_mascotas": null,
        "servicios": [],
        "requisitos_ingreso": null,
        "es_alerta": false
      }
    },
    {
      "type": "Feature",
      "geometry": {
        "type": "Point",
        "coordinates": [
          -74.054167,
          4.685172
        ]
      },
      "properties": {
        "id": "bogota-casa-de-boyaca-en-bogota",
        "nombre": "Casa de Boyacá en Bogotá",
        "tipo": "acopio",
        "rol": "punto_donacion",
        "municipio": "Bogotá",
        "departamento": "Bogotá D.C.",
        "direccion": "Calle 98 #19A-67",
        "geocode_query": "Calle 98 #19A-67, Bogotá, Bogotá D.C., Colombia",
        "precision_ubicacion": "exacta",
        "nota_ubicacion": null,
        "horario": null,
        "telefono": null,
        "responsable": "Gobernación de Boyacá (campaña 'Todos Unidos por Colombia')",
        "verificado": false,
        "nivel_verificacion": "prensa",
        "vigente": "desconocido",
        "alerta": null,
        "necesidades": {
          "alimentos_no_perecederos": "urgente",
          "aseo_personal": "urgente",
          "colchonetas_cobijas": "urgente"
        },
        "no_recibe": [],
        "sangre": null,
        "notas": "Punto habilitado en Bogotá por la Gobernación de Boyacá para que la comunidad boyacense residente en la capital pueda donar. Sin horario publicado.",
        "fuente": {
          "nombre": "Orfe TV",
          "url": "https://www.orfetv.com/2026/08/12/boyaca-se-une-a-la-campana-nacional-todos-unidos-por-colombia-para-apoyar-a-las-familias-afectadas-por-el-terremoto/",
          "fecha_publicacion": "2026-08-12"
        },
        "fecha_verificacion": "2026-08-13",
        "capacidad": null,
        "ocupacion": null,
        "admite_mascotas": null,
        "servicios": [],
        "requisitos_ingreso": null,
        "es_alerta": false
      }
    },
    {
      "type": "Feature",
      "geometry": {
        "type": "Point",
        "coordinates": [
          -74.0770211,
          4.7076165
        ]
      },
      "properties": {
        "id": "bogota-red-fenalco-42-centros-comerciales-de-bogota-y-cundinamarca",
        "nombre": "Red Fenalco - 42 centros comerciales de Bogotá y Cundinamarca",
        "tipo": "acopio",
        "rol": "punto_donacion",
        "municipio": "Bogotá",
        "departamento": "Bogotá D.C.",
        "direccion": "Bogotá: Portal de la 80, Centro Suba, Paseo Villa del Río, El Gran San, Atlantis Plaza, Avenida Chile, Centro Mayor, Plaza Imperial, Nuestro Bogotá, Plaza de las Américas, Titán Plaza, Ciudad Tunal, Galerías. Cundinamarca: Mercurio (Soacha), Meridiano (Cota), Meridiano Novaterra (Mosquera)",
        "geocode_query": "Bogotá: Portal de la 80, Centro Suba, Paseo Villa del Río, El Gran San, Atlantis Plaza, Avenida Chile, Centro Mayor, Plaza Imperial, Nuestro Bogotá, Plaza de las Américas, Titán Plaza, Ciudad Tunal, Galerías. Cundinamarca: Mercurio (Soacha), Meridiano (Cota), Meridiano Novaterra (Mosquera), Bogotá, Bogotá D.C., Colombia",
        "precision_ubicacion": "aproximada",
        "nota_ubicacion": "Ubicación a nivel de barrio, sector o cabecera municipal. Afinar a mano si es posible.",
        "horario": "Horario comercial de cada centro comercial",
        "telefono": null,
        "responsable": "Fenalco Bogotá Cundinamarca - campaña 'Colombia, un solo corazón'",
        "verificado": false,
        "nivel_verificacion": "prensa",
        "vigente": true,
        "alerta": null,
        "necesidades": {
          "agua": "urgente",
          "alimentos_no_perecederos": "urgente",
          "aseo_personal": "necesita",
          "medicamentos": "necesita",
          "colchonetas_cobijas": "urgente"
        },
        "no_recibe": [
          "Alimentos perecederos",
          "Productos abiertos o vencidos"
        ],
        "sangre": null,
        "notas": "Registro AGREGADO: cubre localidades de Suba, Engativá, Kennedy, Bosa, Tunjuelito, Chapinero, Teusaquillo y Antonio Nariño. La fuente NO publica direcciones ni horarios individuales de cada centro comercial. Todo lo recogido se consolida en Vive Claro. Estos son los únicos puntos identificados en SOACHA (CC Mercurio) y MOSQUERA (CC Meridiano Novaterra).",
        "fuente": {
          "nombre": "Portafolio",
          "url": "https://www.portafolio.co/negocios/empresas/42-centros-comerciales-seran-puntos-de-acopio-para-ayudar-a-afectados-por-el-terremoto-en-colombia-500168",
          "fecha_publicacion": "2026-08-11"
        },
        "fecha_verificacion": "2026-08-13",
        "capacidad": null,
        "ocupacion": null,
        "admite_mascotas": null,
        "servicios": [],
        "requisitos_ingreso": null,
        "es_alerta": false
      }
    },
    {
      "type": "Feature",
      "geometry": {
        "type": "Point",
        "coordinates": [
          -74.0712984,
          4.7124626
        ]
      },
      "properties": {
        "id": "bogota-centro-comercial-bulevar-jornada-de-donacion",
        "nombre": "Centro Comercial Bulevar - Jornada de donación",
        "tipo": "recoleccion",
        "rol": "punto_donacion",
        "municipio": "Bogotá",
        "departamento": "Bogotá D.C.",
        "direccion": null,
        "geocode_query": "Centro Comercial Bulevar - Jornada de donación, Bogotá, Bogotá D.C., Colombia",
        "precision_ubicacion": "exacta",
        "nota_ubicacion": null,
        "horario": "22 de agosto de 2026 (jornada de un día)",
        "telefono": null,
        "responsable": "Bohème y Fundación Comunidad Invencible",
        "verificado": false,
        "nivel_verificacion": "prensa",
        "vigente": true,
        "alerta": null,
        "necesidades": {
          "agua": "urgente",
          "alimentos_no_perecederos": "urgente",
          "medicamentos": "necesita",
          "ropa_calzado": "necesita",
          "otros": "necesita"
        },
        "no_recibe": [],
        "sangre": null,
        "notas": "JORNADA FUTURA: aún no inicia, es el 22 de agosto. La fuente no publica dirección exacta ni horario del día. Recibe agua, alimentos no perecederos, elementos de hogar, ropa y primeros auxilios.",
        "fuente": {
          "nombre": "El Espectador",
          "url": "https://www.elespectador.com/bogota/donde-donar-para-los-afectados-por-el-terremoto-puntos-autorizados-en-bogota-y-cundinamarca/",
          "fecha_publicacion": "2026-08-13"
        },
        "fecha_verificacion": "2026-08-13",
        "capacidad": null,
        "ocupacion": null,
        "admite_mascotas": null,
        "servicios": [],
        "requisitos_ingreso": null,
        "es_alerta": false
      }
    },
    {
      "type": "Feature",
      "geometry": {
        "type": "Point",
        "coordinates": [
          -74.0939614,
          4.6155226
        ]
      },
      "properties": {
        "id": "bogota-idcbis-banco-distrital-de-sangre-hemocentro-distrital",
        "nombre": "IDCBIS - Banco Distrital de Sangre (Hemocentro Distrital)",
        "tipo": "sangre",
        "rol": "punto_donacion",
        "municipio": "Bogotá",
        "departamento": "Bogotá D.C.",
        "direccion": "Carrera 32 #12-81, edificio IDCBIS, piso 2",
        "geocode_query": "Carrera 32 #12-81, edificio IDCBIS, piso 2, Bogotá, Bogotá D.C., Colombia",
        "precision_ubicacion": "exacta",
        "nota_ubicacion": null,
        "horario": "8:00 a.m. a 4:00 p.m.",
        "telefono": "601 364 9620 ext. 9441 y 9726",
        "responsable": "IDCBIS - Secretaría Distrital de Salud de Bogotá",
        "verificado": true,
        "nivel_verificacion": "institucional",
        "vigente": true,
        "alerta": null,
        "necesidades": {
          "otros": "urgente"
        },
        "no_recibe": [],
        "sangre": null,
        "notas": "PUNTO PRINCIPAL DE SANGRE del Distrito. Requisitos: 18-65 años, buen estado de salud, peso mayor a 50 kg. Bogotá mantiene reserva estratégica de 5 días y requiere ~700 donantes diarios. Ya envió 120 unidades de sangre a zonas afectadas. CONTRADICCIÓN DE HORARIO: bogota.gov.co (12 ago) indica 8 a.m.-4 p.m. para el hemocentro y 8 a.m.-5 p.m. para el punto de la Secretaría en la misma dirección.",
        "fuente": {
          "nombre": "Portal Bogotá (bogota.gov.co)",
          "url": "https://bogota.gov.co/mi-ciudad/salud/puntos-donacion-de-sangre-en-bogota-y-apoyar-atencion-terremoto-2026",
          "fecha_publicacion": "2026-08-12"
        },
        "fecha_verificacion": "2026-08-13",
        "capacidad": null,
        "ocupacion": null,
        "admite_mascotas": null,
        "servicios": [],
        "requisitos_ingreso": null,
        "es_alerta": false
      }
    },
    {
      "type": "Feature",
      "geometry": {
        "type": "Point",
        "coordinates": [
          -74.0746415,
          4.641977
        ]
      },
      "properties": {
        "id": "bogota-jornada-de-donacion-de-sangre-centro-comercial-galerias",
        "nombre": "Jornada de donación de sangre Centro Comercial Galerías",
        "tipo": "sangre",
        "rol": "punto_donacion",
        "municipio": "Bogotá",
        "departamento": "Bogotá D.C.",
        "direccion": "Calle 53B #25-21, plazoleta de comidas, tercer piso",
        "geocode_query": "Calle 53B #25-21, plazoleta de comidas, tercer piso, Bogotá, Bogotá D.C., Colombia",
        "precision_ubicacion": "exacta",
        "nota_ubicacion": null,
        "horario": "Martes 11 de agosto de 2026, 11:00 a.m. a 6:30 p.m.",
        "telefono": null,
        "responsable": "Red Distrital de Donación de Sangre / Secretaría Distrital de Salud",
        "verificado": false,
        "nivel_verificacion": "prensa",
        "vigente": false,
        "alerta": "CERRADO. No enviar donantes aquí.",
        "necesidades": {
          "otros": "urgente"
        },
        "no_recibe": [],
        "sangre": null,
        "notas": "JORNADA YA CERRADA. Fue de un solo día, el 11 de agosto de 2026. NO acudir. Se incluye para evitar que se difunda información desactualizada.",
        "fuente": {
          "nombre": "El Espectador",
          "url": "https://www.elespectador.com/salud/la-red-de-donacion-de-sangre-se-activa-tras-el-terremoto-donde-donar-en-bogota-y-medellin/",
          "fecha_publicacion": "2026-08-11"
        },
        "fecha_verificacion": "2026-08-13",
        "capacidad": null,
        "ocupacion": null,
        "admite_mascotas": null,
        "servicios": [],
        "requisitos_ingreso": null,
        "es_alerta": false
      }
    },
    {
      "type": "Feature",
      "geometry": {
        "type": "Point",
        "coordinates": [
          -74.0893082,
          4.6731005
        ]
      },
      "properties": {
        "id": "bogota-cruz-roja-colombiana-banco-nacional-de-sangre",
        "nombre": "Cruz Roja Colombiana - Banco Nacional de Sangre",
        "tipo": "sangre",
        "rol": "punto_donacion",
        "municipio": "Bogotá",
        "departamento": "Bogotá D.C.",
        "direccion": "Carrera 68 #68B-31",
        "geocode_query": "Carrera 68 #68B-31, Bogotá, Bogotá D.C., Colombia",
        "precision_ubicacion": "exacta",
        "nota_ubicacion": null,
        "horario": null,
        "telefono": "601 437 6334 ext. 6748, 6713",
        "responsable": "Cruz Roja Colombiana",
        "verificado": true,
        "nivel_verificacion": "institucional",
        "vigente": true,
        "alerta": null,
        "necesidades": {
          "otros": "urgente"
        },
        "no_recibe": [],
        "sangre": null,
        "notas": "Banco de sangre permanente listado por la Secretaría Distrital de Salud dentro de la red activada por la emergencia. Se recomienda llamar antes para confirmar horario.",
        "fuente": {
          "nombre": "Portal Bogotá (bogota.gov.co)",
          "url": "https://bogota.gov.co/mi-ciudad/salud/puntos-para-donar-sangre-en-bogota-para-atencion-terremoto-2026",
          "fecha_publicacion": "2026-08-11"
        },
        "fecha_verificacion": "2026-08-13",
        "capacidad": null,
        "ocupacion": null,
        "admite_mascotas": null,
        "servicios": [],
        "requisitos_ingreso": null,
        "es_alerta": false
      }
    },
    {
      "type": "Feature",
      "geometry": {
        "type": "Point",
        "coordinates": [
          -74.0587181,
          4.6677532
        ]
      },
      "properties": {
        "id": "bogota-instituto-nacional-de-cancerologia-banco-de-sangre",
        "nombre": "Instituto Nacional de Cancerología - Banco de Sangre",
        "tipo": "sangre",
        "rol": "punto_donacion",
        "municipio": "Bogotá",
        "departamento": "Bogotá D.C.",
        "direccion": "Avenida Primera 1 #9-85",
        "geocode_query": "Avenida Primera 1 #9-85, Bogotá, Bogotá D.C., Colombia",
        "precision_ubicacion": "aproximada",
        "nota_ubicacion": "Ubicación a nivel de barrio, sector o cabecera municipal. Afinar a mano si es posible.",
        "horario": null,
        "telefono": "601 481 7000 ext. 5363, 5362",
        "responsable": "Instituto Nacional de Cancerología (entidad pública adscrita a MinSalud)",
        "verificado": true,
        "nivel_verificacion": "institucional",
        "vigente": true,
        "alerta": null,
        "necesidades": {
          "otros": "urgente"
        },
        "no_recibe": [],
        "sangre": null,
        "notas": "Banco de sangre permanente dentro de la red activada por la emergencia.",
        "fuente": {
          "nombre": "Portal Bogotá (bogota.gov.co)",
          "url": "https://bogota.gov.co/mi-ciudad/salud/puntos-para-donar-sangre-en-bogota-para-atencion-terremoto-2026",
          "fecha_publicacion": "2026-08-11"
        },
        "fecha_verificacion": "2026-08-13",
        "capacidad": null,
        "ocupacion": null,
        "admite_mascotas": null,
        "servicios": [],
        "requisitos_ingreso": null,
        "es_alerta": false
      }
    },
    {
      "type": "Feature",
      "geometry": {
        "type": "Point",
        "coordinates": [
          -74.0619231,
          4.6343093
        ]
      },
      "properties": {
        "id": "bogota-hospital-militar-central-banco-de-sangre",
        "nombre": "Hospital Militar Central - Banco de Sangre",
        "tipo": "sangre",
        "rol": "punto_donacion",
        "municipio": "Bogotá",
        "departamento": "Bogotá D.C.",
        "direccion": "Transversal Tercera #49-02, piso 3",
        "geocode_query": "Transversal Tercera #49-02, piso 3, Bogotá, Bogotá D.C., Colombia",
        "precision_ubicacion": "exacta",
        "nota_ubicacion": null,
        "horario": null,
        "telefono": "601 348 6868 ext. 5375, 5376; 315 863 3770",
        "responsable": "Hospital Militar Central",
        "verificado": true,
        "nivel_verificacion": "institucional",
        "vigente": true,
        "alerta": null,
        "necesidades": {
          "otros": "urgente"
        },
        "no_recibe": [],
        "sangre": null,
        "notas": "Banco de sangre permanente dentro de la red activada por la emergencia.",
        "fuente": {
          "nombre": "Portal Bogotá (bogota.gov.co)",
          "url": "https://bogota.gov.co/mi-ciudad/salud/puntos-para-donar-sangre-en-bogota-para-atencion-terremoto-2026",
          "fecha_publicacion": "2026-08-11"
        },
        "fecha_verificacion": "2026-08-13",
        "capacidad": null,
        "ocupacion": null,
        "admite_mascotas": null,
        "servicios": [],
        "requisitos_ingreso": null,
        "es_alerta": false
      }
    },
    {
      "type": "Feature",
      "geometry": {
        "type": "Point",
        "coordinates": [
          -74.0728568,
          4.6043706
        ]
      },
      "properties": {
        "id": "bogota-hospital-universitario-clinica-san-rafael-banco-de-sangre",
        "nombre": "Hospital Universitario Clínica San Rafael - Banco de Sangre",
        "tipo": "sangre",
        "rol": "punto_donacion",
        "municipio": "Bogotá",
        "departamento": "Bogotá D.C.",
        "direccion": "Carrera Octava #17-44 Sur, piso 2",
        "geocode_query": "Carrera Octava #17-44 Sur, piso 2, Bogotá, Bogotá D.C., Colombia",
        "precision_ubicacion": "exacta",
        "nota_ubicacion": null,
        "horario": null,
        "telefono": "601 746 4714 ext. 2351, 2354",
        "responsable": "Hospital Universitario Clínica San Rafael",
        "verificado": true,
        "nivel_verificacion": "institucional",
        "vigente": true,
        "alerta": null,
        "necesidades": {
          "otros": "urgente"
        },
        "no_recibe": [],
        "sangre": null,
        "notas": "Banco de sangre permanente dentro de la red activada por la emergencia.",
        "fuente": {
          "nombre": "Portal Bogotá (bogota.gov.co)",
          "url": "https://bogota.gov.co/mi-ciudad/salud/puntos-para-donar-sangre-en-bogota-para-atencion-terremoto-2026",
          "fecha_publicacion": "2026-08-11"
        },
        "fecha_verificacion": "2026-08-13",
        "capacidad": null,
        "ocupacion": null,
        "admite_mascotas": null,
        "servicios": [],
        "requisitos_ingreso": null,
        "es_alerta": false
      }
    },
    {
      "type": "Feature",
      "geometry": {
        "type": "Point",
        "coordinates": [
          -74.0964466,
          4.589004
        ]
      },
      "properties": {
        "id": "bogota-hospital-de-san-jose-sociedad-de-cirugia-de-bogota",
        "nombre": "Hospital de San José - Sociedad de Cirugía de Bogotá",
        "tipo": "sangre",
        "rol": "punto_donacion",
        "municipio": "Bogotá",
        "departamento": "Bogotá D.C.",
        "direccion": "Calle Décima #18-75",
        "geocode_query": "Calle Décima #18-75, Bogotá, Bogotá D.C., Colombia",
        "precision_ubicacion": "exacta",
        "nota_ubicacion": null,
        "horario": null,
        "telefono": "601 353 8000 ext. 458, 471",
        "responsable": "Sociedad de Cirugía de Bogotá - Hospital de San José",
        "verificado": true,
        "nivel_verificacion": "institucional",
        "vigente": true,
        "alerta": null,
        "necesidades": {
          "otros": "urgente"
        },
        "no_recibe": [],
        "sangre": null,
        "notas": "Banco de sangre permanente dentro de la red activada por la emergencia.",
        "fuente": {
          "nombre": "Portal Bogotá (bogota.gov.co)",
          "url": "https://bogota.gov.co/mi-ciudad/salud/puntos-para-donar-sangre-en-bogota-para-atencion-terremoto-2026",
          "fecha_publicacion": "2026-08-11"
        },
        "fecha_verificacion": "2026-08-13",
        "capacidad": null,
        "ocupacion": null,
        "admite_mascotas": null,
        "servicios": [],
        "requisitos_ingreso": null,
        "es_alerta": false
      }
    },
    {
      "type": "Feature",
      "geometry": {
        "type": "Point",
        "coordinates": [
          -74.0344446,
          4.7407223
        ]
      },
      "properties": {
        "id": "bogota-fundacion-cardioinfantil-banco-de-sangre",
        "nombre": "Fundación Cardioinfantil - Banco de Sangre",
        "tipo": "sangre",
        "rol": "punto_donacion",
        "municipio": "Bogotá",
        "departamento": "Bogotá D.C.",
        "direccion": "Carrera 13B #161-85, piso 2",
        "geocode_query": "Carrera 13B #161-85, piso 2, Bogotá, Bogotá D.C., Colombia",
        "precision_ubicacion": "exacta",
        "nota_ubicacion": null,
        "horario": null,
        "telefono": "601 667 2727 ext. 7203, 72104, 72106; 317 367 5505",
        "responsable": "Fundación Cardioinfantil",
        "verificado": true,
        "nivel_verificacion": "institucional",
        "vigente": true,
        "alerta": null,
        "necesidades": {
          "otros": "urgente"
        },
        "no_recibe": [],
        "sangre": null,
        "notas": "Banco de sangre permanente dentro de la red activada por la emergencia. Confirmado también por Noticias RCN.",
        "fuente": {
          "nombre": "Portal Bogotá (bogota.gov.co)",
          "url": "https://bogota.gov.co/mi-ciudad/salud/puntos-para-donar-sangre-en-bogota-para-atencion-terremoto-2026",
          "fecha_publicacion": "2026-08-11"
        },
        "fecha_verificacion": "2026-08-13",
        "capacidad": null,
        "ocupacion": null,
        "admite_mascotas": null,
        "servicios": [],
        "requisitos_ingreso": null,
        "es_alerta": false
      }
    },
    {
      "type": "Feature",
      "geometry": {
        "type": "Point",
        "coordinates": [
          -74.0884209,
          4.5930283
        ]
      },
      "properties": {
        "id": "bogota-fundacion-hospital-de-la-misericordia-homi-banco-de-sangre",
        "nombre": "Fundación Hospital de la Misericordia (HOMI) - Banco de Sangre",
        "tipo": "sangre",
        "rol": "punto_donacion",
        "municipio": "Bogotá",
        "departamento": "Bogotá D.C.",
        "direccion": "Avenida Caracas #1-65, piso 2",
        "geocode_query": "Avenida Caracas #1-65, piso 2, Bogotá, Bogotá D.C., Colombia",
        "precision_ubicacion": "exacta",
        "nota_ubicacion": null,
        "horario": null,
        "telefono": "601 328 2510 ext. 1230, 1231",
        "responsable": "Fundación Hospital Pediátrico de la Misericordia",
        "verificado": true,
        "nivel_verificacion": "institucional",
        "vigente": true,
        "alerta": null,
        "necesidades": {
          "otros": "urgente"
        },
        "no_recibe": [],
        "sangre": null,
        "notas": "Banco de sangre permanente dentro de la red activada por la emergencia.",
        "fuente": {
          "nombre": "Portal Bogotá (bogota.gov.co)",
          "url": "https://bogota.gov.co/mi-ciudad/salud/puntos-para-donar-sangre-en-bogota-para-atencion-terremoto-2026",
          "fecha_publicacion": "2026-08-11"
        },
        "fecha_verificacion": "2026-08-13",
        "capacidad": null,
        "ocupacion": null,
        "admite_mascotas": null,
        "servicios": [],
        "requisitos_ingreso": null,
        "es_alerta": false
      }
    },
    {
      "type": "Feature",
      "geometry": {
        "type": "Point",
        "coordinates": [
          -74.06514,
          4.636636
        ]
      },
      "properties": {
        "id": "bogota-clinica-de-marly-banco-de-sangre",
        "nombre": "Clínica de Marly - Banco de Sangre",
        "tipo": "sangre",
        "rol": "punto_donacion",
        "municipio": "Bogotá",
        "departamento": "Bogotá D.C.",
        "direccion": "Calle 50 #9-67, piso 2",
        "geocode_query": "Calle 50 #9-67, piso 2, Bogotá, Bogotá D.C., Colombia",
        "precision_ubicacion": "exacta",
        "nota_ubicacion": null,
        "horario": null,
        "telefono": "601 343 6600 ext. 1224, 2224, 2225",
        "responsable": "Clínica de Marly",
        "verificado": true,
        "nivel_verificacion": "institucional",
        "vigente": true,
        "alerta": null,
        "necesidades": {
          "otros": "urgente"
        },
        "no_recibe": [],
        "sangre": null,
        "notas": "Banco de sangre permanente dentro de la red activada por la emergencia.",
        "fuente": {
          "nombre": "Portal Bogotá (bogota.gov.co)",
          "url": "https://bogota.gov.co/mi-ciudad/salud/puntos-para-donar-sangre-en-bogota-para-atencion-terremoto-2026",
          "fecha_publicacion": "2026-08-11"
        },
        "fecha_verificacion": "2026-08-13",
        "capacidad": null,
        "ocupacion": null,
        "admite_mascotas": null,
        "servicios": [],
        "requisitos_ingreso": null,
        "es_alerta": false
      }
    },
    {
      "type": "Feature",
      "geometry": {
        "type": "Point",
        "coordinates": [
          -74.0460084,
          4.7471606
        ]
      },
      "properties": {
        "id": "bogota-clinica-colsanitas-banco-de-sangre",
        "nombre": "Clínica Colsanitas - Banco de Sangre",
        "tipo": "sangre",
        "rol": "punto_donacion",
        "municipio": "Bogotá",
        "departamento": "Bogotá D.C.",
        "direccion": "Calle 166 #22-68",
        "geocode_query": "Calle 166 #22-68, Bogotá, Bogotá D.C., Colombia",
        "precision_ubicacion": "exacta",
        "nota_ubicacion": null,
        "horario": null,
        "telefono": "601 589 5468; 315 338 4374",
        "responsable": "Clínica Colsanitas",
        "verificado": true,
        "nivel_verificacion": "institucional",
        "vigente": true,
        "alerta": null,
        "necesidades": {
          "otros": "urgente"
        },
        "no_recibe": [],
        "sangre": null,
        "notas": "Banco de sangre permanente dentro de la red activada por la emergencia. Confirmado también por Noticias RCN.",
        "fuente": {
          "nombre": "Portal Bogotá (bogota.gov.co)",
          "url": "https://bogota.gov.co/mi-ciudad/salud/puntos-para-donar-sangre-en-bogota-para-atencion-terremoto-2026",
          "fecha_publicacion": "2026-08-11"
        },
        "fecha_verificacion": "2026-08-13",
        "capacidad": null,
        "ocupacion": null,
        "admite_mascotas": null,
        "servicios": [],
        "requisitos_ingreso": null,
        "es_alerta": false
      }
    },
    {
      "type": "Feature",
      "geometry": {
        "type": "Point",
        "coordinates": [
          -74.0979391,
          4.6476207
        ]
      },
      "properties": {
        "id": "bogota-hospital-central-de-la-policia-nacional-hocen-banco-de-sangre",
        "nombre": "Hospital Central de la Policía Nacional (HOCEN) - Banco de Sangre",
        "tipo": "sangre",
        "rol": "punto_donacion",
        "municipio": "Bogotá",
        "departamento": "Bogotá D.C.",
        "direccion": "Carrera 59 #26-21, sector CAN",
        "geocode_query": "Carrera 59 #26-21, sector CAN, Bogotá, Bogotá D.C., Colombia",
        "precision_ubicacion": "exacta",
        "nota_ubicacion": null,
        "horario": null,
        "telefono": "601 580 4401 ext. 2187, 2188",
        "responsable": "Hospital Central de la Policía Nacional",
        "verificado": true,
        "nivel_verificacion": "institucional",
        "vigente": true,
        "alerta": null,
        "necesidades": {
          "otros": "urgente"
        },
        "no_recibe": [],
        "sangre": null,
        "notas": "Banco de sangre permanente dentro de la red activada por la emergencia.",
        "fuente": {
          "nombre": "Portal Bogotá (bogota.gov.co)",
          "url": "https://bogota.gov.co/mi-ciudad/salud/puntos-para-donar-sangre-en-bogota-para-atencion-terremoto-2026",
          "fecha_publicacion": "2026-08-11"
        },
        "fecha_verificacion": "2026-08-13",
        "capacidad": null,
        "ocupacion": null,
        "admite_mascotas": null,
        "servicios": [],
        "requisitos_ingreso": null,
        "es_alerta": false
      }
    },
    {
      "type": "Feature",
      "geometry": {
        "type": "Point",
        "coordinates": [
          -74.0769117,
          4.6838896
        ]
      },
      "properties": {
        "id": "bogota-fundacion-hematologica-colombia-fuheco",
        "nombre": "Fundación Hematológica Colombia (FUHECO)",
        "tipo": "sangre",
        "rol": "punto_donacion",
        "municipio": "Bogotá",
        "departamento": "Bogotá D.C.",
        "direccion": "Carrera 65 #81-67",
        "geocode_query": "Carrera 65 #81-67, Bogotá, Bogotá D.C., Colombia",
        "precision_ubicacion": "exacta",
        "nota_ubicacion": null,
        "horario": null,
        "telefono": "601 746 7888 ext. 149, 112",
        "responsable": "Fundación Hematológica Colombia",
        "verificado": true,
        "nivel_verificacion": "institucional",
        "vigente": true,
        "alerta": null,
        "necesidades": {
          "otros": "urgente"
        },
        "no_recibe": [],
        "sangre": null,
        "notas": "Banco de sangre permanente dentro de la red activada por la emergencia.",
        "fuente": {
          "nombre": "Portal Bogotá (bogota.gov.co)",
          "url": "https://bogota.gov.co/mi-ciudad/salud/puntos-para-donar-sangre-en-bogota-para-atencion-terremoto-2026",
          "fecha_publicacion": "2026-08-11"
        },
        "fecha_verificacion": "2026-08-13",
        "capacidad": null,
        "ocupacion": null,
        "admite_mascotas": null,
        "servicios": [],
        "requisitos_ingreso": null,
        "es_alerta": false
      }
    },
    {
      "type": "Feature",
      "geometry": {
        "type": "Point",
        "coordinates": [
          -74.0587607,
          4.6828859
        ]
      },
      "properties": {
        "id": "bogota-fundacion-karl-landsteiner-in-memoriam",
        "nombre": "Fundación Karl Landsteiner In Memoriam",
        "tipo": "sangre",
        "rol": "punto_donacion",
        "municipio": "Bogotá",
        "departamento": "Bogotá D.C.",
        "direccion": "Carrera 45A #94-50",
        "geocode_query": "Carrera 45A #94-50, Bogotá, Bogotá D.C., Colombia",
        "precision_ubicacion": "exacta",
        "nota_ubicacion": null,
        "horario": null,
        "telefono": "601 691 5541 ext. 105",
        "responsable": "Fundación Karl Landsteiner In Memoriam",
        "verificado": true,
        "nivel_verificacion": "institucional",
        "vigente": true,
        "alerta": null,
        "necesidades": {
          "otros": "urgente"
        },
        "no_recibe": [],
        "sangre": null,
        "notas": "Banco de sangre permanente dentro de la red activada por la emergencia.",
        "fuente": {
          "nombre": "Portal Bogotá (bogota.gov.co)",
          "url": "https://bogota.gov.co/mi-ciudad/salud/puntos-para-donar-sangre-en-bogota-para-atencion-terremoto-2026",
          "fecha_publicacion": "2026-08-11"
        },
        "fecha_verificacion": "2026-08-13",
        "capacidad": null,
        "ocupacion": null,
        "admite_mascotas": null,
        "servicios": [],
        "requisitos_ingreso": null,
        "es_alerta": false
      }
    },
    {
      "type": "Feature",
      "geometry": {
        "type": "Point",
        "coordinates": [
          -74.078662,
          4.6653698
        ]
      },
      "properties": {
        "id": "bogota-fundacion-hospital-infantil-universitario-de-san-jose",
        "nombre": "Fundación Hospital Infantil Universitario de San José",
        "tipo": "sangre",
        "rol": "punto_donacion",
        "municipio": "Bogotá",
        "departamento": "Bogotá D.C.",
        "direccion": "Carrera 52 #67A-71",
        "geocode_query": "Carrera 52 #67A-71, Bogotá, Bogotá D.C., Colombia",
        "precision_ubicacion": "exacta",
        "nota_ubicacion": null,
        "horario": null,
        "telefono": "601 437 7540 ext. 5033",
        "responsable": "Fundación Hospital Infantil Universitario de San José",
        "verificado": true,
        "nivel_verificacion": "institucional",
        "vigente": true,
        "alerta": null,
        "necesidades": {
          "otros": "urgente"
        },
        "no_recibe": [],
        "sangre": null,
        "notas": "Banco de sangre permanente dentro de la red activada por la emergencia.",
        "fuente": {
          "nombre": "Portal Bogotá (bogota.gov.co)",
          "url": "https://bogota.gov.co/mi-ciudad/salud/puntos-para-donar-sangre-en-bogota-para-atencion-terremoto-2026",
          "fecha_publicacion": "2026-08-11"
        },
        "fecha_verificacion": "2026-08-13",
        "capacidad": null,
        "ocupacion": null,
        "admite_mascotas": null,
        "servicios": [],
        "requisitos_ingreso": null,
        "es_alerta": false
      }
    },
    {
      "type": "Feature",
      "geometry": {
        "type": "Point",
        "coordinates": [
          -74.1109821,
          4.6513085
        ]
      },
      "properties": {
        "id": "bogota-fundacion-banco-nacional-de-sangre-hemolife",
        "nombre": "Fundación Banco Nacional de Sangre HEMOLIFE",
        "tipo": "sangre",
        "rol": "punto_donacion",
        "municipio": "Bogotá",
        "departamento": "Bogotá D.C.",
        "direccion": "Calle 23 #116-31",
        "geocode_query": "Calle 23 #116-31, Bogotá, Bogotá D.C., Colombia",
        "precision_ubicacion": "exacta",
        "nota_ubicacion": null,
        "horario": null,
        "telefono": "601 742 8124 ext. 101, 123",
        "responsable": "Fundación Banco Nacional de Sangre HEMOLIFE",
        "verificado": true,
        "nivel_verificacion": "institucional",
        "vigente": true,
        "alerta": null,
        "necesidades": {
          "otros": "urgente"
        },
        "no_recibe": [],
        "sangre": null,
        "notas": "Banco de sangre permanente dentro de la red activada por la emergencia. Localidad de Fontibón.",
        "fuente": {
          "nombre": "Portal Bogotá (bogota.gov.co)",
          "url": "https://bogota.gov.co/mi-ciudad/salud/puntos-para-donar-sangre-en-bogota-para-atencion-terremoto-2026",
          "fecha_publicacion": "2026-08-11"
        },
        "fecha_verificacion": "2026-08-13",
        "capacidad": null,
        "ocupacion": null,
        "admite_mascotas": null,
        "servicios": [],
        "requisitos_ingreso": null,
        "es_alerta": false
      }
    },
    {
      "type": "Feature",
      "geometry": {
        "type": "Point",
        "coordinates": [
          -74.0838016,
          4.5872786
        ]
      },
      "properties": {
        "id": "bogota-hospital-universitario-de-la-samaritana-banco-de-sangre",
        "nombre": "Hospital Universitario de La Samaritana - Banco de Sangre",
        "tipo": "sangre",
        "rol": "punto_donacion",
        "municipio": "Bogotá",
        "departamento": "Bogotá D.C.",
        "direccion": "Carrera Octava #0-29 Sur",
        "geocode_query": "Carrera Octava #0-29 Sur, Bogotá, Bogotá D.C., Colombia",
        "precision_ubicacion": "exacta",
        "nota_ubicacion": null,
        "horario": null,
        "telefono": "601 270 5111; 601 407 7075",
        "responsable": "Hospital Universitario de La Samaritana (ESE departamental de Cundinamarca)",
        "verificado": true,
        "nivel_verificacion": "institucional",
        "vigente": true,
        "alerta": null,
        "necesidades": {
          "otros": "urgente"
        },
        "no_recibe": [],
        "sangre": null,
        "notas": "Banco de sangre permanente dentro de la red activada por la emergencia.",
        "fuente": {
          "nombre": "Portal Bogotá (bogota.gov.co)",
          "url": "https://bogota.gov.co/mi-ciudad/salud/puntos-para-donar-sangre-en-bogota-para-atencion-terremoto-2026",
          "fecha_publicacion": "2026-08-11"
        },
        "fecha_verificacion": "2026-08-13",
        "capacidad": null,
        "ocupacion": null,
        "admite_mascotas": null,
        "servicios": [],
        "requisitos_ingreso": null,
        "es_alerta": false
      }
    },
    {
      "type": "Feature",
      "geometry": {
        "type": "Point",
        "coordinates": [
          -74.0811812,
          4.6599749
        ]
      },
      "properties": {
        "id": "bogota-gobernacion-de-cundinamarca-plazoleta-de-la-paz",
        "nombre": "Gobernación de Cundinamarca - Plazoleta de La Paz",
        "tipo": "acopio",
        "rol": "punto_donacion",
        "municipio": "Bogotá",
        "departamento": "Bogotá D.C.",
        "direccion": "Calle 26 #51-53, Plazoleta de La Paz, sector CAN, Bogotá",
        "geocode_query": "Calle 26 #51-53, Plazoleta de La Paz, sector CAN, Bogotá, Bogotá, Bogotá D.C., Colombia",
        "precision_ubicacion": "aproximada",
        "nota_ubicacion": "Ubicación a nivel de barrio, sector o cabecera municipal. Afinar a mano si es posible.",
        "horario": "8:00 a.m. a 5:00 p.m., del 11 al 23 de agosto de 2026",
        "telefono": null,
        "responsable": "Gobernación de Cundinamarca (Gobernador Jorge Emilio Rey Ángel) / Sistema Departamental de Gestión del Riesgo",
        "verificado": false,
        "nivel_verificacion": "prensa",
        "vigente": true,
        "alerta": null,
        "necesidades": {
          "agua": "urgente",
          "alimentos_no_perecederos": "urgente",
          "aseo_personal": "urgente",
          "medicamentos": "necesita",
          "ropa_calzado": "necesita",
          "alimento_mascotas": "necesita",
          "insumos_veterinarios": "necesita",
          "otros": "necesita"
        },
        "no_recibe": [
          "Productos sin sellar",
          "Productos vencidos",
          "Productos en mal estado",
          "Ropa usada (solo ropa nueva)"
        ],
        "sangre": null,
        "notas": "Punto de la Gobernación de Cundinamarca físicamente ubicado en Bogotá. SÍ recibe elementos para mascotas y productos de aseo/limpieza. Todas las donaciones deben llegar limpias, selladas y sin vencer. Ninguna fuente publica teléfono.",
        "fuente": {
          "nombre": "Infobae Colombia",
          "url": "https://www.infobae.com/colombia/2026/08/12/la-gobernacion-de-cundinamarca-habilito-dos-centros-de-acopio-tras-el-terremoto-en-colombia-donde-y-que-puede-donar/",
          "fecha_publicacion": "2026-08-12"
        },
        "fecha_verificacion": "2026-08-13",
        "capacidad": null,
        "ocupacion": null,
        "admite_mascotas": null,
        "servicios": [],
        "requisitos_ingreso": null,
        "es_alerta": false
      }
    },
    {
      "type": "Feature",
      "geometry": {
        "type": "Point",
        "coordinates": [
          -74.1389002,
          4.7648373
        ]
      },
      "properties": {
        "id": "cota-empresa-de-licores-de-cundinamarca",
        "nombre": "Empresa de Licores de Cundinamarca",
        "tipo": "acopio",
        "rol": "punto_donacion",
        "municipio": "Cota",
        "departamento": "Cundinamarca",
        "direccion": "Autopista Medellín km 3.8, vía Siberia-Cota",
        "geocode_query": "Autopista Medellín km 3.8, vía Siberia-Cota, Cota, Cundinamarca, Colombia",
        "precision_ubicacion": "aproximada",
        "nota_ubicacion": "Ubicación a nivel de barrio, sector o cabecera municipal. Afinar a mano si es posible.",
        "horario": "7:30 a.m. a 4:00 p.m., del 11 al 23 de agosto de 2026",
        "telefono": null,
        "responsable": "Gobernación de Cundinamarca / Sistema Departamental de Gestión del Riesgo",
        "verificado": false,
        "nivel_verificacion": "prensa",
        "vigente": true,
        "alerta": null,
        "necesidades": {
          "agua": "urgente",
          "alimentos_no_perecederos": "urgente",
          "aseo_personal": "urgente",
          "medicamentos": "necesita",
          "ropa_calzado": "necesita",
          "alimento_mascotas": "necesita",
          "insumos_veterinarios": "necesita",
          "otros": "necesita"
        },
        "no_recibe": [
          "Productos sin sellar",
          "Productos vencidos",
          "Productos en mal estado",
          "Ropa usada (solo ropa nueva)"
        ],
        "sangre": null,
        "notas": "Segundo punto oficial de la Gobernación. También recibe elementos para mascotas y productos de limpieza.",
        "fuente": {
          "nombre": "Infobae Colombia",
          "url": "https://www.infobae.com/colombia/2026/08/12/la-gobernacion-de-cundinamarca-habilito-dos-centros-de-acopio-tras-el-terremoto-en-colombia-donde-y-que-puede-donar/",
          "fecha_publicacion": "2026-08-12"
        },
        "fecha_verificacion": "2026-08-13",
        "capacidad": null,
        "ocupacion": null,
        "admite_mascotas": null,
        "servicios": [],
        "requisitos_ingreso": null,
        "es_alerta": false
      }
    },
    {
      "type": "Feature",
      "geometry": {
        "type": "Point",
        "coordinates": [
          -73.999189,
          5.028804
        ]
      },
      "properties": {
        "id": "zipaquira-cruz-roja-zipaquira",
        "nombre": "Cruz Roja Zipaquirá",
        "tipo": "acopio",
        "rol": "punto_donacion",
        "municipio": "Zipaquirá",
        "departamento": "Cundinamarca",
        "direccion": "Carrera 10 #12-32, barrio La Esmeralda",
        "geocode_query": "Carrera 10 #12-32, barrio La Esmeralda, Zipaquirá, Cundinamarca, Colombia",
        "precision_ubicacion": "exacta",
        "nota_ubicacion": null,
        "horario": null,
        "telefono": null,
        "responsable": "Cruz Roja Colombiana - Zipaquirá",
        "verificado": false,
        "nivel_verificacion": "prensa",
        "vigente": true,
        "alerta": null,
        "necesidades": {
          "alimentos_no_perecederos": "urgente",
          "aseo_personal": "urgente",
          "alimento_mascotas": "necesita",
          "otros": "necesita"
        },
        "no_recibe": [],
        "sangre": null,
        "notas": "Recibe kits de aseo, kits de cocina y alimento para mascotas. La fuente no publica horario ni teléfono.",
        "fuente": {
          "nombre": "Extrategia Medios",
          "url": "https://extrategiamedios.com/sabana-centro-se-une-por-los-damnificados-del-sismo-estos-son-los-puntos-para-donar-ayudas/",
          "fecha_publicacion": "2026-08-11"
        },
        "fecha_verificacion": "2026-08-13",
        "capacidad": null,
        "ocupacion": null,
        "admite_mascotas": null,
        "servicios": [],
        "requisitos_ingreso": null,
        "es_alerta": false
      }
    },
    {
      "type": "Feature",
      "geometry": {
        "type": "Point",
        "coordinates": [
          -74.0278453,
          4.9129933
        ]
      },
      "properties": {
        "id": "cajica-cisaec-estacion-de-bomberos-de-cajica",
        "nombre": "CISAEC - Estación de Bomberos de Cajicá",
        "tipo": "acopio",
        "rol": "punto_donacion",
        "municipio": "Cajicá",
        "departamento": "Cundinamarca",
        "direccion": "CISAEC - Estación de Bomberos de Cajicá",
        "geocode_query": "CISAEC - Estación de Bomberos de Cajicá, Cajicá, Cundinamarca, Colombia",
        "precision_ubicacion": "exacta",
        "nota_ubicacion": null,
        "horario": "8:00 a.m. a 5:00 p.m., del 11 al 14 de agosto de 2026",
        "telefono": null,
        "responsable": "Alcaldía de Cajicá / Cuerpo de Bomberos",
        "verificado": false,
        "nivel_verificacion": "prensa",
        "vigente": true,
        "alerta": null,
        "necesidades": {
          "agua": "urgente",
          "alimentos_no_perecederos": "urgente",
          "aseo_personal": "urgente",
          "medicamentos": "urgente",
          "alimento_mascotas": "necesita"
        },
        "no_recibe": [
          "Cobijas",
          "Ropa"
        ],
        "sangre": null,
        "notas": "ATENCIÓN: este punto NO recibe cobijas ni ropa. Cierra el 14 de agosto (quedan 2 días). La fuente no publica dirección numérica exacta ni teléfono.",
        "fuente": {
          "nombre": "Extrategia Medios",
          "url": "https://extrategiamedios.com/sabana-centro-se-une-por-los-damnificados-del-sismo-estos-son-los-puntos-para-donar-ayudas/",
          "fecha_publicacion": "2026-08-11"
        },
        "fecha_verificacion": "2026-08-13",
        "capacidad": null,
        "ocupacion": null,
        "admite_mascotas": null,
        "servicios": [],
        "requisitos_ingreso": null,
        "es_alerta": false
      }
    },
    {
      "type": "Feature",
      "geometry": {
        "type": "Point",
        "coordinates": [
          -74.0593925,
          4.8609149
        ]
      },
      "properties": {
        "id": "chia-centro-administrativo-municipal-cam-de-chia",
        "nombre": "Centro Administrativo Municipal (CAM) de Chía",
        "tipo": "acopio",
        "rol": "punto_donacion",
        "municipio": "Chía",
        "departamento": "Cundinamarca",
        "direccion": "Centro Administrativo Municipal (CAM) de Chía",
        "geocode_query": "Centro Administrativo Municipal (CAM) de Chía, Chía, Cundinamarca, Colombia",
        "precision_ubicacion": "aproximada",
        "nota_ubicacion": "Ubicación a nivel de barrio, sector o cabecera municipal. Afinar a mano si es posible.",
        "horario": "9:00 a.m. a 5:00 p.m., del 11 al 19 de agosto de 2026",
        "telefono": null,
        "responsable": "Alcaldía Municipal de Chía",
        "verificado": false,
        "nivel_verificacion": "prensa",
        "vigente": true,
        "alerta": null,
        "necesidades": {
          "alimentos_no_perecederos": "urgente",
          "aseo_personal": "urgente",
          "linternas_pilas": "urgente",
          "alimento_mascotas": "necesita"
        },
        "no_recibe": [
          "Colchonetas",
          "Cobijas"
        ],
        "sangre": null,
        "notas": "ATENCIÓN: este punto NO recibe colchonetas ni cobijas. Solicita expresamente linternas y pilas. CONTRADICCIÓN DE HORARIO: Extrategia Medios reporta 9 a.m.-5 p.m.; Infobae (lista de la Primera Dama) reporta 8 a.m.-7 p.m. para Chía. Sin dirección numérica ni teléfono publicados.",
        "fuente": {
          "nombre": "Extrategia Medios",
          "url": "https://extrategiamedios.com/sabana-centro-se-une-por-los-damnificados-del-sismo-estos-son-los-puntos-para-donar-ayudas/",
          "fecha_publicacion": "2026-08-11"
        },
        "fecha_verificacion": "2026-08-13",
        "capacidad": null,
        "ocupacion": null,
        "admite_mascotas": null,
        "servicios": [],
        "requisitos_ingreso": null,
        "es_alerta": false
      }
    },
    {
      "type": "Feature",
      "geometry": {
        "type": "Point",
        "coordinates": [
          -73.9783232,
          5.0598677
        ]
      },
      "properties": {
        "id": "cogua-punto-de-acopio-de-cogua",
        "nombre": "Punto de acopio de Cogua",
        "tipo": "acopio",
        "rol": "punto_donacion",
        "municipio": "Cogua",
        "departamento": "Cundinamarca",
        "direccion": null,
        "geocode_query": "Punto de acopio de Cogua, Cogua, Cundinamarca, Colombia",
        "precision_ubicacion": "exacta",
        "nota_ubicacion": null,
        "horario": "7:30 a.m. a 12:30 p.m. y 1:30 p.m. a 5:00 p.m.",
        "telefono": null,
        "responsable": "Alcaldía Municipal de Cogua",
        "verificado": false,
        "nivel_verificacion": "prensa",
        "vigente": true,
        "alerta": null,
        "necesidades": {
          "agua": "urgente",
          "alimentos_no_perecederos": "urgente",
          "aseo_personal": "urgente",
          "alimento_mascotas": "necesita",
          "otros": "necesita"
        },
        "no_recibe": [],
        "sangre": null,
        "notas": "La fuente publica horario pero NO dirección. Recibe además productos de limpieza y alimento para mascotas.",
        "fuente": {
          "nombre": "Extrategia Medios",
          "url": "https://extrategiamedios.com/sabana-centro-se-une-por-los-damnificados-del-sismo-estos-son-los-puntos-para-donar-ayudas/",
          "fecha_publicacion": "2026-08-11"
        },
        "fecha_verificacion": "2026-08-13",
        "capacidad": null,
        "ocupacion": null,
        "admite_mascotas": null,
        "servicios": [],
        "requisitos_ingreso": null,
        "es_alerta": false
      }
    },
    {
      "type": "Feature",
      "geometry": {
        "type": "Point",
        "coordinates": [
          -74.3539821,
          4.8091384
        ]
      },
      "properties": {
        "id": "facatativa-parque-principal-de-facatativa",
        "nombre": "Parque Principal de Facatativá",
        "tipo": "acopio",
        "rol": "punto_donacion",
        "municipio": "Facatativá",
        "departamento": "Cundinamarca",
        "direccion": "Parque Principal de Facatativá",
        "geocode_query": "Parque Principal de Facatativá, Facatativá, Cundinamarca, Colombia",
        "precision_ubicacion": "exacta",
        "nota_ubicacion": null,
        "horario": "9:00 a.m. a 6:00 p.m., hasta el 17 de agosto de 2026",
        "telefono": "315 303 2108",
        "responsable": "Alcaldía de Facatativá / Cruz Roja Colombiana / Cámara de Comercio de Facatativá",
        "verificado": false,
        "nivel_verificacion": "prensa",
        "vigente": true,
        "alerta": null,
        "necesidades": {
          "agua": "urgente",
          "alimentos_no_perecederos": "urgente",
          "aseo_personal": "urgente",
          "panales_formula": "necesita",
          "medicamentos": "necesita",
          "colchonetas_cobijas": "urgente"
        },
        "no_recibe": [],
        "sangre": null,
        "notas": "Campaña 'Somos una sola casa'. Recibe arroz, aceite, pastas, enlatados, granos, harina, panela, leche en polvo, agua, cobijas, jabón, cepillos, pañales, toallas higiénicas, gasas, alcohol y guantes.",
        "fuente": {
          "nombre": "Mutantes TV",
          "url": "https://www.mutantes.tv/2026/08/11/facatativa-se-une-a-campana-de-solidaridad-con-damnificados-por-terremoto/",
          "fecha_publicacion": "2026-08-11"
        },
        "fecha_verificacion": "2026-08-13",
        "capacidad": null,
        "ocupacion": null,
        "admite_mascotas": null,
        "servicios": [],
        "requisitos_ingreso": null,
        "es_alerta": false
      }
    },
    {
      "type": "Feature",
      "geometry": {
        "type": "Point",
        "coordinates": [
          -74.3526944,
          4.8229423
        ]
      },
      "properties": {
        "id": "facatativa-cruz-roja-facatativa",
        "nombre": "Cruz Roja Facatativá",
        "tipo": "acopio",
        "rol": "punto_donacion",
        "municipio": "Facatativá",
        "departamento": "Cundinamarca",
        "direccion": "Calle 14A #6-52",
        "geocode_query": "Calle 14A #6-52, Facatativá, Cundinamarca, Colombia",
        "precision_ubicacion": "exacta",
        "nota_ubicacion": null,
        "horario": "9:00 a.m. a 6:00 p.m., hasta el 17 de agosto de 2026",
        "telefono": "315 303 2108",
        "responsable": "Cruz Roja Colombiana - Facatativá",
        "verificado": false,
        "nivel_verificacion": "prensa",
        "vigente": true,
        "alerta": null,
        "necesidades": {
          "agua": "urgente",
          "alimentos_no_perecederos": "urgente",
          "aseo_personal": "necesita",
          "panales_formula": "necesita",
          "medicamentos": "necesita",
          "colchonetas_cobijas": "urgente"
        },
        "no_recibe": [],
        "sangre": null,
        "notas": "Campaña 'Somos una sola casa'.",
        "fuente": {
          "nombre": "Mutantes TV",
          "url": "https://www.mutantes.tv/2026/08/11/facatativa-se-une-a-campana-de-solidaridad-con-damnificados-por-terremoto/",
          "fecha_publicacion": "2026-08-11"
        },
        "fecha_verificacion": "2026-08-13",
        "capacidad": null,
        "ocupacion": null,
        "admite_mascotas": null,
        "servicios": [],
        "requisitos_ingreso": null,
        "es_alerta": false
      }
    },
    {
      "type": "Feature",
      "geometry": {
        "type": "Point",
        "coordinates": [
          -74.3530967,
          4.8097035
        ]
      },
      "properties": {
        "id": "facatativa-sede-administrativa-facatativa-carrera-3",
        "nombre": "Sede administrativa Facatativá - Carrera 3",
        "tipo": "acopio",
        "rol": "punto_donacion",
        "municipio": "Facatativá",
        "departamento": "Cundinamarca",
        "direccion": "Carrera 3 #4-60",
        "geocode_query": "Carrera 3 #4-60, Facatativá, Cundinamarca, Colombia",
        "precision_ubicacion": "exacta",
        "nota_ubicacion": null,
        "horario": "9:00 a.m. a 6:00 p.m., hasta el 17 de agosto de 2026",
        "telefono": "315 303 2108",
        "responsable": "Alcaldía de Facatativá / Cámara de Comercio de Facatativá",
        "verificado": false,
        "nivel_verificacion": "prensa",
        "vigente": true,
        "alerta": null,
        "necesidades": {
          "agua": "urgente",
          "alimentos_no_perecederos": "urgente",
          "aseo_personal": "necesita",
          "panales_formula": "necesita",
          "medicamentos": "necesita",
          "colchonetas_cobijas": "urgente"
        },
        "no_recibe": [],
        "sangre": null,
        "notas": "Campaña 'Somos una sola casa'.",
        "fuente": {
          "nombre": "Mutantes TV",
          "url": "https://www.mutantes.tv/2026/08/11/facatativa-se-une-a-campana-de-solidaridad-con-damnificados-por-terremoto/",
          "fecha_publicacion": "2026-08-11"
        },
        "fecha_verificacion": "2026-08-13",
        "capacidad": null,
        "ocupacion": null,
        "admite_mascotas": null,
        "servicios": [],
        "requisitos_ingreso": null,
        "es_alerta": false
      }
    },
    {
      "type": "Feature",
      "geometry": {
        "type": "Point",
        "coordinates": [
          -74.4736323,
          5.0105139
        ]
      },
      "properties": {
        "id": "villeta-punto-de-acopio-villeta",
        "nombre": "Punto de acopio Villeta",
        "tipo": "acopio",
        "rol": "punto_donacion",
        "municipio": "Villeta",
        "departamento": "Cundinamarca",
        "direccion": "Carrera 9 #5-17",
        "geocode_query": "Carrera 9 #5-17, Villeta, Cundinamarca, Colombia",
        "precision_ubicacion": "exacta",
        "nota_ubicacion": null,
        "horario": "9:00 a.m. a 6:00 p.m., hasta el 17 de agosto de 2026",
        "telefono": "315 303 2108",
        "responsable": "Cruz Roja Colombiana / Cámara de Comercio de Facatativá",
        "verificado": false,
        "nivel_verificacion": "prensa",
        "vigente": true,
        "alerta": null,
        "necesidades": {
          "agua": "urgente",
          "alimentos_no_perecederos": "urgente",
          "aseo_personal": "necesita",
          "panales_formula": "necesita",
          "medicamentos": "necesita",
          "colchonetas_cobijas": "urgente"
        },
        "no_recibe": [],
        "sangre": null,
        "notas": "Parte de la red de la campaña 'Somos una sola casa' coordinada desde Facatativá.",
        "fuente": {
          "nombre": "Mutantes TV",
          "url": "https://www.mutantes.tv/2026/08/11/facatativa-se-une-a-campana-de-solidaridad-con-damnificados-por-terremoto/",
          "fecha_publicacion": "2026-08-11"
        },
        "fecha_verificacion": "2026-08-13",
        "capacidad": null,
        "ocupacion": null,
        "admite_mascotas": null,
        "servicios": [],
        "requisitos_ingreso": null,
        "es_alerta": false
      }
    },
    {
      "type": "Feature",
      "geometry": {
        "type": "Point",
        "coordinates": [
          -74.2111134,
          4.7205819
        ]
      },
      "properties": {
        "id": "funza-punto-de-acopio-funza",
        "nombre": "Punto de acopio Funza",
        "tipo": "acopio",
        "rol": "punto_donacion",
        "municipio": "Funza",
        "departamento": "Cundinamarca",
        "direccion": "Carrera 17B #16-91",
        "geocode_query": "Carrera 17B #16-91, Funza, Cundinamarca, Colombia",
        "precision_ubicacion": "exacta",
        "nota_ubicacion": null,
        "horario": "9:00 a.m. a 6:00 p.m., hasta el 17 de agosto de 2026",
        "telefono": "315 303 2108",
        "responsable": "Cruz Roja Colombiana / Cámara de Comercio de Facatativá",
        "verificado": false,
        "nivel_verificacion": "prensa",
        "vigente": true,
        "alerta": null,
        "necesidades": {
          "agua": "urgente",
          "alimentos_no_perecederos": "urgente",
          "aseo_personal": "necesita",
          "panales_formula": "necesita",
          "medicamentos": "necesita",
          "colchonetas_cobijas": "urgente"
        },
        "no_recibe": [],
        "sangre": null,
        "notas": "Parte de la red de la campaña 'Somos una sola casa'.",
        "fuente": {
          "nombre": "Mutantes TV",
          "url": "https://www.mutantes.tv/2026/08/11/facatativa-se-une-a-campana-de-solidaridad-con-damnificados-por-terremoto/",
          "fecha_publicacion": "2026-08-11"
        },
        "fecha_verificacion": "2026-08-13",
        "capacidad": null,
        "ocupacion": null,
        "admite_mascotas": null,
        "servicios": [],
        "requisitos_ingreso": null,
        "es_alerta": false
      }
    },
    {
      "type": "Feature",
      "geometry": {
        "type": "Point",
        "coordinates": [
          -74.157963,
          5.131603
        ]
      },
      "properties": {
        "id": "pacho-punto-de-acopio-pacho",
        "nombre": "Punto de acopio Pacho",
        "tipo": "acopio",
        "rol": "punto_donacion",
        "municipio": "Pacho",
        "departamento": "Cundinamarca",
        "direccion": "Calle 7 #18-71",
        "geocode_query": "Calle 7 #18-71, Pacho, Cundinamarca, Colombia",
        "precision_ubicacion": "exacta",
        "nota_ubicacion": null,
        "horario": "9:00 a.m. a 6:00 p.m., hasta el 17 de agosto de 2026",
        "telefono": "315 303 2108",
        "responsable": "Cruz Roja Colombiana / Cámara de Comercio de Facatativá",
        "verificado": false,
        "nivel_verificacion": "prensa",
        "vigente": true,
        "alerta": null,
        "necesidades": {
          "agua": "urgente",
          "alimentos_no_perecederos": "urgente",
          "aseo_personal": "necesita",
          "panales_formula": "necesita",
          "medicamentos": "necesita",
          "colchonetas_cobijas": "urgente"
        },
        "no_recibe": [],
        "sangre": null,
        "notas": "CONTRADICCIÓN DE HORARIO: Mutantes TV reporta 9 a.m.-6 p.m.; Infobae (lista de la Primera Dama) reporta 8 a.m.-7 p.m. para Pacho.",
        "fuente": {
          "nombre": "Mutantes TV",
          "url": "https://www.mutantes.tv/2026/08/11/facatativa-se-une-a-campana-de-solidaridad-con-damnificados-por-terremoto/",
          "fecha_publicacion": "2026-08-11"
        },
        "fecha_verificacion": "2026-08-13",
        "capacidad": null,
        "ocupacion": null,
        "admite_mascotas": null,
        "servicios": [],
        "requisitos_ingreso": null,
        "es_alerta": false
      }
    },
    {
      "type": "Feature",
      "geometry": {
        "type": "Point",
        "coordinates": [
          -73.9455166,
          4.4057192
        ]
      },
      "properties": {
        "id": "caqueza-punto-de-acopio-caqueza",
        "nombre": "Punto de acopio Cáqueza",
        "tipo": "acopio",
        "rol": "punto_donacion",
        "municipio": "Cáqueza",
        "departamento": "Cundinamarca",
        "direccion": null,
        "geocode_query": "Punto de acopio Cáqueza, Cáqueza, Cundinamarca, Colombia",
        "precision_ubicacion": "exacta",
        "nota_ubicacion": null,
        "horario": "8:00 a.m. a 7:00 p.m.",
        "telefono": null,
        "responsable": "Campaña 'Colombia, un solo corazón' (Primera Dama Ana Lucía Pineda)",
        "verificado": false,
        "nivel_verificacion": "prensa",
        "vigente": "desconocido",
        "alerta": null,
        "necesidades": {
          "agua": "urgente",
          "alimentos_no_perecederos": "urgente",
          "aseo_personal": "necesita",
          "colchonetas_cobijas": "necesita"
        },
        "no_recibe": [],
        "sangre": null,
        "notas": "La fuente no publica dirección exacta ni teléfono. Confirmar con la alcaldía municipal antes de acudir.",
        "fuente": {
          "nombre": "Infobae Colombia",
          "url": "https://www.infobae.com/colombia/2026/08/12/la-primera-dama-ana-lucia-pineda-revelo-los-30-puntos-donde-reciben-donaciones-para-los-afectados-por-el-terremoto-en-colombia/",
          "fecha_publicacion": "2026-08-12"
        },
        "fecha_verificacion": "2026-08-13",
        "capacidad": null,
        "ocupacion": null,
        "admite_mascotas": null,
        "servicios": [],
        "requisitos_ingreso": null,
        "es_alerta": false
      }
    },
    {
      "type": "Feature",
      "geometry": {
        "type": "Point",
        "coordinates": [
          -74.3618264,
          4.3441679
        ]
      },
      "properties": {
        "id": "fusagasuga-recoleccion-de-donaciones-de-fusagasuga",
        "nombre": "Recolección de donaciones de Fusagasugá",
        "tipo": "acopio",
        "rol": "punto_donacion",
        "municipio": "Fusagasugá",
        "departamento": "Cundinamarca",
        "direccion": null,
        "geocode_query": "Recolección de donaciones de Fusagasugá, Fusagasugá, Cundinamarca, Colombia",
        "precision_ubicacion": "exacta",
        "nota_ubicacion": null,
        "horario": null,
        "telefono": null,
        "responsable": "Alcaldía de Fusagasugá",
        "verificado": false,
        "nivel_verificacion": "prensa",
        "vigente": "desconocido",
        "alerta": null,
        "necesidades": {},
        "no_recibe": [],
        "sangre": null,
        "notas": "CONFIRMADO que Fusagasugá activó recolección de donaciones para los afectados por el sismo en Chocó, pero la fuente no fue accesible (timeout repetido) y NINGUNA otra fuente publica dirección, horario ni teléfono. Verificar directamente con la Alcaldía de Fusagasugá antes de difundir.",
        "fuente": {
          "nombre": "Noticias Día a Día",
          "url": "https://noticiasdiaadia.com/cundinamarca/fusagasuga-recoleccion-donaciones-afectados-sismo-choco/",
          "fecha_publicacion": null
        },
        "fecha_verificacion": "2026-08-13",
        "capacidad": null,
        "ocupacion": null,
        "admite_mascotas": null,
        "servicios": [],
        "requisitos_ingreso": null,
        "es_alerta": false
      }
    },
    {
      "type": "Feature",
      "geometry": {
        "type": "Point",
        "coordinates": [
          -73.3616583,
          5.5330934
        ]
      },
      "properties": {
        "id": "tunja-carpa-de-acopio-gobernacion-de-boyaca",
        "nombre": "Carpa de acopio - Gobernación de Boyacá",
        "tipo": "acopio",
        "rol": "punto_donacion",
        "municipio": "Tunja",
        "departamento": "Boyacá",
        "direccion": "Carpa ubicada en la entrada de la Gobernación de Boyacá",
        "geocode_query": "Carpa ubicada en la entrada de la Gobernación de Boyacá, Tunja, Boyacá, Colombia",
        "precision_ubicacion": "exacta",
        "nota_ubicacion": null,
        "horario": "11 al 14 de agosto de 2026, 8:00 a.m. a 5:30 p.m.",
        "telefono": null,
        "responsable": "Daniela Assis, Gestora Social de Boyacá - Gobernación de Boyacá (campaña 'Todos Unidos por Colombia')",
        "verificado": false,
        "nivel_verificacion": "prensa",
        "vigente": true,
        "alerta": null,
        "necesidades": {
          "alimentos_no_perecederos": "urgente",
          "aseo_personal": "urgente",
          "colchonetas_cobijas": "urgente"
        },
        "no_recibe": [],
        "sangre": null,
        "notas": "Cierra el 14 de agosto (quedan 2 días). Recibe colchonetas, alimentos no perecederos y kits de aseo.",
        "fuente": {
          "nombre": "Orfe TV",
          "url": "https://www.orfetv.com/2026/08/12/boyaca-se-une-a-la-campana-nacional-todos-unidos-por-colombia-para-apoyar-a-las-familias-afectadas-por-el-terremoto/",
          "fecha_publicacion": "2026-08-12"
        },
        "fecha_verificacion": "2026-08-13",
        "capacidad": null,
        "ocupacion": null,
        "admite_mascotas": null,
        "servicios": [],
        "requisitos_ingreso": null,
        "es_alerta": false
      }
    },
    {
      "type": "Feature",
      "geometry": {
        "type": "Point",
        "coordinates": [
          -73.3648411,
          5.5342978
        ]
      },
      "properties": {
        "id": "tunja-scare-tunja-punto-de-insumos-medicos",
        "nombre": "SCARE Tunja - Punto de insumos médicos",
        "tipo": "acopio",
        "rol": "punto_donacion",
        "municipio": "Tunja",
        "departamento": "Boyacá",
        "direccion": "Calle 20 #12-84, Plaza Real, local 117",
        "geocode_query": "Calle 20 #12-84, Plaza Real, local 117, Tunja, Boyacá, Colombia",
        "precision_ubicacion": "exacta",
        "nota_ubicacion": null,
        "horario": null,
        "telefono": "608 747 1763",
        "responsable": "Sociedad Colombiana de Anestesiología y Reanimación (SCARE) / ACSC",
        "verificado": false,
        "nivel_verificacion": "prensa",
        "vigente": true,
        "alerta": null,
        "necesidades": {
          "medicamentos": "urgente",
          "alimentos_no_perecederos": "necesita",
          "otros": "urgente"
        },
        "no_recibe": [],
        "sangre": null,
        "notas": "Punto especializado en insumos médicos y medicamentos. Sin horario publicado.",
        "fuente": {
          "nombre": "La FM",
          "url": "https://www.lafm.com.co/sociedad/terremoto-colombia-salud-sociedades-cientificas-407436",
          "fecha_publicacion": "2026-08-10"
        },
        "fecha_verificacion": "2026-08-13",
        "capacidad": null,
        "ocupacion": null,
        "admite_mascotas": null,
        "servicios": [],
        "requisitos_ingreso": null,
        "es_alerta": false
      }
    },
    {
      "type": "Feature",
      "geometry": {
        "type": "Point",
        "coordinates": [
          -73.3636673,
          5.5351619
        ]
      },
      "properties": {
        "id": "tunja-punto-de-acopio-tunja-carrera-12",
        "nombre": "Punto de acopio Tunja - Carrera 12",
        "tipo": "acopio",
        "rol": "punto_donacion",
        "municipio": "Tunja",
        "departamento": "Boyacá",
        "direccion": "Carrera 12 #21-45",
        "geocode_query": "Carrera 12 #21-45, Tunja, Boyacá, Colombia",
        "precision_ubicacion": "exacta",
        "nota_ubicacion": null,
        "horario": null,
        "telefono": null,
        "responsable": "Campaña 'Colombia, un solo corazón' (Primera Dama Ana Lucía Pineda)",
        "verificado": false,
        "nivel_verificacion": "prensa",
        "vigente": "desconocido",
        "alerta": null,
        "necesidades": {
          "agua": "urgente",
          "alimentos_no_perecederos": "urgente",
          "aseo_personal": "necesita",
          "colchonetas_cobijas": "necesita"
        },
        "no_recibe": [],
        "sangre": null,
        "notas": "Punto distinto de la carpa de la Gobernación y del punto SCARE. Sin horario ni teléfono publicados.",
        "fuente": {
          "nombre": "Infobae Colombia",
          "url": "https://www.infobae.com/colombia/2026/08/12/la-primera-dama-ana-lucia-pineda-revelo-los-30-puntos-donde-reciben-donaciones-para-los-afectados-por-el-terremoto-en-colombia/",
          "fecha_publicacion": "2026-08-12"
        },
        "fecha_verificacion": "2026-08-13",
        "capacidad": null,
        "ocupacion": null,
        "admite_mascotas": null,
        "servicios": [],
        "requisitos_ingreso": null,
        "es_alerta": false
      }
    },
    {
      "type": "Feature",
      "geometry": {
        "type": "Point",
        "coordinates": [
          -74.0438986,
          4.7011077
        ]
      },
      "properties": {
        "id": "bogota-centro-122-plaza-apartahotel",
        "nombre": "Centro 122 Plaza Apartahotel",
        "tipo": "acopio",
        "rol": "punto_donacion",
        "municipio": "Bogotá",
        "departamento": "Bogotá D.C.",
        "direccion": null,
        "geocode_query": "Centro 122 Plaza Apartahotel, Bogotá, Bogotá D.C., Colombia",
        "precision_ubicacion": "exacta",
        "nota_ubicacion": null,
        "horario": "24 horas",
        "telefono": null,
        "responsable": "Campaña 'Colombia, un solo corazón' (Primera Dama Ana Lucía Pineda)",
        "verificado": false,
        "nivel_verificacion": "prensa",
        "vigente": "desconocido",
        "alerta": null,
        "necesidades": {
          "agua": "urgente",
          "alimentos_no_perecederos": "urgente",
          "aseo_personal": "necesita",
          "colchonetas_cobijas": "necesita"
        },
        "no_recibe": [],
        "sangre": null,
        "notas": "Reportado con recepción 24 horas. La fuente NO publica dirección exacta ni teléfono; el nombre sugiere sector de la Calle 122. Verificar antes de difundir.",
        "fuente": {
          "nombre": "Infobae Colombia",
          "url": "https://www.infobae.com/colombia/2026/08/12/la-primera-dama-ana-lucia-pineda-revelo-los-30-puntos-donde-reciben-donaciones-para-los-afectados-por-el-terremoto-en-colombia/",
          "fecha_publicacion": "2026-08-12"
        },
        "fecha_verificacion": "2026-08-13",
        "capacidad": null,
        "ocupacion": null,
        "admite_mascotas": null,
        "servicios": [],
        "requisitos_ingreso": null,
        "es_alerta": false
      }
    },
    {
      "type": "Feature",
      "geometry": {
        "type": "Point",
        "coordinates": [
          -75.585486,
          6.2076556
        ]
      },
      "properties": {
        "id": "medellin-fundacion-banco-arquidiocesano-de-alimentos-de-medellin",
        "nombre": "Fundación Banco Arquidiocesano de Alimentos de Medellín",
        "tipo": "acopio",
        "rol": "punto_donacion",
        "municipio": "Medellín",
        "departamento": "Antioquia",
        "direccion": "Carrera 52 #30A-97, barrio Guayabal",
        "geocode_query": "Carrera 52 #30A-97, barrio Guayabal, Medellín, Antioquia, Colombia",
        "precision_ubicacion": "exacta",
        "nota_ubicacion": null,
        "horario": "Aproximadamente 8:00 a.m. - 6:00 p.m. (rango general de los 10 puntos, no confirmado punto por punto)",
        "telefono": null,
        "responsable": "Alcaldía de Medellín - Secretaría de Inclusión Social y Familia; aliado ABACO",
        "verificado": true,
        "nivel_verificacion": "institucional",
        "vigente": true,
        "alerta": null,
        "necesidades": {
          "panales_formula": "necesita",
          "colchonetas_cobijas": "necesita",
          "alimentos_no_perecederos": "urgente",
          "agua": "urgente",
          "aseo_personal": "urgente"
        },
        "no_recibe": [
          "Medicamentos",
          "Ropa",
          "Productos vencidos",
          "Alimentos perecederos"
        ],
        "sangre": null,
        "notas": "Punto oficial de la campaña 'Colombia se levanta'. Recibe arroz, aceite, pastas, legumbres, enlatados, harinas, panela, chocolate, avena, leche en polvo y UHT.",
        "fuente": {
          "nombre": "Alcaldía de Medellín",
          "url": "https://www.medellin.gov.co/es/sala-de-prensa/noticias/en-10-puntos-se-recibiran-las-donaciones-para-enviar-desde-medellin-a-las-comunidades-afectadas-por-el-sismo/",
          "fecha_publicacion": "2026-08-11"
        },
        "fecha_verificacion": "2026-08-13",
        "capacidad": null,
        "ocupacion": null,
        "admite_mascotas": null,
        "servicios": [],
        "requisitos_ingreso": null,
        "es_alerta": false
      }
    },
    {
      "type": "Feature",
      "geometry": {
        "type": "Point",
        "coordinates": [
          -75.5770394,
          6.2275322
        ]
      },
      "properties": {
        "id": "medellin-fundacion-saciar",
        "nombre": "Fundación Saciar",
        "tipo": "acopio",
        "rol": "punto_donacion",
        "municipio": "Medellín",
        "departamento": "Antioquia",
        "direccion": "Carrera 50 #25-261, barrio Belén",
        "geocode_query": "Carrera 50 #25-261, barrio Belén, Medellín, Antioquia, Colombia",
        "precision_ubicacion": "exacta",
        "nota_ubicacion": null,
        "horario": "Aproximadamente 8:00 a.m. - 6:00 p.m. (rango general, no confirmado)",
        "telefono": null,
        "responsable": "Alcaldía de Medellín - Secretaría de Inclusión Social y Familia; aliado ABACO",
        "verificado": true,
        "nivel_verificacion": "institucional",
        "vigente": true,
        "alerta": null,
        "necesidades": {
          "panales_formula": "necesita",
          "colchonetas_cobijas": "necesita",
          "alimentos_no_perecederos": "urgente",
          "agua": "urgente",
          "aseo_personal": "urgente"
        },
        "no_recibe": [
          "Medicamentos",
          "Ropa",
          "Productos vencidos",
          "Alimentos perecederos"
        ],
        "sangre": null,
        "notas": "Punto oficial 'Colombia se levanta'.",
        "fuente": {
          "nombre": "Alcaldía de Medellín",
          "url": "https://www.medellin.gov.co/es/sala-de-prensa/noticias/en-10-puntos-se-recibiran-las-donaciones-para-enviar-desde-medellin-a-las-comunidades-afectadas-por-el-sismo/",
          "fecha_publicacion": "2026-08-11"
        },
        "fecha_verificacion": "2026-08-13",
        "capacidad": null,
        "ocupacion": null,
        "admite_mascotas": null,
        "servicios": [],
        "requisitos_ingreso": null,
        "es_alerta": false
      }
    },
    {
      "type": "Feature",
      "geometry": {
        "type": "Point",
        "coordinates": [
          -75.5741784,
          6.2445507
        ]
      },
      "properties": {
        "id": "medellin-hall-principal-de-la-alcaldia-de-medellin",
        "nombre": "Hall principal de la Alcaldía de Medellín",
        "tipo": "acopio",
        "rol": "punto_donacion",
        "municipio": "Medellín",
        "departamento": "Antioquia",
        "direccion": "Hall del Centro Administrativo Municipal La Alpujarra",
        "geocode_query": "Hall del Centro Administrativo Municipal La Alpujarra, Medellín, Antioquia, Colombia",
        "precision_ubicacion": "aproximada",
        "nota_ubicacion": "Ubicación a nivel de barrio, sector o cabecera municipal. Afinar a mano si es posible.",
        "horario": "Aproximadamente 8:00 a.m. - 6:00 p.m. (rango general, no confirmado)",
        "telefono": null,
        "responsable": "Alcaldía de Medellín",
        "verificado": true,
        "nivel_verificacion": "institucional",
        "vigente": true,
        "alerta": null,
        "necesidades": {
          "agua": "necesita",
          "panales_formula": "necesita",
          "colchonetas_cobijas": "necesita",
          "alimentos_no_perecederos": "urgente",
          "aseo_personal": "urgente"
        },
        "no_recibe": [
          "Medicamentos",
          "Ropa",
          "Productos vencidos",
          "Alimentos perecederos"
        ],
        "sangre": null,
        "notas": "Punto oficial 'Colombia se levanta'. La ubicación en La Alpujarra la precisa El Colombiano, no el boletín oficial.",
        "fuente": {
          "nombre": "Alcaldía de Medellín",
          "url": "https://www.medellin.gov.co/es/sala-de-prensa/noticias/en-10-puntos-se-recibiran-las-donaciones-para-enviar-desde-medellin-a-las-comunidades-afectadas-por-el-sismo/",
          "fecha_publicacion": "2026-08-11"
        },
        "fecha_verificacion": "2026-08-13",
        "capacidad": null,
        "ocupacion": null,
        "admite_mascotas": null,
        "servicios": [],
        "requisitos_ingreso": null,
        "es_alerta": false
      }
    },
    {
      "type": "Feature",
      "geometry": {
        "type": "Point",
        "coordinates": [
          -75.5718534,
          6.2779516
        ]
      },
      "properties": {
        "id": "medellin-terminal-del-norte-local-9840",
        "nombre": "Terminal del Norte - local 9840",
        "tipo": "acopio",
        "rol": "punto_donacion",
        "municipio": "Medellín",
        "departamento": "Antioquia",
        "direccion": "Terminal de Transporte del Norte, local 9840",
        "geocode_query": "Terminal de Transporte del Norte, local 9840, Medellín, Antioquia, Colombia",
        "precision_ubicacion": "exacta",
        "nota_ubicacion": null,
        "horario": "Aproximadamente 8:00 a.m. - 6:00 p.m. (rango general, no confirmado)",
        "telefono": null,
        "responsable": "Alcaldía de Medellín",
        "verificado": true,
        "nivel_verificacion": "institucional",
        "vigente": true,
        "alerta": null,
        "necesidades": {
          "agua": "necesita",
          "panales_formula": "necesita",
          "colchonetas_cobijas": "necesita",
          "alimentos_no_perecederos": "urgente",
          "aseo_personal": "urgente"
        },
        "no_recibe": [
          "Medicamentos",
          "Ropa",
          "Productos vencidos",
          "Alimentos perecederos"
        ],
        "sangre": null,
        "notas": "Punto oficial 'Colombia se levanta'.",
        "fuente": {
          "nombre": "Alcaldía de Medellín",
          "url": "https://www.medellin.gov.co/es/sala-de-prensa/noticias/en-10-puntos-se-recibiran-las-donaciones-para-enviar-desde-medellin-a-las-comunidades-afectadas-por-el-sismo/",
          "fecha_publicacion": "2026-08-11"
        },
        "fecha_verificacion": "2026-08-13",
        "capacidad": null,
        "ocupacion": null,
        "admite_mascotas": null,
        "servicios": [],
        "requisitos_ingreso": null,
        "es_alerta": false
      }
    },
    {
      "type": "Feature",
      "geometry": {
        "type": "Point",
        "coordinates": [
          -75.5792139,
          6.1996012
        ]
      },
      "properties": {
        "id": "medellin-universidad-eafit-placa-cubierta",
        "nombre": "Universidad EAFIT - placa cubierta",
        "tipo": "acopio",
        "rol": "punto_donacion",
        "municipio": "Medellín",
        "departamento": "Antioquia",
        "direccion": "Campus Universidad EAFIT, placa cubierta",
        "geocode_query": "Campus Universidad EAFIT, placa cubierta, Medellín, Antioquia, Colombia",
        "precision_ubicacion": "exacta",
        "nota_ubicacion": null,
        "horario": "Aproximadamente 8:00 a.m. - 6:00 p.m. (rango general, no confirmado)",
        "telefono": null,
        "responsable": "Universidad EAFIT y Alcaldía de Medellín",
        "verificado": true,
        "nivel_verificacion": "institucional",
        "vigente": true,
        "alerta": null,
        "necesidades": {
          "agua": "necesita",
          "panales_formula": "necesita",
          "colchonetas_cobijas": "necesita",
          "alimentos_no_perecederos": "urgente",
          "aseo_personal": "urgente"
        },
        "no_recibe": [
          "Medicamentos",
          "Ropa",
          "Productos vencidos",
          "Alimentos perecederos"
        ],
        "sangre": null,
        "notas": "Punto oficial 'Colombia se levanta'. EAFIT también activó 'EAFIT Contigo': fondo de emergencia, apoyo psicosocial y flexibilidad académica para su comunidad afectada.",
        "fuente": {
          "nombre": "Alcaldía de Medellín",
          "url": "https://www.medellin.gov.co/es/sala-de-prensa/noticias/en-10-puntos-se-recibiran-las-donaciones-para-enviar-desde-medellin-a-las-comunidades-afectadas-por-el-sismo/",
          "fecha_publicacion": "2026-08-11"
        },
        "fecha_verificacion": "2026-08-13",
        "capacidad": null,
        "ocupacion": null,
        "admite_mascotas": null,
        "servicios": [],
        "requisitos_ingreso": null,
        "es_alerta": false
      }
    },
    {
      "type": "Feature",
      "geometry": {
        "type": "Point",
        "coordinates": [
          -75.5617526,
          6.1966008
        ]
      },
      "properties": {
        "id": "medellin-biblioteca-publica-el-poblado",
        "nombre": "Biblioteca Pública El Poblado",
        "tipo": "acopio",
        "rol": "punto_donacion",
        "municipio": "Medellín",
        "departamento": "Antioquia",
        "direccion": null,
        "geocode_query": "Biblioteca Pública El Poblado, Medellín, Antioquia, Colombia",
        "precision_ubicacion": "exacta",
        "nota_ubicacion": null,
        "horario": "Aproximadamente 8:00 a.m. - 6:00 p.m. (rango general, no confirmado)",
        "telefono": null,
        "responsable": "Alcaldía de Medellín",
        "verificado": true,
        "nivel_verificacion": "institucional",
        "vigente": true,
        "alerta": null,
        "necesidades": {
          "agua": "necesita",
          "panales_formula": "necesita",
          "colchonetas_cobijas": "necesita",
          "alimentos_no_perecederos": "urgente",
          "aseo_personal": "urgente"
        },
        "no_recibe": [
          "Medicamentos",
          "Ropa",
          "Productos vencidos",
          "Alimentos perecederos"
        ],
        "sangre": null,
        "notas": "Punto oficial 'Colombia se levanta'. Ninguna fuente publicó dirección ni horario específico.",
        "fuente": {
          "nombre": "Alcaldía de Medellín",
          "url": "https://www.medellin.gov.co/es/sala-de-prensa/noticias/en-10-puntos-se-recibiran-las-donaciones-para-enviar-desde-medellin-a-las-comunidades-afectadas-por-el-sismo/",
          "fecha_publicacion": "2026-08-11"
        },
        "fecha_verificacion": "2026-08-13",
        "capacidad": null,
        "ocupacion": null,
        "admite_mascotas": null,
        "servicios": [],
        "requisitos_ingreso": null,
        "es_alerta": false
      }
    },
    {
      "type": "Feature",
      "geometry": {
        "type": "Point",
        "coordinates": [
          -75.5983286,
          6.223695
        ]
      },
      "properties": {
        "id": "medellin-parque-biblioteca-belen",
        "nombre": "Parque Biblioteca Belén",
        "tipo": "acopio",
        "rol": "punto_donacion",
        "municipio": "Medellín",
        "departamento": "Antioquia",
        "direccion": null,
        "geocode_query": "Parque Biblioteca Belén, Medellín, Antioquia, Colombia",
        "precision_ubicacion": "exacta",
        "nota_ubicacion": null,
        "horario": "Aproximadamente 8:00 a.m. - 6:00 p.m. (rango general, no confirmado)",
        "telefono": null,
        "responsable": "Alcaldía de Medellín",
        "verificado": true,
        "nivel_verificacion": "institucional",
        "vigente": true,
        "alerta": null,
        "necesidades": {
          "agua": "necesita",
          "panales_formula": "necesita",
          "colchonetas_cobijas": "necesita",
          "alimentos_no_perecederos": "urgente",
          "aseo_personal": "urgente"
        },
        "no_recibe": [
          "Medicamentos",
          "Ropa",
          "Productos vencidos",
          "Alimentos perecederos"
        ],
        "sangre": null,
        "notas": "Punto oficial 'Colombia se levanta'.",
        "fuente": {
          "nombre": "Alcaldía de Medellín",
          "url": "https://www.medellin.gov.co/es/sala-de-prensa/noticias/en-10-puntos-se-recibiran-las-donaciones-para-enviar-desde-medellin-a-las-comunidades-afectadas-por-el-sismo/",
          "fecha_publicacion": "2026-08-11"
        },
        "fecha_verificacion": "2026-08-13",
        "capacidad": null,
        "ocupacion": null,
        "admite_mascotas": null,
        "servicios": [],
        "requisitos_ingreso": null,
        "es_alerta": false
      }
    },
    {
      "type": "Feature",
      "geometry": {
        "type": "Point",
        "coordinates": [
          -75.6133997,
          6.2544886
        ]
      },
      "properties": {
        "id": "medellin-parque-biblioteca-san-javier",
        "nombre": "Parque Biblioteca San Javier",
        "tipo": "acopio",
        "rol": "punto_donacion",
        "municipio": "Medellín",
        "departamento": "Antioquia",
        "direccion": null,
        "geocode_query": "Parque Biblioteca San Javier, Medellín, Antioquia, Colombia",
        "precision_ubicacion": "exacta",
        "nota_ubicacion": null,
        "horario": "Aproximadamente 8:00 a.m. - 6:00 p.m. (rango general, no confirmado)",
        "telefono": null,
        "responsable": "Alcaldía de Medellín",
        "verificado": true,
        "nivel_verificacion": "institucional",
        "vigente": true,
        "alerta": null,
        "necesidades": {
          "agua": "necesita",
          "panales_formula": "necesita",
          "colchonetas_cobijas": "necesita",
          "alimentos_no_perecederos": "urgente",
          "aseo_personal": "urgente"
        },
        "no_recibe": [
          "Medicamentos",
          "Ropa",
          "Productos vencidos",
          "Alimentos perecederos"
        ],
        "sangre": null,
        "notas": "Punto oficial 'Colombia se levanta'.",
        "fuente": {
          "nombre": "Alcaldía de Medellín",
          "url": "https://www.medellin.gov.co/es/sala-de-prensa/noticias/en-10-puntos-se-recibiran-las-donaciones-para-enviar-desde-medellin-a-las-comunidades-afectadas-por-el-sismo/",
          "fecha_publicacion": "2026-08-11"
        },
        "fecha_verificacion": "2026-08-13",
        "capacidad": null,
        "ocupacion": null,
        "admite_mascotas": null,
        "servicios": [],
        "requisitos_ingreso": null,
        "es_alerta": false
      }
    },
    {
      "type": "Feature",
      "geometry": {
        "type": "Point",
        "coordinates": [
          -75.5777583,
          6.3040491
        ]
      },
      "properties": {
        "id": "medellin-parque-biblioteca-gabriel-garcia-marquez",
        "nombre": "Parque Biblioteca Gabriel García Márquez",
        "tipo": "acopio",
        "rol": "punto_donacion",
        "municipio": "Medellín",
        "departamento": "Antioquia",
        "direccion": "Sector Doce de Octubre",
        "geocode_query": "Sector Doce de Octubre, Medellín, Antioquia, Colombia",
        "precision_ubicacion": "exacta",
        "nota_ubicacion": null,
        "horario": "Aproximadamente 8:00 a.m. - 6:00 p.m. (rango general, no confirmado)",
        "telefono": null,
        "responsable": "Alcaldía de Medellín",
        "verificado": true,
        "nivel_verificacion": "institucional",
        "vigente": true,
        "alerta": null,
        "necesidades": {
          "agua": "necesita",
          "panales_formula": "necesita",
          "colchonetas_cobijas": "necesita",
          "alimentos_no_perecederos": "urgente",
          "aseo_personal": "urgente"
        },
        "no_recibe": [
          "Medicamentos",
          "Ropa",
          "Productos vencidos",
          "Alimentos perecederos"
        ],
        "sangre": null,
        "notas": "Punto oficial 'Colombia se levanta'. Ubicación en Doce de Octubre según El Colombiano.",
        "fuente": {
          "nombre": "Alcaldía de Medellín",
          "url": "https://www.medellin.gov.co/es/sala-de-prensa/noticias/en-10-puntos-se-recibiran-las-donaciones-para-enviar-desde-medellin-a-las-comunidades-afectadas-por-el-sismo/",
          "fecha_publicacion": "2026-08-11"
        },
        "fecha_verificacion": "2026-08-13",
        "capacidad": null,
        "ocupacion": null,
        "admite_mascotas": null,
        "servicios": [],
        "requisitos_ingreso": null,
        "es_alerta": false
      }
    },
    {
      "type": "Feature",
      "geometry": {
        "type": "Point",
        "coordinates": [
          -75.5537634,
          6.2509783
        ]
      },
      "properties": {
        "id": "medellin-parque-biblioteca-leon-de-greiff",
        "nombre": "Parque Biblioteca León de Greiff",
        "tipo": "acopio",
        "rol": "punto_donacion",
        "municipio": "Medellín",
        "departamento": "Antioquia",
        "direccion": "Sector La Ladera",
        "geocode_query": "Sector La Ladera, Medellín, Antioquia, Colombia",
        "precision_ubicacion": "exacta",
        "nota_ubicacion": null,
        "horario": "Aproximadamente 8:00 a.m. - 6:00 p.m. (rango general, no confirmado)",
        "telefono": null,
        "responsable": "Alcaldía de Medellín",
        "verificado": true,
        "nivel_verificacion": "institucional",
        "vigente": true,
        "alerta": null,
        "necesidades": {
          "agua": "necesita",
          "panales_formula": "necesita",
          "colchonetas_cobijas": "necesita",
          "alimentos_no_perecederos": "urgente",
          "aseo_personal": "urgente"
        },
        "no_recibe": [
          "Medicamentos",
          "Ropa",
          "Productos vencidos",
          "Alimentos perecederos"
        ],
        "sangre": null,
        "notas": "Punto oficial 'Colombia se levanta'. Ubicación en La Ladera según El Colombiano.",
        "fuente": {
          "nombre": "Alcaldía de Medellín",
          "url": "https://www.medellin.gov.co/es/sala-de-prensa/noticias/en-10-puntos-se-recibiran-las-donaciones-para-enviar-desde-medellin-a-las-comunidades-afectadas-por-el-sismo/",
          "fecha_publicacion": "2026-08-11"
        },
        "fecha_verificacion": "2026-08-13",
        "capacidad": null,
        "ocupacion": null,
        "admite_mascotas": null,
        "servicios": [],
        "requisitos_ingreso": null,
        "es_alerta": false
      }
    },
    {
      "type": "Feature",
      "geometry": {
        "type": "Point",
        "coordinates": [
          -75.5911282,
          6.2625837
        ]
      },
      "properties": {
        "id": "medellin-cuarta-brigada-del-ejercito-nacional-septima-division",
        "nombre": "Cuarta Brigada del Ejército Nacional - Séptima División",
        "tipo": "acopio",
        "rol": "punto_donacion",
        "municipio": "Medellín",
        "departamento": "Antioquia",
        "direccion": "Carrera 76 #50-175, sector Los Colores",
        "geocode_query": "Carrera 76 #50-175, sector Los Colores, Medellín, Antioquia, Colombia",
        "precision_ubicacion": "exacta",
        "nota_ubicacion": null,
        "horario": "8:00 a.m. - 5:00 p.m., habilitado hasta el sábado 15 de agosto",
        "telefono": null,
        "responsable": "Séptima División del Ejército Nacional",
        "verificado": false,
        "nivel_verificacion": "prensa",
        "vigente": true,
        "alerta": null,
        "necesidades": {
          "aseo_personal": "necesita",
          "colchonetas_cobijas": "necesita",
          "ropa_calzado": "necesita",
          "alimentos_no_perecederos": "urgente",
          "agua": "urgente",
          "medicamentos": "urgente"
        },
        "no_recibe": [],
        "sangre": null,
        "notas": "A diferencia de los puntos de la Alcaldía, el Ejército SÍ recibe medicamentos, insumos médicos y ropa. Llevaban unas 4 toneladas recolectadas. Despacho hacia Chocó el fin de semana, a cargo del Batallón de Apoyo de Acción Integral y Desarrollo No. 7.",
        "fuente": {
          "nombre": "La FM",
          "url": "https://www.lafm.com.co/actualidad/terremoto-colombia-toneladas-de-ayuda-recolectado-ejercito-apoyar-choco-407663",
          "fecha_publicacion": "2026-08-12"
        },
        "fecha_verificacion": "2026-08-13",
        "capacidad": null,
        "ocupacion": null,
        "admite_mascotas": null,
        "servicios": [],
        "requisitos_ingreso": null,
        "es_alerta": false
      }
    },
    {
      "type": "Feature",
      "geometry": {
        "type": "Point",
        "coordinates": [
          -75.573653,
          6.257101
        ]
      },
      "properties": {
        "id": "medellin-central-minorista-de-antioquia-acopio-del-ejercito",
        "nombre": "Central Minorista de Antioquia - acopio del Ejército",
        "tipo": "acopio",
        "rol": "punto_donacion",
        "municipio": "Medellín",
        "departamento": "Antioquia",
        "direccion": "Central Minorista de Antioquia, entrada principal",
        "geocode_query": "Central Minorista de Antioquia, entrada principal, Medellín, Antioquia, Colombia",
        "precision_ubicacion": "exacta",
        "nota_ubicacion": null,
        "horario": "Jueves 13 de agosto, 8:00 a.m. - 5:00 p.m.",
        "telefono": null,
        "responsable": "Séptima División del Ejército Nacional",
        "verificado": false,
        "nivel_verificacion": "prensa",
        "vigente": true,
        "alerta": null,
        "necesidades": {
          "aseo_personal": "necesita",
          "colchonetas_cobijas": "necesita",
          "ropa_calzado": "necesita",
          "alimentos_no_perecederos": "urgente",
          "agua": "urgente",
          "medicamentos": "urgente"
        },
        "no_recibe": [],
        "sangre": null,
        "notas": "Punto nuevo abierto el 13 de agosto. Jornada de un solo día según lo publicado.",
        "fuente": {
          "nombre": "La FM",
          "url": "https://www.lafm.com.co/actualidad/terremoto-colombia-toneladas-de-ayuda-recolectado-ejercito-apoyar-choco-407663",
          "fecha_publicacion": "2026-08-12"
        },
        "fecha_verificacion": "2026-08-13",
        "capacidad": null,
        "ocupacion": null,
        "admite_mascotas": null,
        "servicios": [],
        "requisitos_ingreso": null,
        "es_alerta": false
      }
    },
    {
      "type": "Feature",
      "geometry": {
        "type": "Point",
        "coordinates": [
          -75.5732749,
          6.2489918
        ]
      },
      "properties": {
        "id": "medellin-sector-el-hueco-acopio-del-ejercito",
        "nombre": "Sector El Hueco - acopio del Ejército",
        "tipo": "acopio",
        "rol": "punto_donacion",
        "municipio": "Medellín",
        "departamento": "Antioquia",
        "direccion": "Sector comercial El Hueco, centro de Medellín",
        "geocode_query": "Sector comercial El Hueco, centro de Medellín, Medellín, Antioquia, Colombia",
        "precision_ubicacion": "aproximada",
        "nota_ubicacion": "Ubicación a nivel de barrio, sector o cabecera municipal. Afinar a mano si es posible.",
        "horario": "Jueves 13 de agosto, 8:00 a.m. - 5:00 p.m.",
        "telefono": null,
        "responsable": "Séptima División del Ejército Nacional",
        "verificado": false,
        "nivel_verificacion": "prensa",
        "vigente": true,
        "alerta": null,
        "necesidades": {
          "aseo_personal": "necesita",
          "colchonetas_cobijas": "necesita",
          "ropa_calzado": "necesita",
          "alimentos_no_perecederos": "urgente",
          "agua": "urgente",
          "medicamentos": "urgente"
        },
        "no_recibe": [],
        "sangre": null,
        "notas": "Punto nuevo abierto el 13 de agosto. No se publicó ubicación puntual dentro de El Hueco.",
        "fuente": {
          "nombre": "La FM",
          "url": "https://www.lafm.com.co/actualidad/terremoto-colombia-toneladas-de-ayuda-recolectado-ejercito-apoyar-choco-407663",
          "fecha_publicacion": "2026-08-12"
        },
        "fecha_verificacion": "2026-08-13",
        "capacidad": null,
        "ocupacion": null,
        "admite_mascotas": null,
        "servicios": [],
        "requisitos_ingreso": null,
        "es_alerta": false
      }
    },
    {
      "type": "Feature",
      "geometry": {
        "type": "Point",
        "coordinates": [
          -75.5502957,
          6.2607768
        ]
      },
      "properties": {
        "id": "medellin-batallon-girardot-centro-de-recepcion-permanente",
        "nombre": "Batallón Girardot - centro de recepción permanente",
        "tipo": "acopio",
        "rol": "punto_donacion",
        "municipio": "Medellín",
        "departamento": "Antioquia",
        "direccion": "Calle 66E #39-84, barrio Villa Hermosa",
        "geocode_query": "Calle 66E #39-84, barrio Villa Hermosa, Medellín, Antioquia, Colombia",
        "precision_ubicacion": "exacta",
        "nota_ubicacion": null,
        "horario": "Abre el viernes 14 de agosto, 8:00 a.m. - 5:00 p.m. Centro de recepción permanente.",
        "telefono": null,
        "responsable": "Séptima División del Ejército Nacional",
        "verificado": false,
        "nivel_verificacion": "prensa",
        "vigente": true,
        "alerta": null,
        "necesidades": {
          "aseo_personal": "necesita",
          "colchonetas_cobijas": "necesita",
          "ropa_calzado": "necesita",
          "alimentos_no_perecederos": "urgente",
          "agua": "urgente",
          "medicamentos": "urgente"
        },
        "no_recibe": [],
        "sangre": null,
        "notas": "Aún NO abierto al 13 de agosto: entra en operación el 14 de agosto como punto permanente.",
        "fuente": {
          "nombre": "La FM",
          "url": "https://www.lafm.com.co/actualidad/terremoto-colombia-toneladas-de-ayuda-recolectado-ejercito-apoyar-choco-407663",
          "fecha_publicacion": "2026-08-12"
        },
        "fecha_verificacion": "2026-08-13",
        "capacidad": null,
        "ocupacion": null,
        "admite_mascotas": null,
        "servicios": [],
        "requisitos_ingreso": null,
        "es_alerta": false
      }
    },
    {
      "type": "Feature",
      "geometry": {
        "type": "Point",
        "coordinates": [
          -75.594757,
          6.265608
        ]
      },
      "properties": {
        "id": "medellin-reddhhpac-libreria-rodante-delfos",
        "nombre": "Reddhhpac - Librería Rodante Delfos",
        "tipo": "acopio",
        "rol": "punto_donacion",
        "municipio": "Medellín",
        "departamento": "Antioquia",
        "direccion": "Carrera 79 #52A-23, Laureles-Estadio",
        "geocode_query": "Carrera 79 #52A-23, Laureles-Estadio, Medellín, Antioquia, Colombia",
        "precision_ubicacion": "exacta",
        "nota_ubicacion": null,
        "horario": null,
        "telefono": "323 540 3547",
        "responsable": "Reddhhpac - Red de Derechos Humanos del Pacífico",
        "verificado": false,
        "nivel_verificacion": "prensa",
        "vigente": true,
        "alerta": null,
        "necesidades": {
          "otros": "necesita",
          "alimentos_no_perecederos": "urgente",
          "medicamentos": "urgente"
        },
        "no_recibe": [],
        "sangre": null,
        "notas": "Recibe alimentos, medicamentos e insumos de primeros auxilios. Cuenta Bancolombia 16200025176. Iniciativa comunitaria, no institucional.",
        "fuente": {
          "nombre": "El Colombiano",
          "url": "https://www.elcolombiano.com/colombia/donde-donar-choco-centros-acopio-cuentas-oficiales-terremoto-colombia-KB39837058",
          "fecha_publicacion": "2026-08-11"
        },
        "fecha_verificacion": "2026-08-13",
        "capacidad": null,
        "ocupacion": null,
        "admite_mascotas": null,
        "servicios": [],
        "requisitos_ingreso": null,
        "es_alerta": false
      }
    },
    {
      "type": "Feature",
      "geometry": {
        "type": "Point",
        "coordinates": [
          -75.5697242,
          6.2657285
        ]
      },
      "properties": {
        "id": "medellin-reddhhpac-universidad-de-antioquia-bloque-9-oficina-211b",
        "nombre": "Reddhhpac - Universidad de Antioquia, Bloque 9 oficina 211B",
        "tipo": "acopio",
        "rol": "punto_donacion",
        "municipio": "Medellín",
        "departamento": "Antioquia",
        "direccion": "Universidad de Antioquia, Ciudad Universitaria, Bloque 9, oficina 211B",
        "geocode_query": "Universidad de Antioquia, Ciudad Universitaria, Bloque 9, oficina 211B, Medellín, Antioquia, Colombia",
        "precision_ubicacion": "exacta",
        "nota_ubicacion": null,
        "horario": "Lunes a viernes, 9:00 a.m. - 5:00 p.m.",
        "telefono": "311 450 5940",
        "responsable": "Reddhhpac",
        "verificado": false,
        "nivel_verificacion": "prensa",
        "vigente": true,
        "alerta": null,
        "necesidades": {
          "aseo_personal": "urgente",
          "otros": "necesita",
          "alimentos_no_perecederos": "urgente",
          "medicamentos": "urgente"
        },
        "no_recibe": [
          "Ropa"
        ],
        "sangre": null,
        "notas": "Punto dentro de la Universidad de Antioquia, pero la única fuente hallada es prensa: no hay boletín institucional de la UdeA que lo confirme.",
        "fuente": {
          "nombre": "El Colombiano",
          "url": "https://www.elcolombiano.com/colombia/donde-donar-choco-centros-acopio-cuentas-oficiales-terremoto-colombia-KB39837058",
          "fecha_publicacion": "2026-08-11"
        },
        "fecha_verificacion": "2026-08-13",
        "capacidad": null,
        "ocupacion": null,
        "admite_mascotas": null,
        "servicios": [],
        "requisitos_ingreso": null,
        "es_alerta": false
      }
    },
    {
      "type": "Feature",
      "geometry": {
        "type": "Point",
        "coordinates": [
          -75.5607995,
          6.2058925
        ]
      },
      "properties": {
        "id": "medellin-recolecta-ciudadana-de-medicamentos-edificio-guaymaral",
        "nombre": "Recolecta ciudadana de medicamentos - Edificio Guaymaral",
        "tipo": "acopio",
        "rol": "punto_donacion",
        "municipio": "Medellín",
        "departamento": "Antioquia",
        "direccion": "Edificio Guaymaral, carrera 30 #7A-227, El Poblado (cerca del Centro Comercial Vizcaya)",
        "geocode_query": "Edificio Guaymaral, carrera 30 #7A-227, El Poblado (cerca del Centro Comercial Vizcaya), Medellín, Antioquia, Colombia",
        "precision_ubicacion": "exacta",
        "nota_ubicacion": null,
        "horario": null,
        "telefono": null,
        "responsable": "Grupo de jóvenes organizados por redes sociales",
        "verificado": false,
        "nivel_verificacion": "prensa",
        "vigente": "desconocido",
        "alerta": null,
        "necesidades": {
          "otros": "necesita",
          "medicamentos": "urgente"
        },
        "no_recibe": [],
        "sangre": null,
        "notas": "Piden sondas, catéteres y drenajes, tapones venosos, pleurovac, suturas, bisturíes, lidocaína, equipos respiratorios, termómetros, glucómetros, betametasona, ibuprofeno, loratadina y salbutamol. Destino: Hospital San Francisco de Asís de Quibdó vía vuelo humanitario, avioneta con tope de 450 kg. Llevaban 6.500 fármacos. Recomiendan comprar en farmacia. Iniciativa ciudadana sin respaldo institucional confirmado.",
        "fuente": {
          "nombre": "Noticias RCN",
          "url": "https://www.noticiasrcn.com/colombia/jovenes-de-medellin-lideran-recolecta-de-medicamentos-para-ayudar-a-los-afectados-del-terremoto-1049507",
          "fecha_publicacion": "2026-08-12"
        },
        "fecha_verificacion": "2026-08-13",
        "capacidad": null,
        "ocupacion": null,
        "admite_mascotas": null,
        "servicios": [],
        "requisitos_ingreso": null,
        "es_alerta": false
      }
    },
    {
      "type": "Feature",
      "geometry": {
        "type": "Point",
        "coordinates": [
          -75.5769518,
          6.2283449
        ]
      },
      "properties": {
        "id": "medellin-banco-regional-de-sangre-cruz-roja-colombiana-seccional-antio",
        "nombre": "Banco Regional de Sangre - Cruz Roja Colombiana Seccional Antioquia",
        "tipo": "sangre",
        "rol": "punto_donacion",
        "municipio": "Medellín",
        "departamento": "Antioquia",
        "direccion": "Carrera 52 #25-310, sede Guayabal",
        "geocode_query": "Carrera 52 #25-310, sede Guayabal, Medellín, Antioquia, Colombia",
        "precision_ubicacion": "exacta",
        "nota_ubicacion": null,
        "horario": "El 11 y 12 de agosto operó de 7:00 a.m. a 7:00 p.m. Horario posterior no publicado: la Cruz Roja pide llamar antes.",
        "telefono": "310 701 6237",
        "responsable": "Cruz Roja Colombiana Seccional Antioquia",
        "verificado": true,
        "nivel_verificacion": "institucional",
        "vigente": true,
        "alerta": null,
        "necesidades": {
          "otros": "urgente"
        },
        "no_recibe": [],
        "sangre": {
          "tipos_prioritarios": [
            "O+",
            "O-"
          ],
          "tipos_aceptados": [
            "Todos los grupos sanguíneos"
          ],
          "requisitos": "18 a 65 años, más de 50 kg, documento de identidad original, buen estado de salud",
          "espera_estimada": null
        },
        "notas": "Tipos más solicitados: O positivo y O negativo. La Seccional Antioquia desplegó además 25 rescatistas y 3 binomios caninos al Chocó.",
        "fuente": {
          "nombre": "Cruz Roja Colombiana",
          "url": "https://www.cruzrojacolombiana.org/cruz-roja-colombiana-despliega-capacidades-para-dar-respuesta-tras-las-afectaciones-por-sismo-en-colombia/",
          "fecha_publicacion": "2026-08-11"
        },
        "fecha_verificacion": "2026-08-13",
        "capacidad": null,
        "ocupacion": null,
        "admite_mascotas": null,
        "servicios": [],
        "requisitos_ingreso": null,
        "es_alerta": false
      }
    },
    {
      "type": "Feature",
      "geometry": {
        "type": "Point",
        "coordinates": [
          -75.6262054,
          6.1528443
        ]
      },
      "properties": {
        "id": "la-estrella-jornada-de-donacion-de-sangre-estacion-metro-la-estrella",
        "nombre": "Jornada de donación de sangre - Estación Metro La Estrella",
        "tipo": "sangre",
        "rol": "punto_donacion",
        "municipio": "La Estrella",
        "departamento": "Antioquia",
        "direccion": "Estación La Estrella del Metro de Medellín",
        "geocode_query": "Estación La Estrella del Metro de Medellín, La Estrella, Antioquia, Colombia",
        "precision_ubicacion": "aproximada",
        "nota_ubicacion": "Ubicación a nivel de barrio, sector o cabecera municipal. Afinar a mano si es posible.",
        "horario": "12 de agosto, 10:00 a.m. - 4:30 p.m. — JORNADA FINALIZADA",
        "telefono": null,
        "responsable": "Cruz Roja Colombiana Seccional Antioquia",
        "verificado": false,
        "nivel_verificacion": "prensa",
        "vigente": false,
        "alerta": "CERRADO. No enviar donantes aquí.",
        "necesidades": {},
        "no_recibe": [],
        "sangre": null,
        "notas": "Jornada móvil de un solo día.",
        "fuente": {
          "nombre": "El Espectador",
          "url": "https://www.elespectador.com/salud/la-red-de-donacion-de-sangre-se-activa-tras-el-terremoto-donde-donar-en-bogota-y-medellin/",
          "fecha_publicacion": "2026-08-11"
        },
        "fecha_verificacion": "2026-08-13",
        "capacidad": null,
        "ocupacion": null,
        "admite_mascotas": null,
        "servicios": [],
        "requisitos_ingreso": null,
        "es_alerta": false
      }
    },
    {
      "type": "Feature",
      "geometry": {
        "type": "Point",
        "coordinates": [
          -75.5656966,
          6.2708025
        ]
      },
      "properties": {
        "id": "medellin-jornada-de-donacion-de-sangre-parque-explora",
        "nombre": "Jornada de donación de sangre - Parque Explora",
        "tipo": "sangre",
        "rol": "punto_donacion",
        "municipio": "Medellín",
        "departamento": "Antioquia",
        "direccion": "Parque Explora",
        "geocode_query": "Parque Explora, Medellín, Antioquia, Colombia",
        "precision_ubicacion": "exacta",
        "nota_ubicacion": null,
        "horario": "Viernes 14 de agosto, 10:00 a.m. - 4:00 p.m.",
        "telefono": null,
        "responsable": "Cruz Roja Colombiana Seccional Antioquia",
        "verificado": false,
        "nivel_verificacion": "prensa",
        "vigente": true,
        "alerta": null,
        "necesidades": {
          "otros": "urgente"
        },
        "no_recibe": [],
        "sangre": {
          "tipos_prioritarios": [
            "O+",
            "O-"
          ],
          "tipos_aceptados": [
            "Todos los grupos sanguíneos"
          ],
          "requisitos": "18 a 65 años, más de 50 kg, documento de identidad original",
          "espera_estimada": null
        },
        "notas": "Jornada programada para el 14 de agosto.",
        "fuente": {
          "nombre": "El Espectador",
          "url": "https://www.elespectador.com/salud/la-red-de-donacion-de-sangre-se-activa-tras-el-terremoto-donde-donar-en-bogota-y-medellin/",
          "fecha_publicacion": "2026-08-11"
        },
        "fecha_verificacion": "2026-08-13",
        "capacidad": null,
        "ocupacion": null,
        "admite_mascotas": null,
        "servicios": [],
        "requisitos_ingreso": null,
        "es_alerta": false
      }
    },
    {
      "type": "Feature",
      "geometry": {
        "type": "Point",
        "coordinates": [
          -75.589265,
          6.2617338
        ]
      },
      "properties": {
        "id": "medellin-jornada-de-donacion-de-sangre-centro-comercial-el-diamante",
        "nombre": "Jornada de donación de sangre - Centro Comercial El Diamante",
        "tipo": "sangre",
        "rol": "punto_donacion",
        "municipio": "Medellín",
        "departamento": "Antioquia",
        "direccion": "Centro Comercial El Diamante",
        "geocode_query": "Centro Comercial El Diamante, Medellín, Antioquia, Colombia",
        "precision_ubicacion": "exacta",
        "nota_ubicacion": null,
        "horario": "Viernes 14 de agosto, 11:30 a.m. - 5:30 p.m.",
        "telefono": null,
        "responsable": "Cruz Roja Colombiana Seccional Antioquia",
        "verificado": false,
        "nivel_verificacion": "prensa",
        "vigente": true,
        "alerta": null,
        "necesidades": {
          "otros": "urgente"
        },
        "no_recibe": [],
        "sangre": {
          "tipos_prioritarios": [
            "O+",
            "O-"
          ],
          "tipos_aceptados": [
            "Todos los grupos sanguíneos"
          ],
          "requisitos": "18 a 65 años, más de 50 kg, documento de identidad original",
          "espera_estimada": null
        },
        "notas": "Jornada programada para el 14 de agosto.",
        "fuente": {
          "nombre": "El Espectador",
          "url": "https://www.elespectador.com/salud/la-red-de-donacion-de-sangre-se-activa-tras-el-terremoto-donde-donar-en-bogota-y-medellin/",
          "fecha_publicacion": "2026-08-11"
        },
        "fecha_verificacion": "2026-08-13",
        "capacidad": null,
        "ocupacion": null,
        "admite_mascotas": null,
        "servicios": [],
        "requisitos_ingreso": null,
        "es_alerta": false
      }
    },
    {
      "type": "Feature",
      "geometry": {
        "type": "Point",
        "coordinates": [
          -75.6561304,
          6.1852672
        ]
      },
      "properties": {
        "id": "medellin-jornada-de-donacion-de-sangre-san-antonio-de-prado",
        "nombre": "Jornada de donación de sangre - San Antonio de Prado",
        "tipo": "sangre",
        "rol": "punto_donacion",
        "municipio": "Medellín",
        "departamento": "Antioquia",
        "direccion": "San Antonio de Prado (punto exacto no publicado)",
        "geocode_query": "San Antonio de Prado (punto exacto no publicado), Medellín, Antioquia, Colombia",
        "precision_ubicacion": "exacta",
        "nota_ubicacion": null,
        "horario": "Sábado 15 de agosto, 9:00 a.m. - 7:00 p.m.",
        "telefono": null,
        "responsable": "Cruz Roja Colombiana Seccional Antioquia",
        "verificado": false,
        "nivel_verificacion": "prensa",
        "vigente": true,
        "alerta": null,
        "necesidades": {
          "otros": "urgente"
        },
        "no_recibe": [],
        "sangre": {
          "tipos_prioritarios": [
            "O+",
            "O-"
          ],
          "tipos_aceptados": [
            "Todos los grupos sanguíneos"
          ],
          "requisitos": "18 a 65 años, más de 50 kg, documento de identidad original",
          "espera_estimada": null
        },
        "notas": "La fuente agrupa San Antonio de Prado, Ciudad Bolívar y La Ceja sin direcciones puntuales.",
        "fuente": {
          "nombre": "El Espectador",
          "url": "https://www.elespectador.com/salud/la-red-de-donacion-de-sangre-se-activa-tras-el-terremoto-donde-donar-en-bogota-y-medellin/",
          "fecha_publicacion": "2026-08-11"
        },
        "fecha_verificacion": "2026-08-13",
        "capacidad": null,
        "ocupacion": null,
        "admite_mascotas": null,
        "servicios": [],
        "requisitos_ingreso": null,
        "es_alerta": false
      }
    },
    {
      "type": "Feature",
      "geometry": {
        "type": "Point",
        "coordinates": [
          -75.6093515,
          6.1723247
        ]
      },
      "properties": {
        "id": "itagui-parque-principal-de-itagui-jornada-de-acopio",
        "nombre": "Parque Principal de Itagüí - jornada de acopio",
        "tipo": "acopio",
        "rol": "punto_donacion",
        "municipio": "Itagüí",
        "departamento": "Antioquia",
        "direccion": "Parque Principal de Itagüí",
        "geocode_query": "Parque Principal de Itagüí, Itagüí, Antioquia, Colombia",
        "precision_ubicacion": "exacta",
        "nota_ubicacion": null,
        "horario": "11 y 12 de agosto, 10:00 a.m. - 5:00 p.m. — JORNADA FINALIZADA",
        "telefono": null,
        "responsable": "Consejo Municipal de Juventud de Itagüí y colectivo AfroDhamiri",
        "verificado": false,
        "nivel_verificacion": "prensa",
        "vigente": false,
        "alerta": "CERRADO. No enviar donantes aquí.",
        "necesidades": {},
        "no_recibe": [],
        "sangre": null,
        "notas": "Recibía alimentos e insumos de primeros auxilios. Es el único punto que se documentó fuera de Medellín en el Valle de Aburrá.",
        "fuente": {
          "nombre": "El Colombiano",
          "url": "https://www.elcolombiano.com/colombia/donde-donar-choco-centros-acopio-cuentas-oficiales-terremoto-colombia-KB39837058",
          "fecha_publicacion": "2026-08-11"
        },
        "fecha_verificacion": "2026-08-13",
        "capacidad": null,
        "ocupacion": null,
        "admite_mascotas": null,
        "servicios": [],
        "requisitos_ingreso": null,
        "es_alerta": false
      }
    },
    {
      "type": "Feature",
      "geometry": {
        "type": "Point",
        "coordinates": [
          -75.5948783,
          6.2120054
        ]
      },
      "properties": {
        "id": "medellin-laika-punto-de-acopio-para-mascotas-sedes-agua-bendita-y-arka",
        "nombre": "Laika - punto de acopio para mascotas, sedes Agua Bendita y Arkadia",
        "tipo": "animal",
        "rol": "punto_donacion",
        "municipio": "Medellín",
        "departamento": "Antioquia",
        "direccion": "Tiendas Laika en Agua Bendita y Centro Comercial Arkadia",
        "geocode_query": "Tiendas Laika en Agua Bendita y Centro Comercial Arkadia, Medellín, Antioquia, Colombia",
        "precision_ubicacion": "exacta",
        "nota_ubicacion": null,
        "horario": null,
        "telefono": null,
        "responsable": "Laika",
        "verificado": false,
        "nivel_verificacion": "prensa",
        "vigente": true,
        "alerta": null,
        "necesidades": {
          "alimentos_no_perecederos": "necesita",
          "medicamentos": "necesita",
          "alimento_mascotas": "urgente",
          "guacales_correas": "urgente",
          "insumos_veterinarios": "urgente"
        },
        "no_recibe": [],
        "sangre": null,
        "notas": "Recibe concentrado, alimento húmedo, snacks, medicamentos y guacales; también alimentos no perecederos y medicamentos para personas. Laika puso a disposición 12 toneladas de ayuda y llevaba 7 toneladas de alimento para perros y gatos al 12 de agosto.",
        "fuente": {
          "nombre": "El Tiempo",
          "url": "https://www.eltiempo.com/cultura/gente/como-donar-comida-y-otras-ayudas-para-los-animales-victimas-del-terremoto-en-colombia-3577903",
          "fecha_publicacion": "2026-08-12"
        },
        "fecha_verificacion": "2026-08-13",
        "capacidad": null,
        "ocupacion": null,
        "admite_mascotas": null,
        "servicios": [],
        "requisitos_ingreso": null,
        "es_alerta": false
      }
    },
    {
      "type": "Feature",
      "geometry": {
        "type": "Point",
        "coordinates": [
          -75.4169918,
          6.1153394
        ]
      },
      "properties": {
        "id": "rionegro-laika-punto-de-acopio-para-mascotas-sede-llanogrande",
        "nombre": "Laika - punto de acopio para mascotas, sede Llanogrande",
        "tipo": "animal",
        "rol": "punto_donacion",
        "municipio": "Rionegro",
        "departamento": "Antioquia",
        "direccion": "Tienda Laika Llanogrande",
        "geocode_query": "Tienda Laika Llanogrande, Rionegro, Antioquia, Colombia",
        "precision_ubicacion": "exacta",
        "nota_ubicacion": null,
        "horario": null,
        "telefono": null,
        "responsable": "Laika",
        "verificado": false,
        "nivel_verificacion": "prensa",
        "vigente": true,
        "alerta": null,
        "necesidades": {
          "alimentos_no_perecederos": "necesita",
          "medicamentos": "necesita",
          "alimento_mascotas": "urgente",
          "guacales_correas": "urgente",
          "insumos_veterinarios": "urgente"
        },
        "no_recibe": [],
        "sangre": null,
        "notas": "Único punto de ayuda animal hallado en el Oriente antioqueño. La fuente dice 'Llanogrande, Antioquia' sin precisar municipio; Llanogrande está entre Rionegro y El Retiro.",
        "fuente": {
          "nombre": "El Tiempo",
          "url": "https://www.eltiempo.com/cultura/gente/como-donar-comida-y-otras-ayudas-para-los-animales-victimas-del-terremoto-en-colombia-3577903",
          "fecha_publicacion": "2026-08-12"
        },
        "fecha_verificacion": "2026-08-13",
        "capacidad": null,
        "ocupacion": null,
        "admite_mascotas": null,
        "servicios": [],
        "requisitos_ingreso": null,
        "es_alerta": false
      }
    },
    {
      "type": "Feature",
      "geometry": {
        "type": "Point",
        "coordinates": [
          -74.771001,
          10.981964
        ]
      },
      "properties": {
        "id": "barranquilla-centro-de-acopio-distrital-de-barranquilla-barranquillita",
        "nombre": "Centro de Acopio Distrital de Barranquilla - Barranquillita",
        "tipo": "acopio",
        "rol": "punto_donacion",
        "municipio": "Barranquilla",
        "departamento": "Atlántico",
        "direccion": "Carrera 43 #6-120, sector Barranquillita",
        "geocode_query": "Carrera 43 #6-120, sector Barranquillita, Barranquilla, Atlántico, Colombia",
        "precision_ubicacion": "exacta",
        "nota_ubicacion": null,
        "horario": "24 horas",
        "telefono": null,
        "responsable": "Oficina Distrital de Gestión del Riesgo (vocero Rodney Molina)",
        "verificado": false,
        "nivel_verificacion": "prensa",
        "vigente": true,
        "alerta": null,
        "necesidades": {
          "agua": "urgente",
          "alimentos_no_perecederos": "urgente",
          "aseo_personal": "necesita",
          "panales_formula": "necesita",
          "medicamentos": "urgente",
          "colchonetas_cobijas": "necesita",
          "ropa_calzado": "necesita",
          "linternas_pilas": "necesita",
          "otros": "necesita"
        },
        "no_recibe": [],
        "sangre": null,
        "notas": "PISTA CONFIRMADA por múltiples fuentes independientes (El Heraldo, Infobae, El Tiempo). Punto principal del Distrito: recibe, clasifica y organiza antes de trasladar. En 'otros' se piden cascos y chalecos reflectivos. La ropa debe estar en buen estado.",
        "fuente": {
          "nombre": "El Heraldo",
          "url": "https://www.elheraldo.co/atlantico/2026/08/11/estos-son-los-centros-de-acopio-en-barranquilla-en-los-que-puede-realizar-sus-donaciones-a-los-afectados-por-el-terremoto/",
          "fecha_publicacion": "2026-08-11"
        },
        "fecha_verificacion": "2026-08-13",
        "capacidad": null,
        "ocupacion": null,
        "admite_mascotas": null,
        "servicios": [],
        "requisitos_ingreso": null,
        "es_alerta": false
      }
    },
    {
      "type": "Feature",
      "geometry": {
        "type": "Point",
        "coordinates": [
          -74.7969255,
          10.989943
        ]
      },
      "properties": {
        "id": "barranquilla-centro-de-acopio-gobernacion-del-atlantico-galeria-plaza-",
        "nombre": "Centro de acopio Gobernación del Atlántico - Galería Plaza de la Paz",
        "tipo": "acopio",
        "rol": "punto_donacion",
        "municipio": "Barranquilla",
        "departamento": "Atlántico",
        "direccion": "Galería de la Plaza de la Paz",
        "geocode_query": "Galería de la Plaza de la Paz, Barranquilla, Atlántico, Colombia",
        "precision_ubicacion": "aproximada",
        "nota_ubicacion": "Ubicación a nivel de barrio, sector o cabecera municipal. Afinar a mano si es posible.",
        "horario": "6:00 a.m. a 6:00 p.m.",
        "telefono": null,
        "responsable": "Gobernación del Atlántico - Secretaría del Interior (gobernador Eduardo Verano)",
        "verificado": false,
        "nivel_verificacion": "prensa",
        "vigente": true,
        "alerta": null,
        "necesidades": {
          "alimentos_no_perecederos": "urgente",
          "medicamentos": "urgente",
          "ropa_calzado": "necesita"
        },
        "no_recibe": [
          "Medicinas vencidas, alimentos en mal estado, ropa deteriorada"
        ],
        "sangre": null,
        "notas": "Opera con ~15 funcionarios de la Secretaría del Interior. Vinculado a la campaña nacional 'Colombia un solo corazón', a la que se sumaron la Gobernación del Atlántico y medios de comunicación regionales.",
        "fuente": {
          "nombre": "El Heraldo",
          "url": "https://www.elheraldo.co/atlantico/2026/08/12/colombia-un-solo-corazon-gobernacion-del-atlantico-y-medios-de-comunicacion-se-suman-a-la-campana-del-gobierno-para-recoleccion-de-donaciones-a-damnificados-del-terremoto/",
          "fecha_publicacion": "2026-08-12"
        },
        "fecha_verificacion": "2026-08-13",
        "capacidad": null,
        "ocupacion": null,
        "admite_mascotas": null,
        "servicios": [],
        "requisitos_ingreso": null,
        "es_alerta": false
      }
    },
    {
      "type": "Feature",
      "geometry": {
        "type": "Point",
        "coordinates": [
          -74.7771889,
          10.9679161
        ]
      },
      "properties": {
        "id": "barranquilla-jornada-de-donacion-de-sangre-alcaldia-distrital-de-barra",
        "nombre": "Jornada de donación de sangre - Alcaldía Distrital de Barranquilla",
        "tipo": "sangre",
        "rol": "punto_donacion",
        "municipio": "Barranquilla",
        "departamento": "Atlántico",
        "direccion": "Primer piso del edificio de la Alcaldía Distrital, Paseo Bolívar",
        "geocode_query": "Primer piso del edificio de la Alcaldía Distrital, Paseo Bolívar, Barranquilla, Atlántico, Colombia",
        "precision_ubicacion": "aproximada",
        "nota_ubicacion": "Ubicación a nivel de barrio, sector o cabecera municipal. Afinar a mano si es posible.",
        "horario": "8:00 a.m. a 5:00 p.m., 11, 12 y 13 de agosto de 2026",
        "telefono": "(57) (5) 3715000",
        "responsable": "Alcaldía de Barranquilla (alcalde Alejandro Char) y Banco Nacional de Sangre",
        "verificado": false,
        "nivel_verificacion": "prensa",
        "vigente": true,
        "alerta": null,
        "necesidades": {
          "otros": "urgente"
        },
        "no_recibe": [],
        "sangre": null,
        "notas": "Solo donación de sangre. Requisitos: 18-65 años, no estar en ayunas, pareja sexual estable, sin tatuajes/piercings en los últimos 6 meses, sin privación de sueño ni consumo de alcohol. HOY 13 DE AGOSTO ES EL ÚLTIMO DÍA ANUNCIADO.",
        "fuente": {
          "nombre": "El Heraldo",
          "url": "https://www.elheraldo.co/atlantico/2026/08/11/distrito-habilita-jornada-de-donacion-de-sangre-para-apoyar-a-victimas-de-terremoto/",
          "fecha_publicacion": "2026-08-11"
        },
        "fecha_verificacion": "2026-08-13",
        "capacidad": null,
        "ocupacion": null,
        "admite_mascotas": null,
        "servicios": [],
        "requisitos_ingreso": null,
        "es_alerta": false
      }
    },
    {
      "type": "Feature",
      "geometry": {
        "type": "Point",
        "coordinates": [
          -74.782437,
          10.985905
        ]
      },
      "properties": {
        "id": "barranquilla-institucion-universitaria-de-barranquilla-iub-jornada-de-",
        "nombre": "Institución Universitaria de Barranquilla (IUB) - jornada de donación de sangre",
        "tipo": "sangre",
        "rol": "punto_donacion",
        "municipio": "Barranquilla",
        "departamento": "Atlántico",
        "direccion": "Sede Centro Histórico, calle 42 #45-22",
        "geocode_query": "Sede Centro Histórico, calle 42 #45-22, Barranquilla, Atlántico, Colombia",
        "precision_ubicacion": "exacta",
        "nota_ubicacion": null,
        "horario": "8:00 a.m. a 5:00 p.m., 12 y 14 de agosto de 2026",
        "telefono": null,
        "responsable": "Institución Universitaria de Barranquilla (IUB)",
        "verificado": false,
        "nivel_verificacion": "prensa",
        "vigente": true,
        "alerta": null,
        "necesidades": {
          "otros": "urgente"
        },
        "no_recibe": [],
        "sangre": null,
        "notas": "Campaña 'Barranquilla solidaria con Colombia'. HOY 13 DE AGOSTO NO HAY JORNADA: solo 12 y 14 de agosto.",
        "fuente": {
          "nombre": "El Heraldo",
          "url": "https://www.elheraldo.co/atlantico/2026/08/11/estos-son-los-centros-de-acopio-en-barranquilla-en-los-que-puede-realizar-sus-donaciones-a-los-afectados-por-el-terremoto/",
          "fecha_publicacion": "2026-08-11"
        },
        "fecha_verificacion": "2026-08-13",
        "capacidad": null,
        "ocupacion": null,
        "admite_mascotas": null,
        "servicios": [],
        "requisitos_ingreso": null,
        "es_alerta": false
      }
    },
    {
      "type": "Feature",
      "geometry": {
        "type": "Point",
        "coordinates": [
          -74.7875582,
          10.9867318
        ]
      },
      "properties": {
        "id": "barranquilla-institucion-universitaria-de-barranquilla-iub-sede-plaza-",
        "nombre": "Institución Universitaria de Barranquilla (IUB) - Sede Plaza de la Paz",
        "tipo": "acopio",
        "rol": "punto_donacion",
        "municipio": "Barranquilla",
        "departamento": "Atlántico",
        "direccion": "Carrera 45 #48-31",
        "geocode_query": "Carrera 45 #48-31, Barranquilla, Atlántico, Colombia",
        "precision_ubicacion": "exacta",
        "nota_ubicacion": null,
        "horario": "8:00 a.m. a 6:00 p.m.",
        "telefono": null,
        "responsable": "Institución Universitaria de Barranquilla (IUB)",
        "verificado": false,
        "nivel_verificacion": "prensa",
        "vigente": true,
        "alerta": null,
        "necesidades": {
          "alimentos_no_perecederos": "urgente",
          "aseo_personal": "urgente",
          "agua": "necesita",
          "otros": "necesita"
        },
        "no_recibe": [],
        "sangre": null,
        "notas": "Campaña 'Barranquilla solidaria con Colombia'. Universidad privada: la fuente se clasifica como prensa.",
        "fuente": {
          "nombre": "El Heraldo",
          "url": "https://www.elheraldo.co/atlantico/2026/08/11/estos-son-los-centros-de-acopio-en-barranquilla-en-los-que-puede-realizar-sus-donaciones-a-los-afectados-por-el-terremoto/",
          "fecha_publicacion": "2026-08-11"
        },
        "fecha_verificacion": "2026-08-13",
        "capacidad": null,
        "ocupacion": null,
        "admite_mascotas": null,
        "servicios": [],
        "requisitos_ingreso": null,
        "es_alerta": false
      }
    },
    {
      "type": "Feature",
      "geometry": {
        "type": "Point",
        "coordinates": [
          -74.7658624,
          10.9352247
        ]
      },
      "properties": {
        "id": "soledad-institucion-universitaria-de-barranquilla-iub-campus-soledad",
        "nombre": "Institución Universitaria de Barranquilla (IUB) - Campus Soledad",
        "tipo": "acopio",
        "rol": "punto_donacion",
        "municipio": "Soledad",
        "departamento": "Atlántico",
        "direccion": "Calle 18 #39-100",
        "geocode_query": "Calle 18 #39-100, Soledad, Atlántico, Colombia",
        "precision_ubicacion": "exacta",
        "nota_ubicacion": null,
        "horario": "8:00 a.m. a 6:00 p.m.",
        "telefono": null,
        "responsable": "Institución Universitaria de Barranquilla (IUB)",
        "verificado": false,
        "nivel_verificacion": "prensa",
        "vigente": true,
        "alerta": null,
        "necesidades": {
          "alimentos_no_perecederos": "urgente",
          "aseo_personal": "urgente",
          "agua": "necesita",
          "otros": "necesita"
        },
        "no_recibe": [],
        "sangre": null,
        "notas": "Único punto documentado en Soledad además de los Bomberos Voluntarios.",
        "fuente": {
          "nombre": "El Heraldo",
          "url": "https://www.elheraldo.co/atlantico/2026/08/11/estos-son-los-centros-de-acopio-en-barranquilla-en-los-que-puede-realizar-sus-donaciones-a-los-afectados-por-el-terremoto/",
          "fecha_publicacion": "2026-08-11"
        },
        "fecha_verificacion": "2026-08-13",
        "capacidad": null,
        "ocupacion": null,
        "admite_mascotas": null,
        "servicios": [],
        "requisitos_ingreso": null,
        "es_alerta": false
      }
    },
    {
      "type": "Feature",
      "geometry": {
        "type": "Point",
        "coordinates": [
          -74.8006909,
          10.8869976
        ]
      },
      "properties": {
        "id": "soledad-cuerpo-de-bomberos-voluntarios-de-soledad-granabastos",
        "nombre": "Cuerpo de Bomberos Voluntarios de Soledad - Granabastos",
        "tipo": "acopio",
        "rol": "punto_donacion",
        "municipio": "Soledad",
        "departamento": "Atlántico",
        "direccion": "Gran Central de Abastos del Caribe (Granabastos), calle 63 #1-300",
        "geocode_query": "Gran Central de Abastos del Caribe (Granabastos), calle 63 #1-300, Soledad, Atlántico, Colombia",
        "precision_ubicacion": "aproximada",
        "nota_ubicacion": "Ubicación a nivel de barrio, sector o cabecera municipal. Afinar a mano si es posible.",
        "horario": null,
        "telefono": null,
        "responsable": "Cuerpo de Bomberos Voluntarios de Soledad",
        "verificado": false,
        "nivel_verificacion": "prensa",
        "vigente": true,
        "alerta": null,
        "necesidades": {
          "alimentos_no_perecederos": "urgente",
          "agua": "urgente",
          "aseo_personal": "necesita",
          "otros": "necesita"
        },
        "no_recibe": [],
        "sangre": null,
        "notas": "También recibe donación económica por Bre-B, llave 900795868 (Bancolombia).",
        "fuente": {
          "nombre": "El Heraldo",
          "url": "https://www.elheraldo.co/atlantico/2026/08/11/estos-son-los-centros-de-acopio-en-barranquilla-en-los-que-puede-realizar-sus-donaciones-a-los-afectados-por-el-terremoto/",
          "fecha_publicacion": "2026-08-11"
        },
        "fecha_verificacion": "2026-08-13",
        "capacidad": null,
        "ocupacion": null,
        "admite_mascotas": null,
        "servicios": [],
        "requisitos_ingreso": null,
        "es_alerta": false
      }
    },
    {
      "type": "Feature",
      "geometry": {
        "type": "Point",
        "coordinates": [
          -74.8504426,
          11.0193206
        ]
      },
      "properties": {
        "id": "barranquilla-universidad-del-norte-bienestar-organizacional-univolunta",
        "nombre": "Universidad del Norte - Bienestar Organizacional (Univoluntarios)",
        "tipo": "acopio",
        "rol": "punto_donacion",
        "municipio": "Barranquilla",
        "departamento": "Atlántico",
        "direccion": "Campus Universidad del Norte, Bloque A, piso 3",
        "geocode_query": "Campus Universidad del Norte, Bloque A, piso 3, Barranquilla, Atlántico, Colombia",
        "precision_ubicacion": "exacta",
        "nota_ubicacion": null,
        "horario": null,
        "telefono": null,
        "responsable": "Programa Univoluntarios (coordinadora Yuliana Gómez)",
        "verificado": false,
        "nivel_verificacion": "prensa",
        "vigente": true,
        "alerta": null,
        "necesidades": {
          "alimentos_no_perecederos": "urgente",
          "aseo_personal": "necesita",
          "otros": "necesita"
        },
        "no_recibe": [],
        "sangre": null,
        "notas": "Lo recolectado se entrega al Secretariado de Pastoral Social Cáritas. Universidad privada: fuente clasificada como prensa.",
        "fuente": {
          "nombre": "El Heraldo",
          "url": "https://www.elheraldo.co/atlantico/2026/08/11/estos-son-los-centros-de-acopio-en-barranquilla-en-los-que-puede-realizar-sus-donaciones-a-los-afectados-por-el-terremoto/",
          "fecha_publicacion": "2026-08-11"
        },
        "fecha_verificacion": "2026-08-13",
        "capacidad": null,
        "ocupacion": null,
        "admite_mascotas": null,
        "servicios": [],
        "requisitos_ingreso": null,
        "es_alerta": false
      }
    },
    {
      "type": "Feature",
      "geometry": {
        "type": "Point",
        "coordinates": [
          -74.7956139,
          10.9772863
        ]
      },
      "properties": {
        "id": "barranquilla-banco-de-alimentos-arquidiocesano-de-barranquilla",
        "nombre": "Banco de Alimentos Arquidiocesano de Barranquilla",
        "tipo": "acopio",
        "rol": "punto_donacion",
        "municipio": "Barranquilla",
        "departamento": "Atlántico",
        "direccion": "Calle 53C #31-121, barrio Lucero",
        "geocode_query": "Calle 53C #31-121, barrio Lucero, Barranquilla, Atlántico, Colombia",
        "precision_ubicacion": "exacta",
        "nota_ubicacion": null,
        "horario": null,
        "telefono": null,
        "responsable": "Arquidiócesis de Barranquilla",
        "verificado": false,
        "nivel_verificacion": "prensa",
        "vigente": true,
        "alerta": null,
        "necesidades": {
          "alimentos_no_perecederos": "urgente",
          "agua": "necesita",
          "aseo_personal": "necesita"
        },
        "no_recibe": [],
        "sangre": null,
        "notas": "Banco de alimentos regional.",
        "fuente": {
          "nombre": "El Heraldo",
          "url": "https://www.elheraldo.co/atlantico/2026/08/11/estos-son-los-centros-de-acopio-en-barranquilla-en-los-que-puede-realizar-sus-donaciones-a-los-afectados-por-el-terremoto/",
          "fecha_publicacion": "2026-08-11"
        },
        "fecha_verificacion": "2026-08-13",
        "capacidad": null,
        "ocupacion": null,
        "admite_mascotas": null,
        "servicios": [],
        "requisitos_ingreso": null,
        "es_alerta": false
      }
    },
    {
      "type": "Feature",
      "geometry": {
        "type": "Point",
        "coordinates": [
          -74.8138549,
          11.0015117
        ]
      },
      "properties": {
        "id": "barranquilla-casa-abelardista-tigresas-de-la-patria",
        "nombre": "Casa Abelardista (Tigresas de la Patria)",
        "tipo": "recoleccion",
        "rol": "punto_donacion",
        "municipio": "Barranquilla",
        "departamento": "Atlántico",
        "direccion": "Carrera 49C #80-76",
        "geocode_query": "Carrera 49C #80-76, Barranquilla, Atlántico, Colombia",
        "precision_ubicacion": "exacta",
        "nota_ubicacion": null,
        "horario": "9:00 a.m. a 5:00 p.m.",
        "telefono": null,
        "responsable": "Fela Córdoba - red Tigresas de la Patria",
        "verificado": false,
        "nivel_verificacion": "prensa",
        "vigente": true,
        "alerta": null,
        "necesidades": {
          "alimentos_no_perecederos": "urgente",
          "agua": "urgente",
          "medicamentos": "necesita",
          "aseo_personal": "necesita",
          "colchonetas_cobijas": "necesita",
          "panales_formula": "necesita",
          "alimento_mascotas": "necesita"
        },
        "no_recibe": [],
        "sangre": null,
        "notas": "Punto incluido en el listado de 30 puntos de la campaña presidencial 'Un solo corazón' presentada por la primera dama Ana Lucía Pineda.",
        "fuente": {
          "nombre": "Infobae",
          "url": "https://www.infobae.com/colombia/2026/08/12/la-primera-dama-ana-lucia-pineda-revelo-los-30-puntos-donde-reciben-donaciones-para-los-afectados-por-el-terremoto-en-colombia/",
          "fecha_publicacion": "2026-08-12"
        },
        "fecha_verificacion": "2026-08-13",
        "capacidad": null,
        "ocupacion": null,
        "admite_mascotas": null,
        "servicios": [],
        "requisitos_ingreso": null,
        "es_alerta": false
      }
    },
    {
      "type": "Feature",
      "geometry": {
        "type": "Point",
        "coordinates": [
          -74.8124026,
          11.0079276
        ]
      },
      "properties": {
        "id": "barranquilla-pamela-s-wellness-food-sede",
        "nombre": "Pamela's Wellness Food (sede)",
        "tipo": "recoleccion",
        "rol": "punto_donacion",
        "municipio": "Barranquilla",
        "departamento": "Atlántico",
        "direccion": "Calle 82 #55-55",
        "geocode_query": "Calle 82 #55-55, Barranquilla, Atlántico, Colombia",
        "precision_ubicacion": "exacta",
        "nota_ubicacion": null,
        "horario": null,
        "telefono": null,
        "responsable": null,
        "verificado": false,
        "nivel_verificacion": "prensa",
        "vigente": "desconocido",
        "alerta": null,
        "necesidades": {
          "alimentos_no_perecederos": "necesita",
          "agua": "necesita",
          "aseo_personal": "necesita"
        },
        "no_recibe": [],
        "sangre": null,
        "notas": "Punto privado de recolección. La fuente no detalla horario ni contacto.",
        "fuente": {
          "nombre": "El Heraldo",
          "url": "https://www.elheraldo.co/atlantico/2026/08/11/estos-son-los-centros-de-acopio-en-barranquilla-en-los-que-puede-realizar-sus-donaciones-a-los-afectados-por-el-terremoto/",
          "fecha_publicacion": "2026-08-11"
        },
        "fecha_verificacion": "2026-08-13",
        "capacidad": null,
        "ocupacion": null,
        "admite_mascotas": null,
        "servicios": [],
        "requisitos_ingreso": null,
        "es_alerta": false
      }
    },
    {
      "type": "Feature",
      "geometry": {
        "type": "Point",
        "coordinates": [
          -74.8100015,
          11.0198321
        ]
      },
      "properties": {
        "id": "barranquilla-pamela-s-wellness-food-bodega",
        "nombre": "Pamela's Wellness Food (bodega)",
        "tipo": "recoleccion",
        "rol": "punto_donacion",
        "municipio": "Barranquilla",
        "departamento": "Atlántico",
        "direccion": "Calle 86 #73-142",
        "geocode_query": "Calle 86 #73-142, Barranquilla, Atlántico, Colombia",
        "precision_ubicacion": "exacta",
        "nota_ubicacion": null,
        "horario": null,
        "telefono": null,
        "responsable": null,
        "verificado": false,
        "nivel_verificacion": "prensa",
        "vigente": "desconocido",
        "alerta": null,
        "necesidades": {
          "alimentos_no_perecederos": "necesita",
          "agua": "necesita",
          "aseo_personal": "necesita"
        },
        "no_recibe": [],
        "sangre": null,
        "notas": "Punto privado de recolección.",
        "fuente": {
          "nombre": "El Heraldo",
          "url": "https://www.elheraldo.co/atlantico/2026/08/11/estos-son-los-centros-de-acopio-en-barranquilla-en-los-que-puede-realizar-sus-donaciones-a-los-afectados-por-el-terremoto/",
          "fecha_publicacion": "2026-08-11"
        },
        "fecha_verificacion": "2026-08-13",
        "capacidad": null,
        "ocupacion": null,
        "admite_mascotas": null,
        "servicios": [],
        "requisitos_ingreso": null,
        "es_alerta": false
      }
    },
    {
      "type": "Feature",
      "geometry": {
        "type": "Point",
        "coordinates": [
          -74.802717,
          11.018493
        ]
      },
      "properties": {
        "id": "barranquilla-del-origen-oficina",
        "nombre": "Del Origen (oficina)",
        "tipo": "recoleccion",
        "rol": "punto_donacion",
        "municipio": "Barranquilla",
        "departamento": "Atlántico",
        "direccion": "Calle 79B #74A-112",
        "geocode_query": "Calle 79B #74A-112, Barranquilla, Atlántico, Colombia",
        "precision_ubicacion": "exacta",
        "nota_ubicacion": null,
        "horario": null,
        "telefono": null,
        "responsable": null,
        "verificado": false,
        "nivel_verificacion": "prensa",
        "vigente": "desconocido",
        "alerta": null,
        "necesidades": {
          "alimentos_no_perecederos": "necesita",
          "agua": "necesita",
          "aseo_personal": "necesita"
        },
        "no_recibe": [],
        "sangre": null,
        "notas": "Punto privado de recolección.",
        "fuente": {
          "nombre": "El Heraldo",
          "url": "https://www.elheraldo.co/atlantico/2026/08/11/estos-son-los-centros-de-acopio-en-barranquilla-en-los-que-puede-realizar-sus-donaciones-a-los-afectados-por-el-terremoto/",
          "fecha_publicacion": "2026-08-11"
        },
        "fecha_verificacion": "2026-08-13",
        "capacidad": null,
        "ocupacion": null,
        "admite_mascotas": null,
        "servicios": [],
        "requisitos_ingreso": null,
        "es_alerta": false
      }
    },
    {
      "type": "Feature",
      "geometry": {
        "type": "Point",
        "coordinates": [
          -74.8003917,
          10.9989003
        ]
      },
      "properties": {
        "id": "barranquilla-del-origen-bodega-parque-empresarial-isla-3",
        "nombre": "Del Origen (bodega) - Parque Empresarial Isla 3",
        "tipo": "recoleccion",
        "rol": "punto_donacion",
        "municipio": "Barranquilla",
        "departamento": "Atlántico",
        "direccion": "Carrera 3 #60-177, Parque Empresarial Isla 3",
        "geocode_query": "Carrera 3 #60-177, Parque Empresarial Isla 3, Barranquilla, Atlántico, Colombia",
        "precision_ubicacion": "aproximada",
        "nota_ubicacion": "Ubicación a nivel de barrio, sector o cabecera municipal. Afinar a mano si es posible.",
        "horario": null,
        "telefono": null,
        "responsable": null,
        "verificado": false,
        "nivel_verificacion": "prensa",
        "vigente": "desconocido",
        "alerta": null,
        "necesidades": {
          "alimentos_no_perecederos": "necesita",
          "agua": "necesita",
          "aseo_personal": "necesita"
        },
        "no_recibe": [],
        "sangre": null,
        "notas": "Punto privado de recolección.",
        "fuente": {
          "nombre": "El Heraldo",
          "url": "https://www.elheraldo.co/atlantico/2026/08/11/estos-son-los-centros-de-acopio-en-barranquilla-en-los-que-puede-realizar-sus-donaciones-a-los-afectados-por-el-terremoto/",
          "fecha_publicacion": "2026-08-11"
        },
        "fecha_verificacion": "2026-08-13",
        "capacidad": null,
        "ocupacion": null,
        "admite_mascotas": null,
        "servicios": [],
        "requisitos_ingreso": null,
        "es_alerta": false
      }
    },
    {
      "type": "Feature",
      "geometry": {
        "type": "Point",
        "coordinates": [
          -74.811027,
          11.0094848
        ]
      },
      "properties": {
        "id": "barranquilla-edificio-bosques-del-golf",
        "nombre": "Edificio Bosques del Golf",
        "tipo": "recoleccion",
        "rol": "punto_donacion",
        "municipio": "Barranquilla",
        "departamento": "Atlántico",
        "direccion": "Carrera 58 #81-160",
        "geocode_query": "Carrera 58 #81-160, Barranquilla, Atlántico, Colombia",
        "precision_ubicacion": "exacta",
        "nota_ubicacion": null,
        "horario": null,
        "telefono": null,
        "responsable": null,
        "verificado": false,
        "nivel_verificacion": "prensa",
        "vigente": "desconocido",
        "alerta": null,
        "necesidades": {
          "alimentos_no_perecederos": "necesita",
          "agua": "necesita",
          "aseo_personal": "necesita"
        },
        "no_recibe": [],
        "sangre": null,
        "notas": "Punto privado de recolección.",
        "fuente": {
          "nombre": "El Heraldo",
          "url": "https://www.elheraldo.co/atlantico/2026/08/11/estos-son-los-centros-de-acopio-en-barranquilla-en-los-que-puede-realizar-sus-donaciones-a-los-afectados-por-el-terremoto/",
          "fecha_publicacion": "2026-08-11"
        },
        "fecha_verificacion": "2026-08-13",
        "capacidad": null,
        "ocupacion": null,
        "admite_mascotas": null,
        "servicios": [],
        "requisitos_ingreso": null,
        "es_alerta": false
      }
    },
    {
      "type": "Feature",
      "geometry": {
        "type": "Point",
        "coordinates": [
          -74.820415,
          11.006563
        ]
      },
      "properties": {
        "id": "barranquilla-casona-foca",
        "nombre": "Casona FOCA",
        "tipo": "recoleccion",
        "rol": "punto_donacion",
        "municipio": "Barranquilla",
        "departamento": "Atlántico",
        "direccion": "Calle 86 #50-129",
        "geocode_query": "Calle 86 #50-129, Barranquilla, Atlántico, Colombia",
        "precision_ubicacion": "exacta",
        "nota_ubicacion": null,
        "horario": null,
        "telefono": null,
        "responsable": null,
        "verificado": false,
        "nivel_verificacion": "prensa",
        "vigente": "desconocido",
        "alerta": null,
        "necesidades": {
          "alimentos_no_perecederos": "necesita",
          "agua": "necesita",
          "aseo_personal": "necesita"
        },
        "no_recibe": [],
        "sangre": null,
        "notas": "Punto privado de recolección.",
        "fuente": {
          "nombre": "El Heraldo",
          "url": "https://www.elheraldo.co/atlantico/2026/08/11/estos-son-los-centros-de-acopio-en-barranquilla-en-los-que-puede-realizar-sus-donaciones-a-los-afectados-por-el-terremoto/",
          "fecha_publicacion": "2026-08-11"
        },
        "fecha_verificacion": "2026-08-13",
        "capacidad": null,
        "ocupacion": null,
        "admite_mascotas": null,
        "servicios": [],
        "requisitos_ingreso": null,
        "es_alerta": false
      }
    },
    {
      "type": "Feature",
      "geometry": {
        "type": "Point",
        "coordinates": [
          -74.8202418,
          11.0095731
        ]
      },
      "properties": {
        "id": "barranquilla-viu-centro-comercial-viva-barranquilla",
        "nombre": "VIU - Centro Comercial Viva Barranquilla",
        "tipo": "recoleccion",
        "rol": "punto_donacion",
        "municipio": "Barranquilla",
        "departamento": "Atlántico",
        "direccion": "Carrera 51B #87-50, Centro Comercial Viva, piso 3",
        "geocode_query": "Carrera 51B #87-50, Centro Comercial Viva, piso 3, Barranquilla, Atlántico, Colombia",
        "precision_ubicacion": "exacta",
        "nota_ubicacion": null,
        "horario": null,
        "telefono": null,
        "responsable": "VIU",
        "verificado": false,
        "nivel_verificacion": "prensa",
        "vigente": "desconocido",
        "alerta": null,
        "necesidades": {
          "alimentos_no_perecederos": "necesita",
          "agua": "necesita",
          "aseo_personal": "necesita"
        },
        "no_recibe": [],
        "sangre": null,
        "notas": "Acopio en centro comercial.",
        "fuente": {
          "nombre": "El Heraldo",
          "url": "https://www.elheraldo.co/atlantico/2026/08/11/estos-son-los-centros-de-acopio-en-barranquilla-en-los-que-puede-realizar-sus-donaciones-a-los-afectados-por-el-terremoto/",
          "fecha_publicacion": "2026-08-11"
        },
        "fecha_verificacion": "2026-08-13",
        "capacidad": null,
        "ocupacion": null,
        "admite_mascotas": null,
        "servicios": [],
        "requisitos_ingreso": null,
        "es_alerta": false
      }
    },
    {
      "type": "Feature",
      "geometry": {
        "type": "Point",
        "coordinates": [
          -74.8277407,
          11.0150707
        ]
      },
      "properties": {
        "id": "barranquilla-viu-centro-comercial-mallplaza-barranquilla",
        "nombre": "VIU - Centro Comercial Mallplaza Barranquilla",
        "tipo": "recoleccion",
        "rol": "punto_donacion",
        "municipio": "Barranquilla",
        "departamento": "Atlántico",
        "direccion": "Carrera 55 #99-51, Centro Comercial Mallplaza, piso M0",
        "geocode_query": "Carrera 55 #99-51, Centro Comercial Mallplaza, piso M0, Barranquilla, Atlántico, Colombia",
        "precision_ubicacion": "exacta",
        "nota_ubicacion": null,
        "horario": null,
        "telefono": null,
        "responsable": "VIU",
        "verificado": false,
        "nivel_verificacion": "prensa",
        "vigente": "desconocido",
        "alerta": null,
        "necesidades": {
          "alimentos_no_perecederos": "necesita",
          "agua": "necesita",
          "aseo_personal": "necesita"
        },
        "no_recibe": [],
        "sangre": null,
        "notas": "Acopio en centro comercial.",
        "fuente": {
          "nombre": "El Heraldo",
          "url": "https://www.elheraldo.co/atlantico/2026/08/11/estos-son-los-centros-de-acopio-en-barranquilla-en-los-que-puede-realizar-sus-donaciones-a-los-afectados-por-el-terremoto/",
          "fecha_publicacion": "2026-08-11"
        },
        "fecha_verificacion": "2026-08-13",
        "capacidad": null,
        "ocupacion": null,
        "admite_mascotas": null,
        "servicios": [],
        "requisitos_ingreso": null,
        "es_alerta": false
      }
    },
    {
      "type": "Feature",
      "geometry": {
        "type": "Point",
        "coordinates": [
          -75.5367595,
          10.4254077
        ]
      },
      "properties": {
        "id": "cartagena-coliseo-bernardo-caraballo-cartagenaunidaporcolombia",
        "nombre": "Coliseo Bernardo Caraballo - #CartagenaUnidaPorColombia",
        "tipo": "acopio",
        "rol": "punto_donacion",
        "municipio": "Cartagena",
        "departamento": "Bolívar",
        "direccion": "Coliseo Bernardo Caraballo",
        "geocode_query": "Coliseo Bernardo Caraballo, Cartagena, Bolívar, Colombia",
        "precision_ubicacion": "exacta",
        "nota_ubicacion": null,
        "horario": "8:00 a.m. a 5:00 p.m.",
        "telefono": null,
        "responsable": "Alcaldía Mayor de Cartagena (alcalde Dumek Turbay)",
        "verificado": false,
        "nivel_verificacion": "prensa",
        "vigente": true,
        "alerta": null,
        "necesidades": {
          "agua": "urgente",
          "alimentos_no_perecederos": "urgente",
          "colchonetas_cobijas": "necesita",
          "aseo_personal": "necesita"
        },
        "no_recibe": [],
        "sangre": null,
        "notas": "Centro de acopio principal del Distrito de Cartagena. Donación económica: cuenta Davivienda 0040 0024 0970 (Corporación El Minuto de Dios, NIT 860.010.371-0). La página oficial cartagena.gov.co devolvió error 403 al intentar verificarla.",
        "fuente": {
          "nombre": "El Universal",
          "url": "https://www.eluniversal.com.co/cartagena/2026/08/10/como-donar-en-cartagena-a-las-familias-afectadas-por-el-terremoto-lugar-y-horarios/",
          "fecha_publicacion": "2026-08-10"
        },
        "fecha_verificacion": "2026-08-13",
        "capacidad": null,
        "ocupacion": null,
        "admite_mascotas": null,
        "servicios": [],
        "requisitos_ingreso": null,
        "es_alerta": false
      }
    },
    {
      "type": "Feature",
      "geometry": {
        "type": "Point",
        "coordinates": [
          -75.4723739,
          10.3950242
        ]
      },
      "properties": {
        "id": "cartagena-transcaribe-patio-portal-sitm-plataforma-alta",
        "nombre": "TransCaribe - Patio Portal SITM (Plataforma Alta)",
        "tipo": "acopio",
        "rol": "punto_donacion",
        "municipio": "Cartagena",
        "departamento": "Bolívar",
        "direccion": "Plataforma Alta del Patio Portal SITM TransCaribe",
        "geocode_query": "Plataforma Alta del Patio Portal SITM TransCaribe, Cartagena, Bolívar, Colombia",
        "precision_ubicacion": "exacta",
        "nota_ubicacion": null,
        "horario": "8:00 a.m. a 4:00 p.m., jueves 13 y viernes 14 de agosto de 2026",
        "telefono": "+57 333 220 6769 (teléfono/WhatsApp)",
        "responsable": "TransCaribe en coordinación con la Oficina de Gestión Social del Distrito de Cartagena",
        "verificado": true,
        "nivel_verificacion": "institucional",
        "vigente": true,
        "alerta": null,
        "necesidades": {
          "agua": "urgente",
          "alimentos_no_perecederos": "urgente",
          "aseo_personal": "necesita",
          "colchonetas_cobijas": "necesita",
          "medicamentos": "necesita",
          "otros": "necesita"
        },
        "no_recibe": [],
        "sangre": null,
        "notas": "PUNTO NUEVO habilitado para hoy 13 y mañana 14 de agosto. Se prioriza agua embotellada, granos, arroz, pasta, legumbres, proteínas enlatadas, leche en polvo, ropa de cama, colchonetas, cinta, alcohol, tapabocas y guantes. Correo: pqr@transcaribe.gov.co. Acceso por rutas T101, T102, T103, X101, X104 (estación Chambacú) y C018.",
        "fuente": {
          "nombre": "TransCaribe (entidad distrital de Cartagena)",
          "url": "https://transcaribe.gov.co/index.php/noticia/cartagena-unida-por-colombia-en-el-patio-portal-de-transcaribe-este-jueves-y-viernes-se-recibiran-ayudas-para-afectados-por-el-terremoto/",
          "fecha_publicacion": "2026-08-12"
        },
        "fecha_verificacion": "2026-08-13",
        "capacidad": null,
        "ocupacion": null,
        "admite_mascotas": null,
        "servicios": [],
        "requisitos_ingreso": null,
        "es_alerta": false
      }
    },
    {
      "type": "Feature",
      "geometry": {
        "type": "Point",
        "coordinates": [
          -75.4617803,
          10.3783464
        ]
      },
      "properties": {
        "id": "cartagena-banco-de-alimentos-de-cartagena",
        "nombre": "Banco de Alimentos de Cartagena",
        "tipo": "acopio",
        "rol": "punto_donacion",
        "municipio": "Cartagena",
        "departamento": "Bolívar",
        "direccion": "Parque Industrial Ternera, Bodega 51",
        "geocode_query": "Parque Industrial Ternera, Bodega 51, Cartagena, Bolívar, Colombia",
        "precision_ubicacion": "aproximada",
        "nota_ubicacion": "Ubicación a nivel de barrio, sector o cabecera municipal. Afinar a mano si es posible.",
        "horario": null,
        "telefono": null,
        "responsable": null,
        "verificado": false,
        "nivel_verificacion": "prensa",
        "vigente": true,
        "alerta": null,
        "necesidades": {
          "alimentos_no_perecederos": "urgente",
          "agua": "necesita",
          "aseo_personal": "necesita"
        },
        "no_recibe": [],
        "sangre": null,
        "notas": "Banco de alimentos regional, articulado con la red Tigresas de la Patria.",
        "fuente": {
          "nombre": "El Tiempo",
          "url": "https://www.eltiempo.com/colombia/barranquilla/esta-en-la-region-caribe-y-no-sabe-donde-donar-estos-son-todos-los-puntos-de-acopio-habilitados-para-recaudar-ayudas-para-las-victimas-del-terremoto-3577588",
          "fecha_publicacion": "2026-08-11"
        },
        "fecha_verificacion": "2026-08-13",
        "capacidad": null,
        "ocupacion": null,
        "admite_mascotas": null,
        "servicios": [],
        "requisitos_ingreso": null,
        "es_alerta": false
      }
    },
    {
      "type": "Feature",
      "geometry": {
        "type": "Point",
        "coordinates": [
          -75.5174885,
          10.4446894
        ]
      },
      "properties": {
        "id": "cartagena-parroquia-cristo-rey-crespo",
        "nombre": "Parroquia Cristo Rey (Crespo)",
        "tipo": "recoleccion",
        "rol": "punto_donacion",
        "municipio": "Cartagena",
        "departamento": "Bolívar",
        "direccion": "Crespo (dirección exacta no publicada)",
        "geocode_query": "Crespo (dirección exacta no publicada), Cartagena, Bolívar, Colombia",
        "precision_ubicacion": "exacta",
        "nota_ubicacion": null,
        "horario": null,
        "telefono": null,
        "responsable": "Red Tigresas de la Patria",
        "verificado": false,
        "nivel_verificacion": "prensa",
        "vigente": true,
        "alerta": null,
        "necesidades": {
          "alimentos_no_perecederos": "urgente",
          "agua": "urgente",
          "medicamentos": "necesita",
          "aseo_personal": "necesita",
          "colchonetas_cobijas": "necesita",
          "panales_formula": "necesita",
          "alimento_mascotas": "necesita"
        },
        "no_recibe": [],
        "sangre": null,
        "notas": "Punto parroquial. La fuente no publica dirección exacta ni horario.",
        "fuente": {
          "nombre": "El Tiempo",
          "url": "https://www.eltiempo.com/colombia/barranquilla/esta-en-la-region-caribe-y-no-sabe-donde-donar-estos-son-todos-los-puntos-de-acopio-habilitados-para-recaudar-ayudas-para-las-victimas-del-terremoto-3577588",
          "fecha_publicacion": "2026-08-11"
        },
        "fecha_verificacion": "2026-08-13",
        "capacidad": null,
        "ocupacion": null,
        "admite_mascotas": null,
        "servicios": [],
        "requisitos_ingreso": null,
        "es_alerta": false
      }
    },
    {
      "type": "Feature",
      "geometry": {
        "type": "Point",
        "coordinates": [
          -74.2001722,
          11.2435805
        ]
      },
      "properties": {
        "id": "santa-marta-centro-de-acopio-ogricc-santa-marta",
        "nombre": "Centro de acopio Ogricc - Santa Marta",
        "tipo": "acopio",
        "rol": "punto_donacion",
        "municipio": "Santa Marta",
        "departamento": "Magdalena",
        "direccion": "Calle 16 #14A-08, segundo piso, barrio El Cundí",
        "geocode_query": "Calle 16 #14A-08, segundo piso, barrio El Cundí, Santa Marta, Magdalena, Colombia",
        "precision_ubicacion": "exacta",
        "nota_ubicacion": null,
        "horario": "8:30 a.m. a 5:30 p.m.",
        "telefono": null,
        "responsable": "Oficina para la Gestión del Riesgo de Desastres (Ogricc), administración del alcalde Carlos Pinedo Cuello",
        "verificado": false,
        "nivel_verificacion": "prensa",
        "vigente": true,
        "alerta": null,
        "necesidades": {
          "alimentos_no_perecederos": "urgente",
          "agua": "urgente",
          "ropa_calzado": "necesita",
          "colchonetas_cobijas": "necesita",
          "medicamentos": "urgente",
          "aseo_personal": "necesita"
        },
        "no_recibe": [],
        "sangre": null,
        "notas": "Punto oficial del Distrito de Santa Marta, confirmado por dos fuentes (El Tiempo 11 ago y El Heraldo 12 ago). Se piden específicamente acetaminofén y sueros de hidratación. Ropa en buen estado.",
        "fuente": {
          "nombre": "El Heraldo",
          "url": "https://www.elheraldo.co/colombia/2026/08/12/santa-marta-habilita-centro-de-acopio-para-recibir-ayudas-destinadas-a-afectados-por-el-sismo/",
          "fecha_publicacion": "2026-08-12"
        },
        "fecha_verificacion": "2026-08-13",
        "capacidad": null,
        "ocupacion": null,
        "admite_mascotas": null,
        "servicios": [],
        "requisitos_ingreso": null,
        "es_alerta": false
      }
    },
    {
      "type": "Feature",
      "geometry": {
        "type": "Point",
        "coordinates": [
          -74.2254706,
          11.1410995
        ]
      },
      "properties": {
        "id": "santa-marta-hotel-zuana-punto-de-recepcion-de-ayudas-corredor-sur",
        "nombre": "Hotel Zuana - punto de recepción de ayudas (Corredor Sur)",
        "tipo": "acopio",
        "rol": "punto_donacion",
        "municipio": "Santa Marta",
        "departamento": "Magdalena",
        "direccion": "Hotel Zuana, Corredor Sur de Santa Marta",
        "geocode_query": "Hotel Zuana, Corredor Sur de Santa Marta, Santa Marta, Magdalena, Colombia",
        "precision_ubicacion": "exacta",
        "nota_ubicacion": null,
        "horario": null,
        "telefono": null,
        "responsable": null,
        "verificado": false,
        "nivel_verificacion": "prensa",
        "vigente": "desconocido",
        "alerta": null,
        "necesidades": {
          "alimentos_no_perecederos": "urgente",
          "agua": "urgente",
          "otros": "necesita"
        },
        "no_recibe": [],
        "sangre": null,
        "notas": "DATO EN CONFLICTO: El Informador (12 ago) ubica el centro de acopio de Santa Marta en el Hotel Zuana, mientras El Heraldo y El Tiempo lo ubican en la sede de la Ogricc (calle 16 #14A-08). Podrían ser dos puntos distintos o un error de una de las fuentes. Verificar antes de difundir.",
        "fuente": {
          "nombre": "El Informador",
          "url": "https://www.elinformador.com.co/index.php/la-ciudad/81-distrito/357036-santa-marta-activo-centro-de-acopio-para-apoyar-a-damnificados-por-el-terremoto",
          "fecha_publicacion": "2026-08-12"
        },
        "fecha_verificacion": "2026-08-13",
        "capacidad": null,
        "ocupacion": null,
        "admite_mascotas": null,
        "servicios": [],
        "requisitos_ingreso": null,
        "es_alerta": false
      }
    },
    {
      "type": "Feature",
      "geometry": {
        "type": "Point",
        "coordinates": [
          -74.2085095,
          11.2316587
        ]
      },
      "properties": {
        "id": "santa-marta-iglesia-amor-en-accion",
        "nombre": "Iglesia Amor en Acción",
        "tipo": "recoleccion",
        "rol": "punto_donacion",
        "municipio": "Santa Marta",
        "departamento": "Magdalena",
        "direccion": "Calle 30 #6-69",
        "geocode_query": "Calle 30 #6-69, Santa Marta, Magdalena, Colombia",
        "precision_ubicacion": "exacta",
        "nota_ubicacion": null,
        "horario": null,
        "telefono": null,
        "responsable": null,
        "verificado": false,
        "nivel_verificacion": "prensa",
        "vigente": true,
        "alerta": null,
        "necesidades": {
          "alimentos_no_perecederos": "urgente",
          "agua": "urgente",
          "medicamentos": "necesita",
          "aseo_personal": "necesita",
          "colchonetas_cobijas": "necesita",
          "panales_formula": "necesita",
          "alimento_mascotas": "necesita"
        },
        "no_recibe": [],
        "sangre": null,
        "notas": "Incluido también en el listado de 30 puntos de la campaña 'Un solo corazón'.",
        "fuente": {
          "nombre": "El Tiempo",
          "url": "https://www.eltiempo.com/colombia/barranquilla/esta-en-la-region-caribe-y-no-sabe-donde-donar-estos-son-todos-los-puntos-de-acopio-habilitados-para-recaudar-ayudas-para-las-victimas-del-terremoto-3577588",
          "fecha_publicacion": "2026-08-11"
        },
        "fecha_verificacion": "2026-08-13",
        "capacidad": null,
        "ocupacion": null,
        "admite_mascotas": null,
        "servicios": [],
        "requisitos_ingreso": null,
        "es_alerta": false
      }
    },
    {
      "type": "Feature",
      "geometry": {
        "type": "Point",
        "coordinates": [
          -74.2459025,
          11.0150254
        ]
      },
      "properties": {
        "id": "cienaga-hospital-san-cristobal-de-cienaga-magdalena-solidario",
        "nombre": "Hospital San Cristóbal de Ciénaga - Magdalena Solidario",
        "tipo": "acopio",
        "rol": "punto_donacion",
        "municipio": "Ciénaga",
        "departamento": "Magdalena",
        "direccion": null,
        "geocode_query": "Hospital San Cristóbal de Ciénaga - Magdalena Solidario, Ciénaga, Magdalena, Colombia",
        "precision_ubicacion": "exacta",
        "nota_ubicacion": null,
        "horario": null,
        "telefono": null,
        "responsable": "Iniciativa 'Magdalena Solidario'",
        "verificado": false,
        "nivel_verificacion": "prensa",
        "vigente": "desconocido",
        "alerta": null,
        "necesidades": {
          "alimentos_no_perecederos": "necesita",
          "agua": "necesita",
          "medicamentos": "necesita"
        },
        "no_recibe": [],
        "sangre": null,
        "notas": "Mencionado como punto de recolección departamental. Sin dirección, horario ni contacto publicados.",
        "fuente": {
          "nombre": "El Informador",
          "url": "https://www.elinformador.com.co/index.php/la-ciudad/81-distrito/357036-santa-marta-activo-centro-de-acopio-para-apoyar-a-damnificados-por-el-terremoto",
          "fecha_publicacion": "2026-08-12"
        },
        "fecha_verificacion": "2026-08-13",
        "capacidad": null,
        "ocupacion": null,
        "admite_mascotas": null,
        "servicios": [],
        "requisitos_ingreso": null,
        "es_alerta": false
      }
    },
    {
      "type": "Feature",
      "geometry": {
        "type": "Point",
        "coordinates": [
          -75.88147,
          8.747187
        ]
      },
      "properties": {
        "id": "monteria-coliseo-miguel-happy-lora-cordoba-se-solidariza-con-colombia",
        "nombre": "Coliseo Miguel 'Happy' Lora - Córdoba se solidariza con Colombia",
        "tipo": "acopio",
        "rol": "punto_donacion",
        "municipio": "Montería",
        "departamento": "Córdoba",
        "direccion": "Coliseo Miguel 'Happy' Lora",
        "geocode_query": "Coliseo Miguel 'Happy' Lora, Montería, Córdoba, Colombia",
        "precision_ubicacion": "exacta",
        "nota_ubicacion": null,
        "horario": "8:00 a.m. a 12:30 p.m. y 2:00 p.m. a 7:00 p.m.",
        "telefono": null,
        "responsable": "Gobernación de Córdoba (gobernador Erasmo Zuleta Bechara)",
        "verificado": false,
        "nivel_verificacion": "prensa",
        "vigente": true,
        "alerta": null,
        "necesidades": {
          "alimentos_no_perecederos": "urgente",
          "agua": "urgente",
          "aseo_personal": "necesita",
          "medicamentos": "urgente",
          "panales_formula": "necesita",
          "colchonetas_cobijas": "necesita",
          "alimento_mascotas": "necesita"
        },
        "no_recibe": [],
        "sangre": null,
        "notas": "Punto departamental. Confirmado por dos fuentes. Recibe alimento para mascotas.",
        "fuente": {
          "nombre": "El Heraldo",
          "url": "https://www.elheraldo.co/colombia/2026/08/11/gobernacion-de-cordoba-habilita-punto-de-acopio-para-apoyar-a-familias-afectadas-por-el-sismo/",
          "fecha_publicacion": "2026-08-11"
        },
        "fecha_verificacion": "2026-08-13",
        "capacidad": null,
        "ocupacion": null,
        "admite_mascotas": null,
        "servicios": [],
        "requisitos_ingreso": null,
        "es_alerta": false
      }
    },
    {
      "type": "Feature",
      "geometry": {
        "type": "Point",
        "coordinates": [
          -75.8678913,
          8.766077
        ]
      },
      "properties": {
        "id": "monteria-estadio-de-beisbol-18-de-junio-alcaldia-de-monteria",
        "nombre": "Estadio de Béisbol 18 de Junio - Alcaldía de Montería",
        "tipo": "acopio",
        "rol": "punto_donacion",
        "municipio": "Montería",
        "departamento": "Córdoba",
        "direccion": "Estadio de Béisbol 18 de Junio",
        "geocode_query": "Estadio de Béisbol 18 de Junio, Montería, Córdoba, Colombia",
        "precision_ubicacion": "exacta",
        "nota_ubicacion": null,
        "horario": null,
        "telefono": null,
        "responsable": "Alcaldía de Montería (alcalde Hugo Kerguelén García, gestora social Diana Sierra)",
        "verificado": false,
        "nivel_verificacion": "prensa",
        "vigente": true,
        "alerta": null,
        "necesidades": {
          "alimentos_no_perecederos": "urgente",
          "aseo_personal": "urgente",
          "panales_formula": "necesita"
        },
        "no_recibe": [],
        "sangre": null,
        "notas": "La Alcaldía lo describe como su 'único centro de recepción de donaciones' (distinto del punto departamental en el Coliseo Happy Lora). Trabaja con Pastoral Social y el Banco de Alimentos de la Diócesis de Montería. No se publicó horario.",
        "fuente": {
          "nombre": "El Heraldo",
          "url": "https://www.elheraldo.co/colombia/2026/08/11/alcaldia-de-monteria-activa-recepcion-de-ayudas-humanitarias-para-familias-afectadas-en-el-pais/",
          "fecha_publicacion": "2026-08-11"
        },
        "fecha_verificacion": "2026-08-13",
        "capacidad": null,
        "ocupacion": null,
        "admite_mascotas": null,
        "servicios": [],
        "requisitos_ingreso": null,
        "es_alerta": false
      }
    },
    {
      "type": "Feature",
      "geometry": {
        "type": "Point",
        "coordinates": [
          -75.3830471,
          9.2999574
        ]
      },
      "properties": {
        "id": "sincelejo-plazoleta-del-primer-piso-de-la-alcaldia-de-sincelejo",
        "nombre": "Plazoleta del primer piso de la Alcaldía de Sincelejo",
        "tipo": "acopio",
        "rol": "punto_donacion",
        "municipio": "Sincelejo",
        "departamento": "Sucre",
        "direccion": "Plazoleta, primer piso de la Alcaldía de Sincelejo (dirección exacta no publicada)",
        "geocode_query": "Plazoleta, primer piso de la Alcaldía de Sincelejo (dirección exacta no publicada), Sincelejo, Sucre, Colombia",
        "precision_ubicacion": "exacta",
        "nota_ubicacion": null,
        "horario": "Durante toda la semana (horario exacto no publicado)",
        "telefono": null,
        "responsable": "Alcaldía de Sincelejo - gestora social Sofía Méndez de Acuña, con Cruz Roja y Gestión del Riesgo",
        "verificado": false,
        "nivel_verificacion": "prensa",
        "vigente": true,
        "alerta": null,
        "necesidades": {
          "agua": "urgente",
          "alimentos_no_perecederos": "urgente",
          "colchonetas_cobijas": "necesita",
          "aseo_personal": "necesita",
          "medicamentos": "urgente"
        },
        "no_recibe": [],
        "sangre": null,
        "notas": "Cuenta con apoyo de 30 voluntarios de Cruz Roja y 4 bomberos. Se reciben botiquines de primeros auxilios e insumos médicos.",
        "fuente": {
          "nombre": "El Heraldo",
          "url": "https://www.elheraldo.co/colombia/2026/08/12/el-departamento-de-sucre-y-la-ciudad-de-sincelejo-se-unen-a-la-campana-por-los-afectados-del-sismo/",
          "fecha_publicacion": "2026-08-12"
        },
        "fecha_verificacion": "2026-08-13",
        "capacidad": null,
        "ocupacion": null,
        "admite_mascotas": null,
        "servicios": [],
        "requisitos_ingreso": null,
        "es_alerta": false
      }
    },
    {
      "type": "Feature",
      "geometry": {
        "type": "Point",
        "coordinates": [
          -75.385544,
          9.301849
        ]
      },
      "properties": {
        "id": "sincelejo-centro-de-acopio-gobernacion-de-sucre",
        "nombre": "Centro de acopio Gobernación de Sucre",
        "tipo": "acopio",
        "rol": "punto_donacion",
        "municipio": "Sincelejo",
        "departamento": "Sucre",
        "direccion": "Sede de la Gobernación de Sucre (dirección exacta no publicada)",
        "geocode_query": "Sede de la Gobernación de Sucre (dirección exacta no publicada), Sincelejo, Sucre, Colombia",
        "precision_ubicacion": "exacta",
        "nota_ubicacion": null,
        "horario": null,
        "telefono": null,
        "responsable": "Gobernación de Sucre - primera dama Lucía Arrieta García, junto al Banco de Alimentos",
        "verificado": false,
        "nivel_verificacion": "prensa",
        "vigente": true,
        "alerta": null,
        "necesidades": {
          "alimentos_no_perecederos": "urgente",
          "agua": "urgente",
          "ropa_calzado": "necesita",
          "colchonetas_cobijas": "necesita"
        },
        "no_recibe": [],
        "sangre": null,
        "notas": "Ropa en buen estado. La fuente no publica dirección exacta, horario ni teléfono.",
        "fuente": {
          "nombre": "El Heraldo",
          "url": "https://www.elheraldo.co/colombia/2026/08/12/el-departamento-de-sucre-y-la-ciudad-de-sincelejo-se-unen-a-la-campana-por-los-afectados-del-sismo/",
          "fecha_publicacion": "2026-08-12"
        },
        "fecha_verificacion": "2026-08-13",
        "capacidad": null,
        "ocupacion": null,
        "admite_mascotas": null,
        "servicios": [],
        "requisitos_ingreso": null,
        "es_alerta": false
      }
    },
    {
      "type": "Feature",
      "geometry": {
        "type": "Point",
        "coordinates": [
          -75.3933426,
          9.3045414
        ]
      },
      "properties": {
        "id": "sincelejo-punto-tigresas-de-la-patria-sincelejo",
        "nombre": "Punto Tigresas de la Patria Sincelejo",
        "tipo": "recoleccion",
        "rol": "punto_donacion",
        "municipio": "Sincelejo",
        "departamento": "Sucre",
        "direccion": "Calle 19 #21-41 (cerca a droguería Maxi Económica)",
        "geocode_query": "Calle 19 #21-41 (cerca a droguería Maxi Económica), Sincelejo, Sucre, Colombia",
        "precision_ubicacion": "exacta",
        "nota_ubicacion": null,
        "horario": null,
        "telefono": null,
        "responsable": "Ludmila Rosales - red Tigresas de la Patria",
        "verificado": false,
        "nivel_verificacion": "prensa",
        "vigente": "desconocido",
        "alerta": null,
        "necesidades": {
          "alimentos_no_perecederos": "necesita",
          "agua": "necesita",
          "aseo_personal": "necesita",
          "colchonetas_cobijas": "necesita"
        },
        "no_recibe": [],
        "sangre": null,
        "notas": "DATO PARCIALMENTE EN CONFLICTO: El Tiempo da la dirección Calle 19 #21-41; El Heraldo menciona un punto de Tigresas de la Patria en la 'calle 7 de agosto' a cargo de Ludmila Rosales. Podría tratarse del mismo punto o de dos distintos. Verificar.",
        "fuente": {
          "nombre": "El Tiempo",
          "url": "https://www.eltiempo.com/colombia/barranquilla/esta-en-la-region-caribe-y-no-sabe-donde-donar-estos-son-todos-los-puntos-de-acopio-habilitados-para-recaudar-ayudas-para-las-victimas-del-terremoto-3577588",
          "fecha_publicacion": "2026-08-11"
        },
        "fecha_verificacion": "2026-08-13",
        "capacidad": null,
        "ocupacion": null,
        "admite_mascotas": null,
        "servicios": [],
        "requisitos_ingreso": null,
        "es_alerta": false
      }
    },
    {
      "type": "Feature",
      "geometry": {
        "type": "Point",
        "coordinates": [
          -73.2506276,
          10.4727665
        ]
      },
      "properties": {
        "id": "valledupar-centro-de-acopio-plazoleta-maria-concepcion-loperena-gobern",
        "nombre": "Centro de acopio Plazoleta María Concepción Loperena - Gobernación del Cesar",
        "tipo": "acopio",
        "rol": "punto_donacion",
        "municipio": "Valledupar",
        "departamento": "Cesar",
        "direccion": "Plazoleta María Concepción Loperena, frente a la sede de la Administración Departamental",
        "geocode_query": "Plazoleta María Concepción Loperena, frente a la sede de la Administración Departamental, Valledupar, Cesar, Colombia",
        "precision_ubicacion": "exacta",
        "nota_ubicacion": null,
        "horario": null,
        "telefono": null,
        "responsable": "Gobernación del Cesar (gobernadora Elvia Milena Sanjuán Dávila), con Oficina Departamental de Gestión del Riesgo, Defensa Civil y Bomberos",
        "verificado": false,
        "nivel_verificacion": "prensa",
        "vigente": true,
        "alerta": null,
        "necesidades": {
          "alimentos_no_perecederos": "urgente",
          "aseo_personal": "urgente",
          "colchonetas_cobijas": "necesita"
        },
        "no_recibe": [],
        "sangre": null,
        "notas": "Punto departamental principal. La fuente no publica horario ni teléfono.",
        "fuente": {
          "nombre": "Diario del Cesar",
          "url": "https://www.diariodelcesar.com/archivos/344509/en-el-cesar-abren-centros-de-acopio-para-ayudar-a-victimas-del-sismo/",
          "fecha_publicacion": "2026-08-11"
        },
        "fecha_verificacion": "2026-08-13",
        "capacidad": null,
        "ocupacion": null,
        "admite_mascotas": null,
        "servicios": [],
        "requisitos_ingreso": null,
        "es_alerta": false
      }
    },
    {
      "type": "Feature",
      "geometry": {
        "type": "Point",
        "coordinates": [
          -73.2727553,
          10.4840373
        ]
      },
      "properties": {
        "id": "valledupar-centro-de-solidaridad-valledupar",
        "nombre": "Centro de Solidaridad Valledupar",
        "tipo": "acopio",
        "rol": "punto_donacion",
        "municipio": "Valledupar",
        "departamento": "Cesar",
        "direccion": "Carrera 23 #4-116",
        "geocode_query": "Carrera 23 #4-116, Valledupar, Cesar, Colombia",
        "precision_ubicacion": "exacta",
        "nota_ubicacion": null,
        "horario": null,
        "telefono": null,
        "responsable": null,
        "verificado": false,
        "nivel_verificacion": "prensa",
        "vigente": true,
        "alerta": null,
        "necesidades": {
          "alimentos_no_perecederos": "urgente",
          "agua": "urgente",
          "medicamentos": "necesita",
          "aseo_personal": "necesita",
          "colchonetas_cobijas": "necesita",
          "panales_formula": "necesita",
          "alimento_mascotas": "necesita"
        },
        "no_recibe": [],
        "sangre": null,
        "notas": "Incluido en el mapa de acopios del Caribe de El Tiempo.",
        "fuente": {
          "nombre": "El Tiempo",
          "url": "https://www.eltiempo.com/colombia/barranquilla/esta-en-la-region-caribe-y-no-sabe-donde-donar-estos-son-todos-los-puntos-de-acopio-habilitados-para-recaudar-ayudas-para-las-victimas-del-terremoto-3577588",
          "fecha_publicacion": "2026-08-11"
        },
        "fecha_verificacion": "2026-08-13",
        "capacidad": null,
        "ocupacion": null,
        "admite_mascotas": null,
        "servicios": [],
        "requisitos_ingreso": null,
        "es_alerta": false
      }
    },
    {
      "type": "Feature",
      "geometry": {
        "type": "Point",
        "coordinates": [
          -73.2645613,
          10.4968743
        ]
      },
      "properties": {
        "id": "valledupar-banco-de-alimentos-de-valledupar",
        "nombre": "Banco de Alimentos de Valledupar",
        "tipo": "acopio",
        "rol": "punto_donacion",
        "municipio": "Valledupar",
        "departamento": "Cesar",
        "direccion": "Parque de la Leyenda Vallenata, Bodega No. 22",
        "geocode_query": "Parque de la Leyenda Vallenata, Bodega No. 22, Valledupar, Cesar, Colombia",
        "precision_ubicacion": "exacta",
        "nota_ubicacion": null,
        "horario": null,
        "telefono": "322 730 7199 (WhatsApp)",
        "responsable": "Banco de Alimentos / Diócesis de Valledupar",
        "verificado": false,
        "nivel_verificacion": "prensa",
        "vigente": true,
        "alerta": null,
        "necesidades": {
          "alimentos_no_perecederos": "urgente",
          "aseo_personal": "necesita",
          "colchonetas_cobijas": "necesita"
        },
        "no_recibe": [],
        "sangre": null,
        "notas": "Banco de alimentos regional. También acepta transferencias electrónicas. Sin horario publicado.",
        "fuente": {
          "nombre": "Diario del Cesar",
          "url": "https://www.diariodelcesar.com/archivos/344509/en-el-cesar-abren-centros-de-acopio-para-ayudar-a-victimas-del-sismo/",
          "fecha_publicacion": "2026-08-11"
        },
        "fecha_verificacion": "2026-08-13",
        "capacidad": null,
        "ocupacion": null,
        "admite_mascotas": null,
        "servicios": [],
        "requisitos_ingreso": null,
        "es_alerta": false
      }
    },
    {
      "type": "Feature",
      "geometry": {
        "type": "Point",
        "coordinates": [
          -73.2475483,
          10.4788764
        ]
      },
      "properties": {
        "id": "valledupar-parroquias-de-la-diocesis-de-valledupar",
        "nombre": "Parroquias de la Diócesis de Valledupar",
        "tipo": "recoleccion",
        "rol": "punto_donacion",
        "municipio": "Valledupar",
        "departamento": "Cesar",
        "direccion": "Todas las parroquias de la Diócesis de Valledupar (direcciones no publicadas)",
        "geocode_query": "Todas las parroquias de la Diócesis de Valledupar (direcciones no publicadas), Valledupar, Cesar, Colombia",
        "precision_ubicacion": "aproximada",
        "nota_ubicacion": "Ubicación a nivel de barrio, sector o cabecera municipal. Afinar a mano si es posible.",
        "horario": null,
        "telefono": null,
        "responsable": "Diócesis de Valledupar",
        "verificado": false,
        "nivel_verificacion": "prensa",
        "vigente": true,
        "alerta": null,
        "necesidades": {
          "alimentos_no_perecederos": "urgente",
          "aseo_personal": "necesita",
          "colchonetas_cobijas": "necesita"
        },
        "no_recibe": [],
        "sangre": null,
        "notas": "Red parroquial en Valledupar y municipios asociados.",
        "fuente": {
          "nombre": "Diario del Cesar",
          "url": "https://www.diariodelcesar.com/archivos/344509/en-el-cesar-abren-centros-de-acopio-para-ayudar-a-victimas-del-sismo/",
          "fecha_publicacion": "2026-08-11"
        },
        "fecha_verificacion": "2026-08-13",
        "capacidad": null,
        "ocupacion": null,
        "admite_mascotas": null,
        "servicios": [],
        "requisitos_ingreso": null,
        "es_alerta": false
      }
    },
    {
      "type": "Feature",
      "geometry": {
        "type": "Point",
        "coordinates": [
          -72.9083446,
          11.5527084
        ]
      },
      "properties": {
        "id": "riohacha-centro-de-acopio-gobernacion-de-la-guajira",
        "nombre": "Centro de acopio Gobernación de La Guajira",
        "tipo": "acopio",
        "rol": "punto_donacion",
        "municipio": "Riohacha",
        "departamento": "La Guajira",
        "direccion": "Sede de la Gobernación de La Guajira, Riohacha",
        "geocode_query": "Sede de la Gobernación de La Guajira, Riohacha, Riohacha, La Guajira, Colombia",
        "precision_ubicacion": "exacta",
        "nota_ubicacion": null,
        "horario": "8:00 a.m. a 12:00 m. y 2:00 p.m. a 6:00 p.m.",
        "telefono": "+57 321 531 6619",
        "responsable": "Gobernación de La Guajira (gobernador Jairo Aguilar Deluque)",
        "verificado": false,
        "nivel_verificacion": "prensa",
        "vigente": true,
        "alerta": null,
        "necesidades": {
          "alimentos_no_perecederos": "urgente",
          "agua": "urgente",
          "aseo_personal": "necesita",
          "panales_formula": "necesita",
          "colchonetas_cobijas": "necesita",
          "medicamentos": "urgente"
        },
        "no_recibe": [],
        "sangre": null,
        "notas": "PUNTO NUEVO habilitado el 12 de agosto. El teléfono corresponde al contacto general de la Gobernación.",
        "fuente": {
          "nombre": "Diario La Guajira",
          "url": "https://diariolaguajira.com.co/en/gobernador-jairo-aguilar-habilita-centro-de-acopio-y-convoca-a-los-guajiros-a-solidarizarse-con-familias-afectadas-por-el-terremoto",
          "fecha_publicacion": "2026-08-12"
        },
        "fecha_verificacion": "2026-08-13",
        "capacidad": null,
        "ocupacion": null,
        "admite_mascotas": null,
        "servicios": [],
        "requisitos_ingreso": null,
        "es_alerta": false
      }
    },
    {
      "type": "Feature",
      "geometry": {
        "type": "Point",
        "coordinates": [
          -72.9200253,
          11.5396695
        ]
      },
      "properties": {
        "id": "riohacha-punto-de-acopio-terrazas-de-coquivacoa",
        "nombre": "Punto de acopio Terrazas de Coquivacoa",
        "tipo": "recoleccion",
        "rol": "punto_donacion",
        "municipio": "Riohacha",
        "departamento": "La Guajira",
        "direccion": "Terrazas de Coquivacoa, Casa 15",
        "geocode_query": "Terrazas de Coquivacoa, Casa 15, Riohacha, La Guajira, Colombia",
        "precision_ubicacion": "exacta",
        "nota_ubicacion": null,
        "horario": "Todos los días, horario amplio (no especificado)",
        "telefono": null,
        "responsable": "Red Tigresas de la Patria",
        "verificado": false,
        "nivel_verificacion": "prensa",
        "vigente": true,
        "alerta": null,
        "necesidades": {
          "alimentos_no_perecederos": "necesita",
          "agua": "necesita",
          "medicamentos": "necesita",
          "aseo_personal": "necesita",
          "colchonetas_cobijas": "necesita",
          "panales_formula": "necesita",
          "alimento_mascotas": "necesita"
        },
        "no_recibe": [],
        "sangre": null,
        "notas": "Incluido en el mapa Caribe de El Tiempo y en el listado de 30 puntos de 'Un solo corazón'.",
        "fuente": {
          "nombre": "El Tiempo",
          "url": "https://www.eltiempo.com/colombia/barranquilla/esta-en-la-region-caribe-y-no-sabe-donde-donar-estos-son-todos-los-puntos-de-acopio-habilitados-para-recaudar-ayudas-para-las-victimas-del-terremoto-3577588",
          "fecha_publicacion": "2026-08-11"
        },
        "fecha_verificacion": "2026-08-13",
        "capacidad": null,
        "ocupacion": null,
        "admite_mascotas": null,
        "servicios": [],
        "requisitos_ingreso": null,
        "es_alerta": false
      }
    },
    {
      "type": "Feature",
      "geometry": {
        "type": "Point",
        "coordinates": [
          -72.2388847,
          11.3779182
        ]
      },
      "properties": {
        "id": "maicao-punto-de-acopio-en-maicao",
        "nombre": "Punto de acopio en Maicao",
        "tipo": "recoleccion",
        "rol": "punto_donacion",
        "municipio": "Maicao",
        "departamento": "La Guajira",
        "direccion": null,
        "geocode_query": "Punto de acopio en Maicao, Maicao, La Guajira, Colombia",
        "precision_ubicacion": "aproximada",
        "nota_ubicacion": "Ubicación a nivel de barrio, sector o cabecera municipal. Afinar a mano si es posible.",
        "horario": "Todos los días, horario amplio (no especificado)",
        "telefono": null,
        "responsable": "Red Tigresas de la Patria",
        "verificado": false,
        "nivel_verificacion": "prensa",
        "vigente": "desconocido",
        "alerta": null,
        "necesidades": {
          "alimentos_no_perecederos": "necesita",
          "agua": "necesita",
          "aseo_personal": "necesita"
        },
        "no_recibe": [],
        "sangre": null,
        "notas": "Mencionado sin dirección exacta en el listado de 30 puntos de la campaña 'Un solo corazón'.",
        "fuente": {
          "nombre": "Infobae",
          "url": "https://www.infobae.com/colombia/2026/08/12/la-primera-dama-ana-lucia-pineda-revelo-los-30-puntos-donde-reciben-donaciones-para-los-afectados-por-el-terremoto-en-colombia/",
          "fecha_publicacion": "2026-08-12"
        },
        "fecha_verificacion": "2026-08-13",
        "capacidad": null,
        "ocupacion": null,
        "admite_mascotas": null,
        "servicios": [],
        "requisitos_ingreso": null,
        "es_alerta": false
      }
    },
    {
      "type": "Feature",
      "geometry": {
        "type": "Point",
        "coordinates": [
          -73.1296763,
          7.1161856
        ]
      },
      "properties": {
        "id": "bucaramanga-gobernacion-de-santander-campana-es-tiempo-de-ayudar",
        "nombre": "Gobernación de Santander - campaña 'Es Tiempo de Ayudar'",
        "tipo": "acopio",
        "rol": "punto_donacion",
        "municipio": "Bucaramanga",
        "departamento": "Santander",
        "direccion": "Calle 37 #10-30 (sede de la Gobernación de Santander)",
        "geocode_query": "Calle 37 #10-30 (sede de la Gobernación de Santander), Bucaramanga, Santander, Colombia",
        "precision_ubicacion": "exacta",
        "nota_ubicacion": null,
        "horario": "8:00 a.m. a 5:00 p.m.",
        "telefono": null,
        "responsable": "Gobernación de Santander - Oficina de Gestión del Riesgo",
        "verificado": true,
        "nivel_verificacion": "institucional",
        "vigente": true,
        "alerta": null,
        "necesidades": {
          "alimentos_no_perecederos": "urgente",
          "agua": "urgente",
          "aseo_personal": "urgente",
          "colchonetas_cobijas": "necesita",
          "panales_formula": "necesita",
          "alimento_mascotas": "necesita",
          "otros": "necesita"
        },
        "no_recibe": [],
        "sangre": null,
        "notas": "PISTA CONFIRMADA. Campaña 'Es Tiempo de Ayudar'. Recibe alimentos y productos no perecederos, elementos de aseo, frazadas, colchonetas, alimentos para mascotas, pañales, elementos desechables y agua. La fuente institucional (santander.gov.co) no publica direcciones exactas; la dirección proviene de Vanguardia.",
        "fuente": {
          "nombre": "Gobernación de Santander",
          "url": "https://santander.gov.co/publicaciones/11767/santander-activa-la-campana-es-tiempo-de-ayudar-para-apoyar-a-las-familias-afectadas-por-el-terremoto-en-colombia/",
          "fecha_publicacion": "2026-08-11"
        },
        "fecha_verificacion": "2026-08-13",
        "capacidad": null,
        "ocupacion": null,
        "admite_mascotas": null,
        "servicios": [],
        "requisitos_ingreso": null,
        "es_alerta": false
      }
    },
    {
      "type": "Feature",
      "geometry": {
        "type": "Point",
        "coordinates": [
          -73.0941518,
          7.0730828
        ]
      },
      "properties": {
        "id": "floridablanca-oficina-de-gestion-del-riesgo-de-floridablanca-cegird-or",
        "nombre": "Oficina de Gestión del Riesgo de Floridablanca - CEGIRD Oriente",
        "tipo": "acopio",
        "rol": "punto_donacion",
        "municipio": "Floridablanca",
        "departamento": "Santander",
        "direccion": "Calle 5 #3-18, CEGIRD Oriente",
        "geocode_query": "Calle 5 #3-18, CEGIRD Oriente, Floridablanca, Santander, Colombia",
        "precision_ubicacion": "aproximada",
        "nota_ubicacion": "Ubicación a nivel de barrio, sector o cabecera municipal. Afinar a mano si es posible.",
        "horario": "8:00 a.m. a 5:00 p.m.",
        "telefono": null,
        "responsable": "Oficina de Gestión del Riesgo de Floridablanca",
        "verificado": false,
        "nivel_verificacion": "prensa",
        "vigente": true,
        "alerta": null,
        "necesidades": {
          "alimentos_no_perecederos": "urgente",
          "agua": "necesita",
          "aseo_personal": "urgente",
          "colchonetas_cobijas": "necesita",
          "panales_formula": "necesita",
          "alimento_mascotas": "necesita"
        },
        "no_recibe": [],
        "sangre": null,
        "notas": "PISTA CONFIRMADA. La dirección exacta (CEGIRD Oriente) solo aparece en Vanguardia; la fuente institucional lista el punto sin dirección.",
        "fuente": {
          "nombre": "Vanguardia",
          "url": "https://www.vanguardia.com/entretenimiento/mascotas/2026/08/12/tiene-concentrado-guacales-o-medicinas-asi-puede-ayudar-a-los-animales-afectados-por-el-terremoto/",
          "fecha_publicacion": "2026-08-12"
        },
        "fecha_verificacion": "2026-08-13",
        "capacidad": null,
        "ocupacion": null,
        "admite_mascotas": null,
        "servicios": [],
        "requisitos_ingreso": null,
        "es_alerta": false
      }
    },
    {
      "type": "Feature",
      "geometry": {
        "type": "Point",
        "coordinates": [
          -73.1212621,
          7.1195178
        ]
      },
      "properties": {
        "id": "bucaramanga-loteria-de-santander",
        "nombre": "Lotería de Santander",
        "tipo": "acopio",
        "rol": "punto_donacion",
        "municipio": "Bucaramanga",
        "departamento": "Santander",
        "direccion": "Calle 36 #21-16 (calle 36 con carrera 21)",
        "geocode_query": "Calle 36 #21-16 (calle 36 con carrera 21), Bucaramanga, Santander, Colombia",
        "precision_ubicacion": "exacta",
        "nota_ubicacion": null,
        "horario": "8:00 a.m. a 5:00 p.m.",
        "telefono": null,
        "responsable": "Lotería de Santander - campaña 'Es Tiempo de Ayudar'",
        "verificado": true,
        "nivel_verificacion": "institucional",
        "vigente": true,
        "alerta": null,
        "necesidades": {
          "alimentos_no_perecederos": "urgente",
          "agua": "necesita",
          "aseo_personal": "necesita",
          "colchonetas_cobijas": "necesita",
          "panales_formula": "necesita",
          "alimento_mascotas": "necesita"
        },
        "no_recibe": [],
        "sangre": null,
        "notas": "PISTA CONFIRMADA (institucional + Vanguardia).",
        "fuente": {
          "nombre": "Gobernación de Santander",
          "url": "https://santander.gov.co/publicaciones/11767/santander-activa-la-campana-es-tiempo-de-ayudar-para-apoyar-a-las-familias-afectadas-por-el-terremoto-en-colombia/",
          "fecha_publicacion": "2026-08-11"
        },
        "fecha_verificacion": "2026-08-13",
        "capacidad": null,
        "ocupacion": null,
        "admite_mascotas": null,
        "servicios": [],
        "requisitos_ingreso": null,
        "es_alerta": false
      }
    },
    {
      "type": "Feature",
      "geometry": {
        "type": "Point",
        "coordinates": [
          -73.1165624,
          7.1366903
        ]
      },
      "properties": {
        "id": "bucaramanga-indersantander-estadio-americo-montanini",
        "nombre": "Indersantander - Estadio Américo Montanini",
        "tipo": "acopio",
        "rol": "punto_donacion",
        "municipio": "Bucaramanga",
        "departamento": "Santander",
        "direccion": "Sector Estadio Américo Montanini, carrera 30 con calle 14",
        "geocode_query": "Sector Estadio Américo Montanini, carrera 30 con calle 14, Bucaramanga, Santander, Colombia",
        "precision_ubicacion": "exacta",
        "nota_ubicacion": null,
        "horario": "8:00 a.m. a 5:00 p.m.",
        "telefono": null,
        "responsable": "Indersantander - campaña 'Es Tiempo de Ayudar'",
        "verificado": true,
        "nivel_verificacion": "institucional",
        "vigente": true,
        "alerta": null,
        "necesidades": {
          "alimentos_no_perecederos": "urgente",
          "agua": "necesita",
          "aseo_personal": "necesita",
          "colchonetas_cobijas": "necesita",
          "panales_formula": "necesita",
          "alimento_mascotas": "necesita"
        },
        "no_recibe": [],
        "sangre": null,
        "notas": "PISTA CONFIRMADA (institucional + Vanguardia). Acopio en escenario deportivo.",
        "fuente": {
          "nombre": "Gobernación de Santander",
          "url": "https://santander.gov.co/publicaciones/11767/santander-activa-la-campana-es-tiempo-de-ayudar-para-apoyar-a-las-familias-afectadas-por-el-terremoto-en-colombia/",
          "fecha_publicacion": "2026-08-11"
        },
        "fecha_verificacion": "2026-08-13",
        "capacidad": null,
        "ocupacion": null,
        "admite_mascotas": null,
        "servicios": [],
        "requisitos_ingreso": null,
        "es_alerta": false
      }
    },
    {
      "type": "Feature",
      "geometry": {
        "type": "Point",
        "coordinates": [
          -73.1136608,
          7.1164007
        ]
      },
      "properties": {
        "id": "bucaramanga-idesan",
        "nombre": "Idesan",
        "tipo": "acopio",
        "rol": "punto_donacion",
        "municipio": "Bucaramanga",
        "departamento": "Santander",
        "direccion": "Calle 48 #27A-48, barrio Sotomayor",
        "geocode_query": "Calle 48 #27A-48, barrio Sotomayor, Bucaramanga, Santander, Colombia",
        "precision_ubicacion": "exacta",
        "nota_ubicacion": null,
        "horario": "8:00 a.m. a 5:00 p.m.",
        "telefono": null,
        "responsable": "Idesan - campaña 'Es Tiempo de Ayudar'",
        "verificado": true,
        "nivel_verificacion": "institucional",
        "vigente": true,
        "alerta": null,
        "necesidades": {
          "alimentos_no_perecederos": "urgente",
          "agua": "necesita",
          "aseo_personal": "necesita",
          "colchonetas_cobijas": "necesita",
          "panales_formula": "necesita",
          "alimento_mascotas": "necesita"
        },
        "no_recibe": [],
        "sangre": null,
        "notas": "Punto adicional a los cuatro de la pista original.",
        "fuente": {
          "nombre": "Gobernación de Santander",
          "url": "https://santander.gov.co/publicaciones/11767/santander-activa-la-campana-es-tiempo-de-ayudar-para-apoyar-a-las-familias-afectadas-por-el-terremoto-en-colombia/",
          "fecha_publicacion": "2026-08-11"
        },
        "fecha_verificacion": "2026-08-13",
        "capacidad": null,
        "ocupacion": null,
        "admite_mascotas": null,
        "servicios": [],
        "requisitos_ingreso": null,
        "es_alerta": false
      }
    },
    {
      "type": "Feature",
      "geometry": {
        "type": "Point",
        "coordinates": [
          -73.1302705,
          7.1174245
        ]
      },
      "properties": {
        "id": "bucaramanga-alcaldia-de-bucaramanga-primer-piso",
        "nombre": "Alcaldía de Bucaramanga - primer piso",
        "tipo": "acopio",
        "rol": "punto_donacion",
        "municipio": "Bucaramanga",
        "departamento": "Santander",
        "direccion": "Primer piso de la sede principal de la Alcaldía de Bucaramanga",
        "geocode_query": "Primer piso de la sede principal de la Alcaldía de Bucaramanga, Bucaramanga, Santander, Colombia",
        "precision_ubicacion": "exacta",
        "nota_ubicacion": null,
        "horario": "8:00 a.m. a 6:00 p.m., del martes 11 al jueves 13 de agosto de 2026",
        "telefono": null,
        "responsable": "Alcaldía de Bucaramanga (alcalde Cristian Portilla)",
        "verificado": false,
        "nivel_verificacion": "prensa",
        "vigente": true,
        "alerta": null,
        "necesidades": {
          "agua": "urgente",
          "alimentos_no_perecederos": "urgente",
          "aseo_personal": "urgente",
          "panales_formula": "necesita",
          "colchonetas_cobijas": "necesita"
        },
        "no_recibe": [],
        "sangre": null,
        "notas": "CIERRA HOY 13 DE AGOSTO A LAS 6:00 P.M. según lo anunciado. Se piden arroz, aceite, pastas, lentejas y enlatados. Nota: una fuente (metropolitano.com.co) da horario 8:00 a.m.-6:00 p.m. y otra (Vanguardia) coincide en la fecha de cierre.",
        "fuente": {
          "nombre": "Vanguardia",
          "url": "https://www.vanguardia.com/area-metropolitana/bucaramanga/2026/08/11/asi-puede-ayudar-desde-bucaramanga-a-las-familias-afectadas-por-el-terremoto/",
          "fecha_publicacion": "2026-08-11"
        },
        "fecha_verificacion": "2026-08-13",
        "capacidad": null,
        "ocupacion": null,
        "admite_mascotas": null,
        "servicios": [],
        "requisitos_ingreso": null,
        "es_alerta": false
      }
    },
    {
      "type": "Feature",
      "geometry": {
        "type": "Point",
        "coordinates": [
          -73.1152122,
          7.1172892
        ]
      },
      "properties": {
        "id": "bucaramanga-centro-comercial-la-quinta-quinta-etapa-primer-piso",
        "nombre": "Centro Comercial La Quinta (Quinta Etapa) - primer piso",
        "tipo": "acopio",
        "rol": "punto_donacion",
        "municipio": "Bucaramanga",
        "departamento": "Santander",
        "direccion": "Primer piso del Centro Comercial La Quinta, sector Cabecera",
        "geocode_query": "Primer piso del Centro Comercial La Quinta, sector Cabecera, Bucaramanga, Santander, Colombia",
        "precision_ubicacion": "aproximada",
        "nota_ubicacion": "Ubicación a nivel de barrio, sector o cabecera municipal. Afinar a mano si es posible.",
        "horario": "8:00 a.m. a 5:00 p.m.",
        "telefono": null,
        "responsable": null,
        "verificado": false,
        "nivel_verificacion": "prensa",
        "vigente": true,
        "alerta": null,
        "necesidades": {
          "alimentos_no_perecederos": "urgente"
        },
        "no_recibe": [
          "Solo se reciben alimentos no perecederos"
        ],
        "sangre": null,
        "notas": "Acopio en centro comercial. Restringido exclusivamente a alimentos no perecederos.",
        "fuente": {
          "nombre": "Vanguardia",
          "url": "https://www.vanguardia.com/area-metropolitana/bucaramanga/2026/08/11/terremoto-en-colombia-nueve-puntos-donde-puede-realizar-donaciones-en-bucaramanga/",
          "fecha_publicacion": "2026-08-11"
        },
        "fecha_verificacion": "2026-08-13",
        "capacidad": null,
        "ocupacion": null,
        "admite_mascotas": null,
        "servicios": [],
        "requisitos_ingreso": null,
        "es_alerta": false
      }
    },
    {
      "type": "Feature",
      "geometry": {
        "type": "Point",
        "coordinates": [
          -73.167249,
          7.1027504
        ]
      },
      "properties": {
        "id": "bucaramanga-centroabastos-auditorio",
        "nombre": "Centroabastos - auditorio",
        "tipo": "acopio",
        "rol": "punto_donacion",
        "municipio": "Bucaramanga",
        "departamento": "Santander",
        "direccion": "Auditorio de Centroabastos, vía a Chimitá",
        "geocode_query": "Auditorio de Centroabastos, vía a Chimitá, Bucaramanga, Santander, Colombia",
        "precision_ubicacion": "exacta",
        "nota_ubicacion": null,
        "horario": "Martes, jueves y sábado",
        "telefono": null,
        "responsable": "Centroabastos en coordinación con la Cruz Roja",
        "verificado": false,
        "nivel_verificacion": "prensa",
        "vigente": true,
        "alerta": null,
        "necesidades": {
          "alimentos_no_perecederos": "urgente",
          "agua": "necesita"
        },
        "no_recibe": [],
        "sangre": null,
        "notas": "Opera solo martes, jueves y sábado. HOY 13 DE AGOSTO ES JUEVES: está operando. Coordinado con Cruz Roja.",
        "fuente": {
          "nombre": "Vanguardia",
          "url": "https://www.vanguardia.com/area-metropolitana/bucaramanga/2026/08/11/terremoto-en-colombia-nueve-puntos-donde-puede-realizar-donaciones-en-bucaramanga/",
          "fecha_publicacion": "2026-08-11"
        },
        "fecha_verificacion": "2026-08-13",
        "capacidad": null,
        "ocupacion": null,
        "admite_mascotas": null,
        "servicios": [],
        "requisitos_ingreso": null,
        "es_alerta": false
      }
    },
    {
      "type": "Feature",
      "geometry": {
        "type": "Point",
        "coordinates": [
          -73.106009,
          7.1002691
        ]
      },
      "properties": {
        "id": "bucaramanga-universidad-industrial-de-santander-uis-arbol-ceiba",
        "nombre": "Universidad Industrial de Santander (UIS) - Árbol Ceiba",
        "tipo": "acopio",
        "rol": "punto_donacion",
        "municipio": "Bucaramanga",
        "departamento": "Santander",
        "direccion": "Sector del Árbol Ceiba, campus principal UIS",
        "geocode_query": "Sector del Árbol Ceiba, campus principal UIS, Bucaramanga, Santander, Colombia",
        "precision_ubicacion": "aproximada",
        "nota_ubicacion": "Ubicación a nivel de barrio, sector o cabecera municipal. Afinar a mano si es posible.",
        "horario": "8:00 a.m. a 5:00 p.m.",
        "telefono": null,
        "responsable": "Universidad Industrial de Santander",
        "verificado": false,
        "nivel_verificacion": "prensa",
        "vigente": true,
        "alerta": null,
        "necesidades": {
          "alimentos_no_perecederos": "urgente",
          "ropa_calzado": "necesita",
          "medicamentos": "urgente",
          "alimento_mascotas": "necesita",
          "guacales_correas": "necesita",
          "otros": "necesita"
        },
        "no_recibe": [],
        "sangre": null,
        "notas": "Universidad pública: fuente clasificada como prensa porque la nota es de Vanguardia, no de la UIS. Recibe ropa usada, primeros auxilios, comida para mascotas, correas y camas para animales.",
        "fuente": {
          "nombre": "Vanguardia",
          "url": "https://www.vanguardia.com/entretenimiento/mascotas/2026/08/12/tiene-concentrado-guacales-o-medicinas-asi-puede-ayudar-a-los-animales-afectados-por-el-terremoto/",
          "fecha_publicacion": "2026-08-12"
        },
        "fecha_verificacion": "2026-08-13",
        "capacidad": null,
        "ocupacion": null,
        "admite_mascotas": null,
        "servicios": [],
        "requisitos_ingreso": null,
        "es_alerta": false
      }
    },
    {
      "type": "Feature",
      "geometry": {
        "type": "Point",
        "coordinates": [
          -73.1268064,
          7.1353591
        ]
      },
      "properties": {
        "id": "bucaramanga-banco-de-alimentos-de-bucaramanga",
        "nombre": "Banco de Alimentos de Bucaramanga",
        "tipo": "acopio",
        "rol": "punto_donacion",
        "municipio": "Bucaramanga",
        "departamento": "Santander",
        "direccion": "Carrera 20 #11-46 (una fuente indica #11-41), barrio San Francisco",
        "geocode_query": "Carrera 20 #11-46 (una fuente indica #11-41), barrio San Francisco, Bucaramanga, Santander, Colombia",
        "precision_ubicacion": "exacta",
        "nota_ubicacion": null,
        "horario": "7:30 a.m. a 4:00 p.m.",
        "telefono": null,
        "responsable": null,
        "verificado": false,
        "nivel_verificacion": "prensa",
        "vigente": true,
        "alerta": null,
        "necesidades": {
          "alimentos_no_perecederos": "urgente",
          "agua": "necesita",
          "aseo_personal": "necesita"
        },
        "no_recibe": [],
        "sangre": null,
        "notas": "DISCREPANCIA MENOR EN LA DIRECCIÓN: Vanguardia publica Carrera 20 #11-46 y metropolitano.com.co Carrera 20 #11-41. Mismo barrio (San Francisco).",
        "fuente": {
          "nombre": "El Metropolitano",
          "url": "https://metropolitano.com.co/bucaramanga-asi-puede-donar-a-victimas-del-terremoto/",
          "fecha_publicacion": "2026-08-11"
        },
        "fecha_verificacion": "2026-08-13",
        "capacidad": null,
        "ocupacion": null,
        "admite_mascotas": null,
        "servicios": [],
        "requisitos_ingreso": null,
        "es_alerta": false
      }
    },
    {
      "type": "Feature",
      "geometry": {
        "type": "Point",
        "coordinates": [
          -73.1240701,
          7.103738
        ]
      },
      "properties": {
        "id": "bucaramanga-consejo-municipal-de-juventud-de-bucaramanga",
        "nombre": "Consejo Municipal de Juventud de Bucaramanga",
        "tipo": "recoleccion",
        "rol": "punto_donacion",
        "municipio": "Bucaramanga",
        "departamento": "Santander",
        "direccion": "Conjunto Plaza Mayor, entrada 4, oficina 110",
        "geocode_query": "Conjunto Plaza Mayor, entrada 4, oficina 110, Bucaramanga, Santander, Colombia",
        "precision_ubicacion": "aproximada",
        "nota_ubicacion": "Ubicación a nivel de barrio, sector o cabecera municipal. Afinar a mano si es posible.",
        "horario": null,
        "telefono": null,
        "responsable": "Consejo Municipal de Juventud",
        "verificado": false,
        "nivel_verificacion": "prensa",
        "vigente": "desconocido",
        "alerta": null,
        "necesidades": {
          "alimentos_no_perecederos": "necesita",
          "aseo_personal": "necesita",
          "colchonetas_cobijas": "necesita"
        },
        "no_recibe": [],
        "sangre": null,
        "notas": "Sin horario ni teléfono publicados.",
        "fuente": {
          "nombre": "Vanguardia",
          "url": "https://www.vanguardia.com/area-metropolitana/bucaramanga/2026/08/11/asi-puede-ayudar-desde-bucaramanga-a-las-familias-afectadas-por-el-terremoto/",
          "fecha_publicacion": "2026-08-11"
        },
        "fecha_verificacion": "2026-08-13",
        "capacidad": null,
        "ocupacion": null,
        "admite_mascotas": null,
        "servicios": [],
        "requisitos_ingreso": null,
        "es_alerta": false
      }
    },
    {
      "type": "Feature",
      "geometry": {
        "type": "Point",
        "coordinates": [
          -73.1078068,
          7.1117413
        ]
      },
      "properties": {
        "id": "bucaramanga-fundacion-manada-perruna-sede-freya",
        "nombre": "Fundación Manada Perruna - sede Freya",
        "tipo": "animal",
        "rol": "punto_donacion",
        "municipio": "Bucaramanga",
        "departamento": "Santander",
        "direccion": "Carrera 36 #53-39, sector Cabecera",
        "geocode_query": "Carrera 36 #53-39, sector Cabecera, Bucaramanga, Santander, Colombia",
        "precision_ubicacion": "exacta",
        "nota_ubicacion": null,
        "horario": null,
        "telefono": "315 292 2602",
        "responsable": "Juliana Zabala - Fundación Manada Perruna",
        "verificado": false,
        "nivel_verificacion": "prensa",
        "vigente": "desconocido",
        "alerta": null,
        "necesidades": {
          "alimento_mascotas": "urgente",
          "insumos_veterinarios": "urgente",
          "guacales_correas": "urgente",
          "medicamentos": "necesita",
          "agua": "necesita",
          "aseo_personal": "necesita"
        },
        "no_recibe": [],
        "sangre": null,
        "notas": "PUNTO DE AYUDA ANIMAL. Recibe guacales, comida húmeda, concentrado para perros y gatos, medicamentos, insumos veterinarios, correas, bozales, agua y pañitos húmedos. Un primer envío estaba programado para la noche del 12 de agosto; confirmar continuidad por teléfono.",
        "fuente": {
          "nombre": "Vanguardia",
          "url": "https://www.vanguardia.com/entretenimiento/mascotas/2026/08/12/tiene-concentrado-guacales-o-medicinas-asi-puede-ayudar-a-los-animales-afectados-por-el-terremoto/",
          "fecha_publicacion": "2026-08-12"
        },
        "fecha_verificacion": "2026-08-13",
        "capacidad": null,
        "ocupacion": null,
        "admite_mascotas": null,
        "servicios": [],
        "requisitos_ingreso": null,
        "es_alerta": false
      }
    },
    {
      "type": "Feature",
      "geometry": {
        "type": "Point",
        "coordinates": [
          -73.1364357,
          7.1073874
        ]
      },
      "properties": {
        "id": "bucaramanga-fundacion-manada-perruna-sede-principal",
        "nombre": "Fundación Manada Perruna - sede principal",
        "tipo": "animal",
        "rol": "punto_donacion",
        "municipio": "Bucaramanga",
        "departamento": "Santander",
        "direccion": "Calle 45, bajando desde Campo Hermoso (antes de la cárcel de mujeres)",
        "geocode_query": "Calle 45, bajando desde Campo Hermoso (antes de la cárcel de mujeres), Bucaramanga, Santander, Colombia",
        "precision_ubicacion": "exacta",
        "nota_ubicacion": null,
        "horario": null,
        "telefono": "315 292 2602",
        "responsable": "Fundación Manada Perruna",
        "verificado": false,
        "nivel_verificacion": "prensa",
        "vigente": "desconocido",
        "alerta": null,
        "necesidades": {
          "alimento_mascotas": "urgente",
          "insumos_veterinarios": "urgente",
          "guacales_correas": "urgente",
          "medicamentos": "necesita",
          "agua": "necesita"
        },
        "no_recibe": [],
        "sangre": null,
        "notas": "PUNTO DE AYUDA ANIMAL. Mismas necesidades que la sede Freya. Confirmar horario con la fundación.",
        "fuente": {
          "nombre": "Vanguardia",
          "url": "https://www.vanguardia.com/entretenimiento/mascotas/2026/08/12/tiene-concentrado-guacales-o-medicinas-asi-puede-ayudar-a-los-animales-afectados-por-el-terremoto/",
          "fecha_publicacion": "2026-08-12"
        },
        "fecha_verificacion": "2026-08-13",
        "capacidad": null,
        "ocupacion": null,
        "admite_mascotas": null,
        "servicios": [],
        "requisitos_ingreso": null,
        "es_alerta": false
      }
    },
    {
      "type": "Feature",
      "geometry": {
        "type": "Point",
        "coordinates": [
          -73.1064401,
          7.101453
        ]
      },
      "properties": {
        "id": "bucaramanga-neomundo-punto-de-acopio-animal-sotano-1-ingreso-mariposar",
        "nombre": "Neomundo - punto de acopio animal (sótano 1, ingreso Mariposario)",
        "tipo": "animal",
        "rol": "punto_donacion",
        "municipio": "Bucaramanga",
        "departamento": "Santander",
        "direccion": "Sótano 1, ingreso Mariposario, Calle 89 Transversal Oriental Metropolitana #69, barrio El Tejar",
        "geocode_query": "Sótano 1, ingreso Mariposario, Calle 89 Transversal Oriental Metropolitana #69, barrio El Tejar, Bucaramanga, Santander, Colombia",
        "precision_ubicacion": "exacta",
        "nota_ubicacion": null,
        "horario": "10:00 a.m. a 4:00 p.m., hasta el 17 de agosto de 2026",
        "telefono": null,
        "responsable": "Julián Díaz Zambrano - Neomundo",
        "verificado": false,
        "nivel_verificacion": "prensa",
        "vigente": true,
        "alerta": null,
        "necesidades": {
          "alimento_mascotas": "urgente",
          "insumos_veterinarios": "urgente"
        },
        "no_recibe": [],
        "sangre": null,
        "notas": "PUNTO DE AYUDA ANIMAL con vigencia clara hasta el 17 de agosto. Recibe concentrado para perros y gatos, alimento enlatado, gasas, algodón, vendas y productos para heridas.",
        "fuente": {
          "nombre": "Vanguardia",
          "url": "https://www.vanguardia.com/entretenimiento/mascotas/2026/08/12/tiene-concentrado-guacales-o-medicinas-asi-puede-ayudar-a-los-animales-afectados-por-el-terremoto/",
          "fecha_publicacion": "2026-08-12"
        },
        "fecha_verificacion": "2026-08-13",
        "capacidad": null,
        "ocupacion": null,
        "admite_mascotas": null,
        "servicios": [],
        "requisitos_ingreso": null,
        "es_alerta": false
      }
    },
    {
      "type": "Feature",
      "geometry": {
        "type": "Point",
        "coordinates": [
          -73.8450455,
          7.0648819
        ]
      },
      "properties": {
        "id": "barrancabermeja-cruz-roja-colombiana-seccional-barrancabermeja",
        "nombre": "Cruz Roja Colombiana - seccional Barrancabermeja",
        "tipo": "acopio",
        "rol": "punto_donacion",
        "municipio": "Barrancabermeja",
        "departamento": "Santander",
        "direccion": "Calle 48 #22-141, barrio Colombia",
        "geocode_query": "Calle 48 #22-141, barrio Colombia, Barrancabermeja, Santander, Colombia",
        "precision_ubicacion": "aproximada",
        "nota_ubicacion": "Ubicación a nivel de barrio, sector o cabecera municipal. Afinar a mano si es posible.",
        "horario": null,
        "telefono": null,
        "responsable": "Cruz Roja Colombiana - Lina Monares (administradora municipal)",
        "verificado": false,
        "nivel_verificacion": "prensa",
        "vigente": true,
        "alerta": null,
        "necesidades": {
          "alimentos_no_perecederos": "urgente",
          "agua": "urgente",
          "aseo_personal": "urgente",
          "alimento_mascotas": "necesita"
        },
        "no_recibe": [],
        "sangre": null,
        "notas": "Recibe también alimento para mascotas. Sin horario ni teléfono publicados.",
        "fuente": {
          "nombre": "Vanguardia",
          "url": "https://www.vanguardia.com/santander/barrancabermeja/2026/08/12/asi-puede-ayudar-desde-barrancabermeja-a-los-damnificados-del-sismo-estos-son-los-puntos-de-donacion/",
          "fecha_publicacion": "2026-08-12"
        },
        "fecha_verificacion": "2026-08-13",
        "capacidad": null,
        "ocupacion": null,
        "admite_mascotas": null,
        "servicios": [],
        "requisitos_ingreso": null,
        "es_alerta": false
      }
    },
    {
      "type": "Feature",
      "geometry": {
        "type": "Point",
        "coordinates": [
          -73.8610132,
          7.0590012
        ]
      },
      "properties": {
        "id": "barrancabermeja-diocesis-de-barrancabermeja-parque-infantil",
        "nombre": "Diócesis de Barrancabermeja - Parque Infantil",
        "tipo": "recoleccion",
        "rol": "punto_donacion",
        "municipio": "Barrancabermeja",
        "departamento": "Santander",
        "direccion": "Parque Infantil (dirección exacta no publicada)",
        "geocode_query": "Parque Infantil (dirección exacta no publicada), Barrancabermeja, Santander, Colombia",
        "precision_ubicacion": "exacta",
        "nota_ubicacion": null,
        "horario": "Hasta el 16 de agosto de 2026",
        "telefono": null,
        "responsable": "Diócesis de Barrancabermeja",
        "verificado": false,
        "nivel_verificacion": "prensa",
        "vigente": true,
        "alerta": null,
        "necesidades": {
          "alimentos_no_perecederos": "urgente",
          "aseo_personal": "urgente",
          "agua": "necesita",
          "colchonetas_cobijas": "necesita"
        },
        "no_recibe": [],
        "sangre": null,
        "notas": "Uno de los 7 puntos activados por la Diócesis de Barrancabermeja hasta el 16 de agosto. La fuente no publica direcciones exactas ni horarios por punto.",
        "fuente": {
          "nombre": "Vanguardia",
          "url": "https://www.vanguardia.com/santander/barrancabermeja/2026/08/12/asi-puede-ayudar-desde-barrancabermeja-a-los-damnificados-del-sismo-estos-son-los-puntos-de-donacion/",
          "fecha_publicacion": "2026-08-12"
        },
        "fecha_verificacion": "2026-08-13",
        "capacidad": null,
        "ocupacion": null,
        "admite_mascotas": null,
        "servicios": [],
        "requisitos_ingreso": null,
        "es_alerta": false
      }
    },
    {
      "type": "Feature",
      "geometry": {
        "type": "Point",
        "coordinates": [
          -73.8579153,
          7.0671848
        ]
      },
      "properties": {
        "id": "barrancabermeja-diocesis-de-barrancabermeja-centro-comercial-san-silve",
        "nombre": "Diócesis de Barrancabermeja - Centro Comercial San Silvestre",
        "tipo": "recoleccion",
        "rol": "punto_donacion",
        "municipio": "Barrancabermeja",
        "departamento": "Santander",
        "direccion": "Centro Comercial San Silvestre",
        "geocode_query": "Centro Comercial San Silvestre, Barrancabermeja, Santander, Colombia",
        "precision_ubicacion": "exacta",
        "nota_ubicacion": null,
        "horario": "Hasta el 16 de agosto de 2026",
        "telefono": null,
        "responsable": "Diócesis de Barrancabermeja",
        "verificado": false,
        "nivel_verificacion": "prensa",
        "vigente": true,
        "alerta": null,
        "necesidades": {
          "alimentos_no_perecederos": "urgente",
          "aseo_personal": "urgente",
          "agua": "necesita",
          "colchonetas_cobijas": "necesita"
        },
        "no_recibe": [],
        "sangre": null,
        "notas": "Acopio en centro comercial.",
        "fuente": {
          "nombre": "Vanguardia",
          "url": "https://www.vanguardia.com/santander/barrancabermeja/2026/08/12/asi-puede-ayudar-desde-barrancabermeja-a-los-damnificados-del-sismo-estos-son-los-puntos-de-donacion/",
          "fecha_publicacion": "2026-08-12"
        },
        "fecha_verificacion": "2026-08-13",
        "capacidad": null,
        "ocupacion": null,
        "admite_mascotas": null,
        "servicios": [],
        "requisitos_ingreso": null,
        "es_alerta": false
      }
    },
    {
      "type": "Feature",
      "geometry": {
        "type": "Point",
        "coordinates": [
          -73.8687264,
          7.0608101
        ]
      },
      "properties": {
        "id": "barrancabermeja-diocesis-de-barrancabermeja-centro-comercial-popular",
        "nombre": "Diócesis de Barrancabermeja - Centro Comercial Popular",
        "tipo": "recoleccion",
        "rol": "punto_donacion",
        "municipio": "Barrancabermeja",
        "departamento": "Santander",
        "direccion": "Centro Comercial Popular",
        "geocode_query": "Centro Comercial Popular, Barrancabermeja, Santander, Colombia",
        "precision_ubicacion": "exacta",
        "nota_ubicacion": null,
        "horario": "Hasta el 16 de agosto de 2026",
        "telefono": null,
        "responsable": "Diócesis de Barrancabermeja",
        "verificado": false,
        "nivel_verificacion": "prensa",
        "vigente": true,
        "alerta": null,
        "necesidades": {
          "alimentos_no_perecederos": "urgente",
          "aseo_personal": "urgente",
          "agua": "necesita",
          "colchonetas_cobijas": "necesita"
        },
        "no_recibe": [],
        "sangre": null,
        "notas": "Acopio en centro comercial.",
        "fuente": {
          "nombre": "Vanguardia",
          "url": "https://www.vanguardia.com/santander/barrancabermeja/2026/08/12/asi-puede-ayudar-desde-barrancabermeja-a-los-damnificados-del-sismo-estos-son-los-puntos-de-donacion/",
          "fecha_publicacion": "2026-08-12"
        },
        "fecha_verificacion": "2026-08-13",
        "capacidad": null,
        "ocupacion": null,
        "admite_mascotas": null,
        "servicios": [],
        "requisitos_ingreso": null,
        "es_alerta": false
      }
    },
    {
      "type": "Feature",
      "geometry": {
        "type": "Point",
        "coordinates": [
          -73.8341469,
          7.0658546
        ]
      },
      "properties": {
        "id": "barrancabermeja-parroquia-senor-de-los-milagros-barrancabermeja",
        "nombre": "Parroquia Señor de los Milagros - Barrancabermeja",
        "tipo": "recoleccion",
        "rol": "punto_donacion",
        "municipio": "Barrancabermeja",
        "departamento": "Santander",
        "direccion": null,
        "geocode_query": "Parroquia Señor de los Milagros - Barrancabermeja, Barrancabermeja, Santander, Colombia",
        "precision_ubicacion": "exacta",
        "nota_ubicacion": null,
        "horario": "Hasta el 16 de agosto de 2026",
        "telefono": null,
        "responsable": "Diócesis de Barrancabermeja",
        "verificado": false,
        "nivel_verificacion": "prensa",
        "vigente": true,
        "alerta": null,
        "necesidades": {
          "alimentos_no_perecederos": "urgente",
          "aseo_personal": "urgente",
          "agua": "necesita",
          "colchonetas_cobijas": "necesita"
        },
        "no_recibe": [],
        "sangre": null,
        "notas": "Sin dirección publicada.",
        "fuente": {
          "nombre": "Vanguardia",
          "url": "https://www.vanguardia.com/santander/barrancabermeja/2026/08/12/asi-puede-ayudar-desde-barrancabermeja-a-los-damnificados-del-sismo-estos-son-los-puntos-de-donacion/",
          "fecha_publicacion": "2026-08-12"
        },
        "fecha_verificacion": "2026-08-13",
        "capacidad": null,
        "ocupacion": null,
        "admite_mascotas": null,
        "servicios": [],
        "requisitos_ingreso": null,
        "es_alerta": false
      }
    },
    {
      "type": "Feature",
      "geometry": {
        "type": "Point",
        "coordinates": [
          -73.8719071,
          7.0604703
        ]
      },
      "properties": {
        "id": "barrancabermeja-parroquia-sagrado-corazon-de-jesus-barrancabermeja",
        "nombre": "Parroquia Sagrado Corazón de Jesús - Barrancabermeja",
        "tipo": "recoleccion",
        "rol": "punto_donacion",
        "municipio": "Barrancabermeja",
        "departamento": "Santander",
        "direccion": null,
        "geocode_query": "Parroquia Sagrado Corazón de Jesús - Barrancabermeja, Barrancabermeja, Santander, Colombia",
        "precision_ubicacion": "exacta",
        "nota_ubicacion": null,
        "horario": "Hasta el 16 de agosto de 2026",
        "telefono": null,
        "responsable": "Diócesis de Barrancabermeja",
        "verificado": false,
        "nivel_verificacion": "prensa",
        "vigente": true,
        "alerta": null,
        "necesidades": {
          "alimentos_no_perecederos": "urgente",
          "aseo_personal": "urgente",
          "agua": "necesita",
          "colchonetas_cobijas": "necesita"
        },
        "no_recibe": [],
        "sangre": null,
        "notas": "Sin dirección publicada.",
        "fuente": {
          "nombre": "Vanguardia",
          "url": "https://www.vanguardia.com/santander/barrancabermeja/2026/08/12/asi-puede-ayudar-desde-barrancabermeja-a-los-damnificados-del-sismo-estos-son-los-puntos-de-donacion/",
          "fecha_publicacion": "2026-08-12"
        },
        "fecha_verificacion": "2026-08-13",
        "capacidad": null,
        "ocupacion": null,
        "admite_mascotas": null,
        "servicios": [],
        "requisitos_ingreso": null,
        "es_alerta": false
      }
    },
    {
      "type": "Feature",
      "geometry": {
        "type": "Point",
        "coordinates": [
          -72.5028743,
          7.9020989
        ]
      },
      "properties": {
        "id": "cucuta-biblioteca-publica-julio-perez-ferrero",
        "nombre": "Biblioteca Pública Julio Pérez Ferrero",
        "tipo": "acopio",
        "rol": "punto_donacion",
        "municipio": "Cúcuta",
        "departamento": "Norte de Santander",
        "direccion": "Avenida 1 #12-35, barrio La Playa",
        "geocode_query": "Avenida 1 #12-35, barrio La Playa, Cúcuta, Norte de Santander, Colombia",
        "precision_ubicacion": "aproximada",
        "nota_ubicacion": "Ubicación a nivel de barrio, sector o cabecera municipal. Afinar a mano si es posible.",
        "horario": "Horario extendido (no especificado)",
        "telefono": null,
        "responsable": null,
        "verificado": false,
        "nivel_verificacion": "prensa",
        "vigente": true,
        "alerta": null,
        "necesidades": {
          "alimentos_no_perecederos": "urgente",
          "medicamentos": "necesita",
          "aseo_personal": "necesita",
          "carpas_plasticos": "urgente",
          "linternas_pilas": "urgente",
          "colchonetas_cobijas": "necesita",
          "otros": "necesita"
        },
        "no_recibe": [],
        "sangre": null,
        "notas": "Recibe primeros auxilios, carpas, linternas, pilas, cobijas, impermeables y colchonetas.",
        "fuente": {
          "nombre": "La Opinión",
          "url": "https://laopinion.co/cucuta/quiere-ayudar-los-damnificados-por-el-terremoto-estos-son-los-puntos-de-acopio-en-cucuta",
          "fecha_publicacion": "2026-08-11"
        },
        "fecha_verificacion": "2026-08-13",
        "capacidad": null,
        "ocupacion": null,
        "admite_mascotas": null,
        "servicios": [],
        "requisitos_ingreso": null,
        "es_alerta": false
      }
    },
    {
      "type": "Feature",
      "geometry": {
        "type": "Point",
        "coordinates": [
          -72.5088245,
          7.8978811
        ]
      },
      "properties": {
        "id": "cucuta-moiras",
        "nombre": "Moiras",
        "tipo": "recoleccion",
        "rol": "punto_donacion",
        "municipio": "Cúcuta",
        "departamento": "Norte de Santander",
        "direccion": "Calle 0BN #4E-102, quinta Bosch",
        "geocode_query": "Calle 0BN #4E-102, quinta Bosch, Cúcuta, Norte de Santander, Colombia",
        "precision_ubicacion": "exacta",
        "nota_ubicacion": null,
        "horario": "Lunes a sábado, 8:30 a.m. a 7:00 p.m.",
        "telefono": "301 444 0459",
        "responsable": "Moiras",
        "verificado": false,
        "nivel_verificacion": "prensa",
        "vigente": true,
        "alerta": null,
        "necesidades": {
          "panales_formula": "urgente",
          "alimentos_no_perecederos": "urgente",
          "carpas_plasticos": "urgente",
          "colchonetas_cobijas": "necesita",
          "linternas_pilas": "necesita",
          "aseo_personal": "necesita",
          "medicamentos": "necesita"
        },
        "no_recibe": [],
        "sangre": null,
        "notas": "Punto privado con horario y teléfono confirmados. Pide atún, arroz, pasta, lentejas, enlatados, carpas, toldos, sábanas e insumos médicos.",
        "fuente": {
          "nombre": "La Opinión",
          "url": "https://laopinion.co/cucuta/quiere-ayudar-los-damnificados-por-el-terremoto-estos-son-los-puntos-de-acopio-en-cucuta",
          "fecha_publicacion": "2026-08-11"
        },
        "fecha_verificacion": "2026-08-13",
        "capacidad": null,
        "ocupacion": null,
        "admite_mascotas": null,
        "servicios": [],
        "requisitos_ingreso": null,
        "es_alerta": false
      }
    },
    {
      "type": "Feature",
      "geometry": {
        "type": "Point",
        "coordinates": [
          -72.502938,
          7.8998761
        ]
      },
      "properties": {
        "id": "cucuta-banco-de-alimentos-de-cucuta",
        "nombre": "Banco de Alimentos de Cúcuta",
        "tipo": "acopio",
        "rol": "punto_donacion",
        "municipio": "Cúcuta",
        "departamento": "Norte de Santander",
        "direccion": "Calle 2AN #1-26, barrio Pescadero, detrás del SENA",
        "geocode_query": "Calle 2AN #1-26, barrio Pescadero, detrás del SENA, Cúcuta, Norte de Santander, Colombia",
        "precision_ubicacion": "aproximada",
        "nota_ubicacion": "Ubicación a nivel de barrio, sector o cabecera municipal. Afinar a mano si es posible.",
        "horario": null,
        "telefono": "310 543 4166 (WhatsApp)",
        "responsable": "Padre Carlos Escalante - Banco de Alimentos de Cúcuta",
        "verificado": false,
        "nivel_verificacion": "prensa",
        "vigente": true,
        "alerta": null,
        "necesidades": {
          "alimentos_no_perecederos": "urgente",
          "colchonetas_cobijas": "urgente",
          "aseo_personal": "necesita"
        },
        "no_recibe": [
          "Medicamentos y ropa"
        ],
        "sangre": null,
        "notas": "Banco de alimentos regional; coordina con otros 26 bancos de alimentos del país. NO recibe medicamentos ni ropa.",
        "fuente": {
          "nombre": "Área Cúcuta",
          "url": "https://www.areacucuta.com/banco-de-alimentos-de-cucuta-activa-centro-de-acopio-para-ayuda-humanitaria/",
          "fecha_publicacion": "2026-08-11"
        },
        "fecha_verificacion": "2026-08-13",
        "capacidad": null,
        "ocupacion": null,
        "admite_mascotas": null,
        "servicios": [],
        "requisitos_ingreso": null,
        "es_alerta": false
      }
    },
    {
      "type": "Feature",
      "geometry": {
        "type": "Point",
        "coordinates": [
          -72.5014194,
          7.8706347
        ]
      },
      "properties": {
        "id": "cucuta-diocesis-de-cucuta-110-parroquias",
        "nombre": "Diócesis de Cúcuta - 110 parroquias",
        "tipo": "recoleccion",
        "rol": "punto_donacion",
        "municipio": "Cúcuta",
        "departamento": "Norte de Santander",
        "direccion": "110 parroquias de la Diócesis de Cúcuta (direcciones no publicadas)",
        "geocode_query": "110 parroquias de la Diócesis de Cúcuta (direcciones no publicadas), Cúcuta, Norte de Santander, Colombia",
        "precision_ubicacion": "exacta",
        "nota_ubicacion": null,
        "horario": "Jornada de recolección: domingo 16 de agosto de 2026",
        "telefono": null,
        "responsable": "Diócesis de Cúcuta",
        "verificado": false,
        "nivel_verificacion": "prensa",
        "vigente": true,
        "alerta": null,
        "necesidades": {
          "alimentos_no_perecederos": "urgente",
          "aseo_personal": "urgente",
          "colchonetas_cobijas": "urgente"
        },
        "no_recibe": [
          "Ropa y medicamentos"
        ],
        "sangre": null,
        "notas": "La jornada masiva es el DOMINGO 16 DE AGOSTO (aún no ha ocurrido). Piden arroz, granos, enlatados y leche en polvo. Donación económica por cuenta de ahorros Bancolombia y Bre-B con código QR.",
        "fuente": {
          "nombre": "La Opinión",
          "url": "https://laopinion.co/cucuta/quiere-ayudar-los-damnificados-por-el-terremoto-estos-son-los-puntos-de-acopio-en-cucuta",
          "fecha_publicacion": "2026-08-11"
        },
        "fecha_verificacion": "2026-08-13",
        "capacidad": null,
        "ocupacion": null,
        "admite_mascotas": null,
        "servicios": [],
        "requisitos_ingreso": null,
        "es_alerta": false
      }
    },
    {
      "type": "Feature",
      "geometry": {
        "type": "Point",
        "coordinates": [
          -72.4655074,
          7.9029838
        ]
      },
      "properties": {
        "id": "cucuta-puntos-de-acopio-portal-bocono-y-zona-industrial",
        "nombre": "Puntos de acopio Portal Boconó y zona industrial",
        "tipo": "acopio",
        "rol": "punto_donacion",
        "municipio": "Cúcuta",
        "departamento": "Norte de Santander",
        "direccion": "Portal Boconó y zona industrial (direcciones exactas no publicadas)",
        "geocode_query": "Portal Boconó y zona industrial (direcciones exactas no publicadas), Cúcuta, Norte de Santander, Colombia",
        "precision_ubicacion": "exacta",
        "nota_ubicacion": null,
        "horario": "Servicio continuo hasta la noche (horario exacto no publicado)",
        "telefono": null,
        "responsable": null,
        "verificado": false,
        "nivel_verificacion": "prensa",
        "vigente": "desconocido",
        "alerta": null,
        "necesidades": {
          "alimentos_no_perecederos": "necesita",
          "agua": "necesita",
          "aseo_personal": "necesita",
          "colchonetas_cobijas": "necesita"
        },
        "no_recibe": [],
        "sangre": null,
        "notas": "Incluidos en el listado de 30 puntos de la campaña presidencial 'Un solo corazón'. Sin direcciones exactas ni responsables publicados.",
        "fuente": {
          "nombre": "Infobae",
          "url": "https://www.infobae.com/colombia/2026/08/12/la-primera-dama-ana-lucia-pineda-revelo-los-30-puntos-donde-reciben-donaciones-para-los-afectados-por-el-terremoto-en-colombia/",
          "fecha_publicacion": "2026-08-12"
        },
        "fecha_verificacion": "2026-08-13",
        "capacidad": null,
        "ocupacion": null,
        "admite_mascotas": null,
        "servicios": [],
        "requisitos_ingreso": null,
        "es_alerta": false
      }
    },
    {
      "type": "Feature",
      "geometry": {
        "type": "Point",
        "coordinates": [
          -76.6556257,
          5.690627
        ]
      },
      "properties": {
        "id": "quibdo-fundacion-banco-de-alimentos-punto-yesquita-diocesis-de-quibdo",
        "nombre": "Fundación Banco de Alimentos - punto Yesquita (Diócesis de Quibdó)",
        "tipo": "acopio",
        "rol": "punto_donacion",
        "municipio": "Quibdó",
        "departamento": "Chocó",
        "direccion": "Calle 21 #4-82, barrio Yesquita",
        "geocode_query": "Calle 21 #4-82, barrio Yesquita, Quibdó, Chocó, Colombia",
        "precision_ubicacion": "aproximada",
        "nota_ubicacion": "Ubicación a nivel de barrio, sector o cabecera municipal. Afinar a mano si es posible.",
        "horario": null,
        "telefono": null,
        "responsable": "Diócesis de Quibdó (obispo Wiston Mosquera Moreno)",
        "verificado": false,
        "nivel_verificacion": "prensa",
        "vigente": "desconocido",
        "alerta": null,
        "necesidades": {
          "agua": "necesita",
          "alimentos_no_perecederos": "urgente",
          "medicamentos": "urgente",
          "colchonetas_cobijas": "urgente",
          "panales_formula": "urgente",
          "aseo_personal": "necesita",
          "alimento_mascotas": "necesita"
        },
        "no_recibe": [
          "Ropa y calzado"
        ],
        "sangre": null,
        "notas": "La Diócesis pide expresamente NO priorizar ropa de adulto por limitaciones de almacenamiento. Cuenta publicada: Banco de Bogotá 578816514, Fundación Banco de Alimentos, NIT 902066805-8. ATENCIÓN: este NIT no coincide con el NIT 901.410.713 publicado en bancoalimentoschoco.org; verificar cuál corresponde antes de transferir.",
        "fuente": {
          "nombre": "Conferencia Episcopal de Colombia",
          "url": "https://www.cec.org.co/sistema-informativo/actualidad/en-quibdo-familias-permanecen-fuera-de-sus-hogares-por-temor-nuevos",
          "fecha_publicacion": "2026-08-11"
        },
        "fecha_verificacion": "2026-08-13",
        "capacidad": null,
        "ocupacion": null,
        "admite_mascotas": null,
        "servicios": [],
        "requisitos_ingreso": null,
        "es_alerta": false
      }
    },
    {
      "type": "Feature",
      "geometry": {
        "type": "Point",
        "coordinates": [
          -76.6590998,
          5.6892686
        ]
      },
      "properties": {
        "id": "quibdo-reddhhpac-sede-quibdo",
        "nombre": "Reddhhpac - sede Quibdó",
        "tipo": "acopio",
        "rol": "punto_donacion",
        "municipio": "Quibdó",
        "departamento": "Chocó",
        "direccion": "Calle 25 #6-58, barrio Pandeyuca",
        "geocode_query": "Calle 25 #6-58, barrio Pandeyuca, Quibdó, Chocó, Colombia",
        "precision_ubicacion": "aproximada",
        "nota_ubicacion": "Ubicación a nivel de barrio, sector o cabecera municipal. Afinar a mano si es posible.",
        "horario": null,
        "telefono": "323 540 3547",
        "responsable": "Reddhhpac",
        "verificado": false,
        "nivel_verificacion": "prensa",
        "vigente": "desconocido",
        "alerta": null,
        "necesidades": {
          "alimentos_no_perecederos": "urgente",
          "medicamentos": "urgente",
          "aseo_personal": "urgente",
          "otros": "necesita"
        },
        "no_recibe": [],
        "sangre": null,
        "notas": "Recibe alimentos, medicamentos, insumos médicos y elementos de higiene. Cuenta publicada: Bancolombia 16200025176. Tiene puntos espejo en Medellín.",
        "fuente": {
          "nombre": "El Colombiano",
          "url": "https://www.elcolombiano.com/colombia/donde-donar-choco-centros-acopio-cuentas-oficiales-terremoto-colombia-KB39837058",
          "fecha_publicacion": "2026-08-11"
        },
        "fecha_verificacion": "2026-08-13",
        "capacidad": null,
        "ocupacion": null,
        "admite_mascotas": null,
        "servicios": [],
        "requisitos_ingreso": null,
        "es_alerta": false
      }
    },
    {
      "type": "Feature",
      "geometry": {
        "type": "Point",
        "coordinates": [
          -76.65625,
          5.690761
        ]
      },
      "properties": {
        "id": "quibdo-fundacion-innovacion-social-paz-y-desarrollo",
        "nombre": "Fundación Innovación Social Paz y Desarrollo",
        "tipo": "acopio",
        "rol": "punto_donacion",
        "municipio": "Quibdó",
        "departamento": "Chocó",
        "direccion": "Calle 27 #9-12, barrio El Silencio",
        "geocode_query": "Calle 27 #9-12, barrio El Silencio, Quibdó, Chocó, Colombia",
        "precision_ubicacion": "aproximada",
        "nota_ubicacion": "Ubicación a nivel de barrio, sector o cabecera municipal. Afinar a mano si es posible.",
        "horario": null,
        "telefono": null,
        "responsable": "Gina Marcela Moreno",
        "verificado": false,
        "nivel_verificacion": "prensa",
        "vigente": "desconocido",
        "alerta": null,
        "necesidades": {
          "alimentos_no_perecederos": "urgente",
          "aseo_personal": "urgente",
          "colchonetas_cobijas": "necesita",
          "otros": "necesita"
        },
        "no_recibe": [],
        "sangre": null,
        "notas": "Recibe ayudas humanitarias generales. No se publicó teléfono ni horario.",
        "fuente": {
          "nombre": "El Colombiano",
          "url": "https://www.elcolombiano.com/colombia/donde-donar-choco-centros-acopio-cuentas-oficiales-terremoto-colombia-KB39837058",
          "fecha_publicacion": "2026-08-11"
        },
        "fecha_verificacion": "2026-08-13",
        "capacidad": null,
        "ocupacion": null,
        "admite_mascotas": null,
        "servicios": [],
        "requisitos_ingreso": null,
        "es_alerta": false
      }
    },
    {
      "type": "Feature",
      "geometry": {
        "type": "Point",
        "coordinates": [
          -76.6880899,
          5.1574489
        ]
      },
      "properties": {
        "id": "istmina-planta-potabilizadora-cruz-roja-colombiana-istmina",
        "nombre": "Planta potabilizadora Cruz Roja Colombiana - Istmina",
        "tipo": "institucion",
        "rol": "recibe_damnificados",
        "municipio": "Istmina",
        "departamento": "Chocó",
        "direccion": null,
        "geocode_query": "Planta potabilizadora Cruz Roja Colombiana - Istmina, Istmina, Chocó, Colombia",
        "precision_ubicacion": "aproximada",
        "nota_ubicacion": "Ubicación a nivel de barrio, sector o cabecera municipal. Afinar a mano si es posible.",
        "horario": null,
        "telefono": "018005198534",
        "responsable": "Cruz Roja Colombiana",
        "verificado": true,
        "nivel_verificacion": "institucional",
        "vigente": "desconocido",
        "alerta": null,
        "necesidades": {
          "agua": "urgente",
          "alimentos_no_perecederos": "urgente",
          "colchonetas_cobijas": "urgente",
          "carpas_plasticos": "urgente",
          "aseo_personal": "necesita"
        },
        "no_recibe": [],
        "sangre": null,
        "notas": "La Cruz Roja Colombiana preposicionó en Istmina una planta de tratamiento de agua con capacidad para 30.000 litros. Además activó 25 rescatistas y tres binomios caninos desde Antioquia hacia el Chocó. El teléfono es la línea nacional, no local. Reencuentro familiar: rcf@cruzrojacolombiana.org / WhatsApp 3212139525. Donaciones nacionales: Davivienda cuenta corriente 0560455069996490 y Daviplata.",
        "fuente": {
          "nombre": "Cruz Roja Colombiana",
          "url": "https://www.cruzrojacolombiana.org/cruz-roja-colombiana-despliega-capacidades-para-dar-respuesta-tras-las-afectaciones-por-sismo-en-colombia/",
          "fecha_publicacion": "2026-08-11"
        },
        "fecha_verificacion": "2026-08-13",
        "capacidad": null,
        "ocupacion": null,
        "admite_mascotas": null,
        "servicios": [],
        "requisitos_ingreso": null,
        "es_alerta": false
      }
    },
    {
      "type": "Feature",
      "geometry": {
        "type": "Point",
        "coordinates": [
          -76.6880899,
          5.1574489
        ]
      },
      "properties": {
        "id": "istmina-punto-de-acopio-abaco-istmina-corredor-humanitario",
        "nombre": "Punto de acopio ABACO - Istmina (corredor humanitario)",
        "tipo": "acopio",
        "rol": "punto_donacion",
        "municipio": "Istmina",
        "departamento": "Chocó",
        "direccion": null,
        "geocode_query": "Punto de acopio ABACO - Istmina (corredor humanitario), Istmina, Chocó, Colombia",
        "precision_ubicacion": "aproximada",
        "nota_ubicacion": "Ubicación a nivel de barrio, sector o cabecera municipal. Afinar a mano si es posible.",
        "horario": null,
        "telefono": "313 245 7978",
        "responsable": "Asociación de Bancos de Alimentos de Colombia (ABACO)",
        "verificado": false,
        "nivel_verificacion": "prensa",
        "vigente": "desconocido",
        "alerta": null,
        "necesidades": {
          "agua": "urgente",
          "alimentos_no_perecederos": "urgente",
          "aseo_personal": "necesita",
          "panales_formula": "urgente",
          "colchonetas_cobijas": "urgente"
        },
        "no_recibe": [],
        "sangre": null,
        "notas": "Istmina es uno de los 7 centros de acopio de zona afectada del corredor humanitario de ABACO (junto con Quibdó, Buenaventura, Cali, Cartago, Manizales y Pereira). No se publicó dirección exacta. Coordinación de donaciones a granel: Ingrid Brown 311 899 1062 y Laura Bejarano 317 637 0097. WhatsApp general 313 245 7978. Aportes: donahoy.abaco.org.co/colombia2026, Bancolombia 15264342372, Bre-B 0090989753, NIT 900326456-1.",
        "fuente": {
          "nombre": "Cablenoticias",
          "url": "https://www.cablenoticias.com/noticias/abaco-corredor-humanitario-sismo-choco-colombia",
          "fecha_publicacion": "2026-08-11"
        },
        "fecha_verificacion": "2026-08-13",
        "capacidad": null,
        "ocupacion": null,
        "admite_mascotas": null,
        "servicios": [],
        "requisitos_ingreso": null,
        "es_alerta": false
      }
    },
    {
      "type": "Feature",
      "geometry": {
        "type": "Point",
        "coordinates": [
          -76.6583,
          5.6919
        ]
      },
      "properties": {
        "id": "quibdo-punto-de-acopio-abaco-quibdo-corredor-humanitario",
        "nombre": "Punto de acopio ABACO - Quibdó (corredor humanitario)",
        "tipo": "acopio",
        "rol": "punto_donacion",
        "municipio": "Quibdó",
        "departamento": "Chocó",
        "direccion": null,
        "geocode_query": "Punto de acopio ABACO - Quibdó (corredor humanitario), Quibdó, Chocó, Colombia",
        "precision_ubicacion": "aproximada",
        "nota_ubicacion": "Ubicación a nivel de barrio, sector o cabecera municipal. Afinar a mano si es posible.",
        "horario": null,
        "telefono": "313 245 7978",
        "responsable": "Asociación de Bancos de Alimentos de Colombia (ABACO)",
        "verificado": false,
        "nivel_verificacion": "prensa",
        "vigente": "desconocido",
        "alerta": null,
        "necesidades": {
          "agua": "urgente",
          "alimentos_no_perecederos": "urgente",
          "aseo_personal": "necesita",
          "panales_formula": "urgente",
          "colchonetas_cobijas": "urgente"
        },
        "no_recibe": [],
        "sangre": null,
        "notas": "Prioriza agua, arroz, aceite, pasta, fríjol, enlatados, harina, leche en polvo, productos de aseo, pañales, cobijas y catres, con destino a albergues y hospitales. Dirección exacta no publicada; coordinar por WhatsApp 313 245 7978 antes de despachar.",
        "fuente": {
          "nombre": "Cablenoticias",
          "url": "https://www.cablenoticias.com/noticias/abaco-corredor-humanitario-sismo-choco-colombia",
          "fecha_publicacion": "2026-08-11"
        },
        "fecha_verificacion": "2026-08-13",
        "capacidad": null,
        "ocupacion": null,
        "admite_mascotas": null,
        "servicios": [],
        "requisitos_ingreso": null,
        "es_alerta": false
      }
    },
    {
      "type": "Feature",
      "geometry": {
        "type": "Point",
        "coordinates": [
          -76.652079,
          5.089546
        ]
      },
      "properties": {
        "id": "condoto-contacto-de-coordinacion-de-ayudas-para-condoto",
        "nombre": "Contacto de coordinación de ayudas para Condoto",
        "tipo": "recoleccion",
        "rol": "punto_donacion",
        "municipio": "Condoto",
        "departamento": "Chocó",
        "direccion": null,
        "geocode_query": "Contacto de coordinación de ayudas para Condoto, Condoto, Chocó, Colombia",
        "precision_ubicacion": "aproximada",
        "nota_ubicacion": "Ubicación a nivel de barrio, sector o cabecera municipal. Afinar a mano si es posible.",
        "horario": null,
        "telefono": "3233677799",
        "responsable": null,
        "verificado": false,
        "nivel_verificacion": "prensa",
        "vigente": "desconocido",
        "alerta": null,
        "necesidades": {
          "agua": "urgente",
          "alimentos_no_perecederos": "urgente",
          "aseo_personal": "necesita",
          "colchonetas_cobijas": "necesita"
        },
        "no_recibe": [],
        "sangre": null,
        "notas": "Número publicado por El Tiempo como contacto para canalizar ayudas hacia Condoto. No se identificó la organización responsable ni dirección física. Condoto es además uno de los cuatro destinos del puente aéreo humanitario de SATENA.",
        "fuente": {
          "nombre": "El Tiempo",
          "url": "https://www.eltiempo.com/colombia/otras-ciudades/como-enviar-ayudas-para-los-damnificados-por-el-terremoto-de-7-4-en-choco-3577509",
          "fecha_publicacion": "2026-08-11"
        },
        "fecha_verificacion": "2026-08-13",
        "capacidad": null,
        "ocupacion": null,
        "admite_mascotas": null,
        "servicios": [],
        "requisitos_ingreso": null,
        "es_alerta": false
      }
    },
    {
      "type": "Feature",
      "geometry": {
        "type": "Point",
        "coordinates": [
          -76.2343727,
          4.8963435
        ]
      },
      "properties": {
        "id": "san-jose-del-palmar-alcaldia-de-san-jose-del-palmar-epicentro",
        "nombre": "Alcaldía de San José del Palmar (epicentro)",
        "tipo": "institucion",
        "rol": "recibe_damnificados",
        "municipio": "San José del Palmar",
        "departamento": "Chocó",
        "direccion": null,
        "geocode_query": "Alcaldía de San José del Palmar (epicentro), San José del Palmar, Chocó, Colombia",
        "precision_ubicacion": "exacta",
        "nota_ubicacion": null,
        "horario": null,
        "telefono": null,
        "responsable": "Alcalde León Fabio Marín Moncada",
        "verificado": false,
        "nivel_verificacion": "prensa",
        "vigente": "desconocido",
        "alerta": null,
        "necesidades": {
          "agua": "urgente",
          "alimentos_no_perecederos": "urgente",
          "aseo_personal": "necesita",
          "carpas_plasticos": "urgente",
          "colchonetas_cobijas": "necesita",
          "linternas_pilas": "urgente",
          "herramientas": "necesita",
          "otros": "urgente"
        },
        "no_recibe": [],
        "sangre": null,
        "notas": "EPICENTRO. Cerca de 400 viviendas afectadas y unas 20 colapsadas. Sigue sin energía eléctrica y con dificultades graves de acceso a agua potable. El corregimiento La Italia (unos 3.000 habitantes) quedó incomunicado. El alcalde reportó que el municipio solo dispone de 32 millones de pesos para atender la emergencia y que al 12 de agosto no había recibido recursos; su reclamo público fue 'San José del Palmar y el Chocó también son Colombia'. NO se ha publicado ninguna dirección de acopio, albergue ni teléfono oficial del municipio. Necesidad crítica reportada: plantas eléctricas y suministro de agua. Cuenta de Instagram de la alcaldía: @alcaldiamunicipalsjp.",
        "fuente": {
          "nombre": "El Tiempo",
          "url": "https://www.eltiempo.com/unidad-investigativa/fotos-sos-por-el-departamento-del-choco-asi-estan-varios-de-sus-municipios-afectados-tras-el-fuerte-terremoto-3577877",
          "fecha_publicacion": "2026-08-12"
        },
        "fecha_verificacion": "2026-08-13",
        "capacidad": null,
        "ocupacion": null,
        "admite_mascotas": null,
        "servicios": [],
        "requisitos_ingreso": null,
        "es_alerta": false
      }
    },
    {
      "type": "Feature",
      "geometry": {
        "type": "Point",
        "coordinates": [
          -76.6156287,
          5.2789534
        ]
      },
      "properties": {
        "id": "union-panamericana-alcaldia-de-union-panamericana-animas",
        "nombre": "Alcaldía de Unión Panamericana (Ánimas)",
        "tipo": "institucion",
        "rol": "recibe_damnificados",
        "municipio": "Unión Panamericana",
        "departamento": "Chocó",
        "direccion": null,
        "geocode_query": "Alcaldía de Unión Panamericana (Ánimas), Unión Panamericana, Chocó, Colombia",
        "precision_ubicacion": "aproximada",
        "nota_ubicacion": "Ubicación a nivel de barrio, sector o cabecera municipal. Afinar a mano si es posible.",
        "horario": null,
        "telefono": null,
        "responsable": "Alcalde Jeison Copete",
        "verificado": false,
        "nivel_verificacion": "prensa",
        "vigente": "desconocido",
        "alerta": null,
        "necesidades": {
          "colchonetas_cobijas": "urgente",
          "alimentos_no_perecederos": "urgente",
          "carpas_plasticos": "urgente",
          "agua": "necesita",
          "aseo_personal": "necesita"
        },
        "no_recibe": [],
        "sangre": null,
        "notas": "Más de 100 viviendas destruidas, cerca del 15% del municipio. Tres fallecidos (dos mujeres y un hombre) por colapso de viviendas. El alcalde pidió textualmente cobijas, alimentos no perecederos y carpas. Municipio sin energía ni conectividad: el alcalde atendía desde una estación de servicio con planta eléctrica e internet satelital. No hay dirección de acopio publicada.",
        "fuente": {
          "nombre": "Semana",
          "url": "https://www.semana.com/nacion/articulo/mas-de-cien-viviendas-destruidas-el-dramatico-reporte-de-otro-municipio-del-choco-afectado-por-el-terremoto/202632/",
          "fecha_publicacion": "2026-08-10"
        },
        "fecha_verificacion": "2026-08-13",
        "capacidad": null,
        "ocupacion": null,
        "admite_mascotas": null,
        "servicios": [],
        "requisitos_ingreso": null,
        "es_alerta": false
      }
    },
    {
      "type": "Feature",
      "geometry": {
        "type": "Point",
        "coordinates": [
          -77.3657891,
          4.2607413
        ]
      },
      "properties": {
        "id": "litoral-del-san-juan-alcaldia-de-litoral-del-san-juan",
        "nombre": "Alcaldía de Litoral del San Juan",
        "tipo": "institucion",
        "rol": "recibe_damnificados",
        "municipio": "Litoral del San Juan",
        "departamento": "Chocó",
        "direccion": null,
        "geocode_query": "Alcaldía de Litoral del San Juan, Litoral del San Juan, Chocó, Colombia",
        "precision_ubicacion": "aproximada",
        "nota_ubicacion": "Ubicación a nivel de barrio, sector o cabecera municipal. Afinar a mano si es posible.",
        "horario": null,
        "telefono": null,
        "responsable": "Alcalde Jhon Jairo Gutiérrez",
        "verificado": false,
        "nivel_verificacion": "prensa",
        "vigente": "desconocido",
        "alerta": null,
        "necesidades": {
          "alimentos_no_perecederos": "urgente",
          "ropa_calzado": "necesita",
          "herramientas": "urgente",
          "aseo_personal": "urgente",
          "alimento_mascotas": "urgente",
          "carpas_plasticos": "necesita",
          "otros": "necesita"
        },
        "no_recibe": [],
        "sangre": null,
        "notas": "Uno de los municipios más golpeados. Viviendas completamente destruidas; asentamientos indígenas con estructuras de madera colapsados. Cerca del 80% de las viviendas son de madera, por eso piden expresamente MATERIALES DE CONSTRUCCIÓN: puntillas/clavos y herramientas. También alimentos no perecederos, ropa, kits de aseo, alimento para animales y APOYO PSICOSOCIAL (especialmente para adultos mayores). Frase del alcalde: 'Le pedimos a Colombia que nos miren, que nos ayuden y que no nos dejen solos'. Sin punto de acopio ni teléfono publicado; acceso principalmente fluvial y aéreo.",
        "fuente": {
          "nombre": "El Tiempo",
          "url": "https://www.eltiempo.com/colombia/otras-ciudades/alcalde-del-municipio-de-el-litoral-de-san-juan-en-choco-pidio-ayuda-tras-graves-afectaciones-que-dejo-terremoto-en-colombia-no-nos-dejen-solos-3577864",
          "fecha_publicacion": "2026-08-12"
        },
        "fecha_verificacion": "2026-08-13",
        "capacidad": null,
        "ocupacion": null,
        "admite_mascotas": null,
        "servicios": [],
        "requisitos_ingreso": null,
        "es_alerta": false
      }
    },
    {
      "type": "Feature",
      "geometry": {
        "type": "Point",
        "coordinates": [
          -76.48845,
          4.6264
        ]
      },
      "properties": {
        "id": "sipi-situacion-municipal-de-sipi",
        "nombre": "Situación municipal de Sipí",
        "tipo": "institucion",
        "rol": "recibe_damnificados",
        "municipio": "Sipí",
        "departamento": "Chocó",
        "direccion": null,
        "geocode_query": "Situación municipal de Sipí, Sipí, Chocó, Colombia",
        "precision_ubicacion": "aproximada",
        "nota_ubicacion": "Ubicación a nivel de barrio, sector o cabecera municipal. Afinar a mano si es posible.",
        "horario": null,
        "telefono": null,
        "responsable": null,
        "verificado": false,
        "nivel_verificacion": "prensa",
        "vigente": "desconocido",
        "alerta": null,
        "necesidades": {
          "agua": "urgente",
          "alimentos_no_perecederos": "urgente",
          "carpas_plasticos": "urgente",
          "colchonetas_cobijas": "necesita",
          "aseo_personal": "necesita"
        },
        "no_recibe": [],
        "sangre": null,
        "notas": "Múltiples viviendas colapsadas, establecimientos comerciales destruidos y fachada de la estación de Policía dañada. Sin puntos de acopio, albergues ni contactos publicados. Acceso principalmente fluvial por el río San Juan.",
        "fuente": {
          "nombre": "El Tiempo",
          "url": "https://www.eltiempo.com/unidad-investigativa/fotos-sos-por-el-departamento-del-choco-asi-estan-varios-de-sus-municipios-afectados-tras-el-fuerte-terremoto-3577877",
          "fecha_publicacion": "2026-08-12"
        },
        "fecha_verificacion": "2026-08-13",
        "capacidad": null,
        "ocupacion": null,
        "admite_mascotas": null,
        "servicios": [],
        "requisitos_ingreso": null,
        "es_alerta": false
      }
    },
    {
      "type": "Feature",
      "geometry": {
        "type": "Point",
        "coordinates": [
          -76.559433,
          5.2649419
        ]
      },
      "properties": {
        "id": "tado-situacion-municipal-de-tado",
        "nombre": "Situación municipal de Tadó",
        "tipo": "institucion",
        "rol": "recibe_damnificados",
        "municipio": "Tadó",
        "departamento": "Chocó",
        "direccion": null,
        "geocode_query": "Situación municipal de Tadó, Tadó, Chocó, Colombia",
        "precision_ubicacion": "aproximada",
        "nota_ubicacion": "Ubicación a nivel de barrio, sector o cabecera municipal. Afinar a mano si es posible.",
        "horario": null,
        "telefono": null,
        "responsable": null,
        "verificado": false,
        "nivel_verificacion": "prensa",
        "vigente": "desconocido",
        "alerta": null,
        "necesidades": {
          "agua": "urgente",
          "alimentos_no_perecederos": "urgente",
          "carpas_plasticos": "urgente",
          "colchonetas_cobijas": "urgente",
          "aseo_personal": "necesita"
        },
        "no_recibe": [],
        "sangre": null,
        "notas": "Reporta cientos de viviendas destruidas y pide ayuda urgente. No se logró acceder al detalle completo del reporte (la fuente bloquea el acceso automatizado) y no hay puntos de acopio, albergues ni teléfonos publicados. Tadó está sobre el corredor Quibdó-Pereira, lo que lo hace relativamente accesible por carretera.",
        "fuente": {
          "nombre": "City Tv (El Tiempo)",
          "url": "https://citytv.eltiempo.com/noticias/nacional/choco-pide-ayuda-urgente-tras-el-terremoto-tado-reporta-cientos-de-viviendas-destruidas_94245",
          "fecha_publicacion": "2026-08-11"
        },
        "fecha_verificacion": "2026-08-13",
        "capacidad": null,
        "ocupacion": null,
        "admite_mascotas": null,
        "servicios": [],
        "requisitos_ingreso": null,
        "es_alerta": false
      }
    },
    {
      "type": "Feature",
      "geometry": {
        "type": "Point",
        "coordinates": [
          -77.3660312,
          4.9536416
        ]
      },
      "properties": {
        "id": "bajo-baudo-situacion-municipal-de-bajo-baudo",
        "nombre": "Situación municipal de Bajo Baudó",
        "tipo": "institucion",
        "rol": "recibe_damnificados",
        "municipio": "Bajo Baudó",
        "departamento": "Chocó",
        "direccion": null,
        "geocode_query": "Situación municipal de Bajo Baudó, Bajo Baudó, Chocó, Colombia",
        "precision_ubicacion": "aproximada",
        "nota_ubicacion": "Ubicación a nivel de barrio, sector o cabecera municipal. Afinar a mano si es posible.",
        "horario": null,
        "telefono": null,
        "responsable": null,
        "verificado": false,
        "nivel_verificacion": "prensa",
        "vigente": "desconocido",
        "alerta": null,
        "necesidades": {
          "agua": "urgente",
          "alimentos_no_perecederos": "urgente",
          "carpas_plasticos": "urgente",
          "colchonetas_cobijas": "necesita",
          "aseo_personal": "necesita"
        },
        "no_recibe": [],
        "sangre": null,
        "notas": "Identificado entre los municipios particularmente afectados junto con San José del Palmar, Litoral del San Juan y Quibdó. No hay puntos de acopio ni contactos publicados. Acceso fluvial y marítimo por el río Baudó.",
        "fuente": {
          "nombre": "Pulzo",
          "url": "https://www.pulzo.com/nacion/como-ayudar-choco-destruccion-luego-terremoto-74-colombia-PP5272714",
          "fecha_publicacion": "2026-08-12"
        },
        "fecha_verificacion": "2026-08-13",
        "capacidad": null,
        "ocupacion": null,
        "admite_mascotas": null,
        "servicios": [],
        "requisitos_ingreso": null,
        "es_alerta": false
      }
    },
    {
      "type": "Feature",
      "geometry": {
        "type": "Point",
        "coordinates": [
          -77.401154,
          6.222552
        ]
      },
      "properties": {
        "id": "bahia-solano-situacion-municipal-de-bahia-solano",
        "nombre": "Situación municipal de Bahía Solano",
        "tipo": "institucion",
        "rol": "recibe_damnificados",
        "municipio": "Bahía Solano",
        "departamento": "Chocó",
        "direccion": null,
        "geocode_query": "Situación municipal de Bahía Solano, Bahía Solano, Chocó, Colombia",
        "precision_ubicacion": "aproximada",
        "nota_ubicacion": "Ubicación a nivel de barrio, sector o cabecera municipal. Afinar a mano si es posible.",
        "horario": null,
        "telefono": null,
        "responsable": null,
        "verificado": false,
        "nivel_verificacion": "prensa",
        "vigente": "desconocido",
        "alerta": null,
        "necesidades": {
          "agua": "urgente",
          "alimentos_no_perecederos": "urgente",
          "aseo_personal": "necesita",
          "colchonetas_cobijas": "necesita"
        },
        "no_recibe": [],
        "sangre": null,
        "notas": "Municipio golpeado por el sismo; entre las víctimas está el hijo del alcalde. No se publicaron puntos de acopio, albergues, teléfonos ni listado de necesidades. Acceso aéreo y marítimo únicamente.",
        "fuente": {
          "nombre": "El Tiempo",
          "url": "https://www.eltiempo.com/justicia/investigacion/el-terremoto-golpeo-con-fuerza-a-un-choco-incomunicado-entre-las-victimas-esta-el-hijo-del-alcalde-de-bahia-solano-3577455",
          "fecha_publicacion": "2026-08-11"
        },
        "fecha_verificacion": "2026-08-13",
        "capacidad": null,
        "ocupacion": null,
        "admite_mascotas": null,
        "servicios": [],
        "requisitos_ingreso": null,
        "es_alerta": false
      }
    },
    {
      "type": "Feature",
      "geometry": {
        "type": "Point",
        "coordinates": [
          -77.2635038,
          5.6515894
        ]
      },
      "properties": {
        "id": "nuqui-destino-de-puente-aereo-humanitario-satena-nuqui",
        "nombre": "Destino de puente aéreo humanitario SATENA - Nuquí",
        "tipo": "recoleccion",
        "rol": "recibe_damnificados",
        "municipio": "Nuquí",
        "departamento": "Chocó",
        "direccion": null,
        "geocode_query": "Destino de puente aéreo humanitario SATENA - Nuquí, Nuquí, Chocó, Colombia",
        "precision_ubicacion": "aproximada",
        "nota_ubicacion": "Ubicación a nivel de barrio, sector o cabecera municipal. Afinar a mano si es posible.",
        "horario": null,
        "telefono": null,
        "responsable": "SATENA",
        "verificado": false,
        "nivel_verificacion": "prensa",
        "vigente": "desconocido",
        "alerta": null,
        "necesidades": {
          "agua": "urgente",
          "alimentos_no_perecederos": "urgente",
          "aseo_personal": "necesita",
          "medicamentos": "urgente"
        },
        "no_recibe": [],
        "sangre": null,
        "notas": "Nuquí es uno de los cuatro destinos del transporte humanitario de SATENA (junto con Quibdó, Buenaventura y Condoto). La carga NO se entrega en Nuquí: se entrega en los puntos de SATENA en Bogotá y Medellín. Además se organizan sancochos comunitarios en Quibdó, Buenaventura y Nuquí en alianza con la productora Karma Cine. No hay punto de acopio local publicado.",
        "fuente": {
          "nombre": "El Colombiano",
          "url": "https://www.elcolombiano.com/negocios/satena-dona-ayudas-pacifico-terremoto-colombia-como-donar-CE39865160",
          "fecha_publicacion": "2026-08-12"
        },
        "fecha_verificacion": "2026-08-13",
        "capacidad": null,
        "ocupacion": null,
        "admite_mascotas": null,
        "servicios": [],
        "requisitos_ingreso": null,
        "es_alerta": false
      }
    },
    {
      "type": "Feature",
      "geometry": {
        "type": "Point",
        "coordinates": [
          -74.1296972,
          4.6912078
        ]
      },
      "properties": {
        "id": "bogota-satena-hangar-bogota-entrega-de-carga-humanitaria-hacia-el-choc",
        "nombre": "SATENA - Hangar Bogotá (entrega de carga humanitaria hacia el Chocó)",
        "tipo": "recoleccion",
        "rol": "punto_donacion",
        "municipio": "Bogotá",
        "departamento": "Bogotá D.C.",
        "direccion": "Hangar de SATENA, Avenida El Dorado",
        "geocode_query": "Hangar de SATENA, Avenida El Dorado, Bogotá, Bogotá D.C., Colombia",
        "precision_ubicacion": "exacta",
        "nota_ubicacion": null,
        "horario": null,
        "telefono": null,
        "responsable": "SATENA",
        "verificado": false,
        "nivel_verificacion": "prensa",
        "vigente": "desconocido",
        "alerta": null,
        "necesidades": {
          "agua": "urgente",
          "alimentos_no_perecederos": "urgente",
          "aseo_personal": "urgente",
          "medicamentos": "urgente"
        },
        "no_recibe": [],
        "sangre": null,
        "notas": "PUNTO CLAVE DE ENTRADA AL CHOCÓ. SATENA transporta gratuitamente la carga hacia Quibdó, Nuquí, Condoto y Buenaventura. Recibe agua embotellada, arroz, pasta, lentejas, enlatados, papel higiénico y medicamentos. También opera bodegas de carga en Bogotá y Medellín. No se publicaron horarios, teléfonos ni límites de peso: confirmar antes de desplazarse.",
        "fuente": {
          "nombre": "El Colombiano",
          "url": "https://www.elcolombiano.com/negocios/satena-dona-ayudas-pacifico-terremoto-colombia-como-donar-CE39865160",
          "fecha_publicacion": "2026-08-12"
        },
        "fecha_verificacion": "2026-08-13",
        "capacidad": null,
        "ocupacion": null,
        "admite_mascotas": null,
        "servicios": [],
        "requisitos_ingreso": null,
        "es_alerta": false
      }
    },
    {
      "type": "Feature",
      "geometry": {
        "type": "Point",
        "coordinates": [
          -75.5697242,
          6.2657285
        ]
      },
      "properties": {
        "id": "medellin-afroudea-universidad-de-antioquia-acopio-para-el-choco",
        "nombre": "AfroUdeA - Universidad de Antioquia (acopio para el Chocó)",
        "tipo": "acopio",
        "rol": "punto_donacion",
        "municipio": "Medellín",
        "departamento": "Antioquia",
        "direccion": "Bajos del Bloque 9, Universidad de Antioquia",
        "geocode_query": "Bajos del Bloque 9, Universidad de Antioquia, Medellín, Antioquia, Colombia",
        "precision_ubicacion": "exacta",
        "nota_ubicacion": null,
        "horario": "Lunes a viernes, 9:00 a.m. a 5:00 p.m.",
        "telefono": "311 450 5940",
        "responsable": "Colectivo AfroUdeA",
        "verificado": false,
        "nivel_verificacion": "prensa",
        "vigente": "desconocido",
        "alerta": null,
        "necesidades": {
          "alimentos_no_perecederos": "urgente",
          "aseo_personal": "urgente",
          "agua": "urgente",
          "medicamentos": "necesita"
        },
        "no_recibe": [
          "Ropa y calzado"
        ],
        "sangre": null,
        "notas": "NO RECIBE ROPA. Correo: Colectivoafroudea@gmail.com. El teléfono es WhatsApp. Punto en universidad pública dirigido específicamente a la ayuda para el Chocó.",
        "fuente": {
          "nombre": "El Colombiano",
          "url": "https://www.elcolombiano.com/colombia/donde-donar-choco-centros-acopio-cuentas-oficiales-terremoto-colombia-KB39837058",
          "fecha_publicacion": "2026-08-11"
        },
        "fecha_verificacion": "2026-08-13",
        "capacidad": null,
        "ocupacion": null,
        "admite_mascotas": null,
        "servicios": [],
        "requisitos_ingreso": null,
        "es_alerta": false
      }
    },
    {
      "type": "Feature",
      "geometry": {
        "type": "Point",
        "coordinates": [
          -74.1130998,
          4.6453683
        ]
      },
      "properties": {
        "id": "bogota-bomberos-de-bogota-campana-chocotenecesita-estacion-puente-aran",
        "nombre": "Bomberos de Bogotá - campaña #ChocóTeNecesita (Estación Puente Aranda B-4)",
        "tipo": "acopio",
        "rol": "punto_donacion",
        "municipio": "Bogotá",
        "departamento": "Bogotá D.C.",
        "direccion": "Calle 20 #68A-06",
        "geocode_query": "Calle 20 #68A-06, Bogotá, Bogotá D.C., Colombia",
        "precision_ubicacion": "exacta",
        "nota_ubicacion": null,
        "horario": null,
        "telefono": null,
        "responsable": "Cuerpo Oficial de Bomberos de Bogotá",
        "verificado": false,
        "nivel_verificacion": "prensa",
        "vigente": "desconocido",
        "alerta": null,
        "necesidades": {
          "medicamentos": "urgente"
        },
        "no_recibe": [],
        "sangre": null,
        "notas": "Campaña específica para el Chocó. Recibe INSUMOS MÉDICOS: vendajes, gasas, suturas y guantes. Otras estaciones receptoras: Restrepo B-3 (Avenida carrera 27 #19A-20 Sur), Kennedy B-5 (Carrera 79 #41D-20 Sur) y Chapinero B-1 (Calle 62 #9A-19). Cuenta asociada: Bre-B Fundación TAAP 900918725.",
        "fuente": {
          "nombre": "El Colombiano",
          "url": "https://www.elcolombiano.com/colombia/donde-donar-choco-centros-acopio-cuentas-oficiales-terremoto-colombia-KB39837058",
          "fecha_publicacion": "2026-08-11"
        },
        "fecha_verificacion": "2026-08-13",
        "capacidad": null,
        "ocupacion": null,
        "admite_mascotas": null,
        "servicios": [],
        "requisitos_ingreso": null,
        "es_alerta": false
      }
    },
    {
      "type": "Feature",
      "geometry": {
        "type": "Point",
        "coordinates": [
          -74.0950395,
          4.6344725
        ]
      },
      "properties": {
        "id": "bogota-fundacion-banco-de-alimentos-del-choco-sede-bogota",
        "nombre": "Fundación Banco de Alimentos del Chocó - sede Bogotá",
        "tipo": "acopio",
        "rol": "punto_donacion",
        "municipio": "Bogotá",
        "departamento": "Bogotá D.C.",
        "direccion": "Carrera 8 #16-79, Edificio Expocentro, Torre 1, Oficina 304",
        "geocode_query": "Carrera 8 #16-79, Edificio Expocentro, Torre 1, Oficina 304, Bogotá, Bogotá D.C., Colombia",
        "precision_ubicacion": "aproximada",
        "nota_ubicacion": "Ubicación a nivel de barrio, sector o cabecera municipal. Afinar a mano si es posible.",
        "horario": null,
        "telefono": "+57 302 237 1423",
        "responsable": "Fundación Banco de Alimentos del Chocó",
        "verificado": false,
        "nivel_verificacion": "prensa",
        "vigente": "desconocido",
        "alerta": null,
        "necesidades": {
          "agua": "urgente",
          "alimentos_no_perecederos": "urgente",
          "aseo_personal": "necesita",
          "medicamentos": "urgente",
          "carpas_plasticos": "urgente",
          "alimento_mascotas": "necesita"
        },
        "no_recibe": [],
        "sangre": null,
        "notas": "Recepción en Bogotá con destino directo al Chocó.",
        "fuente": {
          "nombre": "Fundación Banco de Alimentos del Chocó (sitio propio)",
          "url": "https://bancoalimentoschoco.org/",
          "fecha_publicacion": "2026-08-12"
        },
        "fecha_verificacion": "2026-08-13",
        "capacidad": null,
        "ocupacion": null,
        "admite_mascotas": null,
        "servicios": [],
        "requisitos_ingreso": null,
        "es_alerta": false
      }
    },
    {
      "type": "Feature",
      "geometry": {
        "type": "Point",
        "coordinates": [
          -76.2207976,
          4.7621806
        ]
      },
      "properties": {
        "id": "el-cairo-olla-comunitaria-de-la-plaza-principal-alcaldia-de-el-cairo-c",
        "nombre": "Olla comunitaria de la plaza principal / Alcaldía de El Cairo como albergue provisional",
        "tipo": "comedor",
        "rol": "recibe_damnificados",
        "municipio": "El Cairo",
        "departamento": "Valle del Cauca",
        "direccion": "Plaza principal (parque central) de El Cairo; el edificio de la Alcaldía municipal funciona como albergue provisional",
        "geocode_query": "Plaza principal (parque central) de El Cairo; el edificio de la Alcaldía municipal funciona como albergue provisional, El Cairo, Valle del Cauca, Colombia",
        "precision_ubicacion": "exacta",
        "nota_ubicacion": null,
        "horario": "Almuerzo y cena, gratuitos (hora exacta no publicada)",
        "telefono": null,
        "responsable": null,
        "verificado": false,
        "nivel_verificacion": "prensa",
        "vigente": "desconocido",
        "alerta": null,
        "necesidades": {
          "agua": "urgente",
          "alimentos_no_perecederos": "urgente",
          "aseo_personal": "necesita",
          "colchonetas_cobijas": "necesita",
          "carpas_plasticos": "urgente",
          "herramientas": "necesita",
          "linternas_pilas": "urgente",
          "medicamentos": "necesita"
        },
        "no_recibe": [],
        "sangre": null,
        "notas": "Municipio con ~80% del casco urbano destruido. Al 12 de agosto sin energía eléctrica ni gas, internet intermitente solo por WiFi municipal; supermercados y droguerías abren solo de día. Semana reporta que a esa fecha Gobernación y Gobierno Nacional aún no habían llegado al municipio. Vías rurales bloqueadas por derrumbes.",
        "fuente": {
          "nombre": "Semana",
          "url": "https://www.semana.com/nacion/articulo/el-hermoso-pueblo-similar-a-salento-que-quedo-casi-borrado-tras-el-terremoto-semana-llego-hasta-esta-tierra-sin-energia-internet-e-inundada-por-polvo/202608/",
          "fecha_publicacion": "2026-08-12"
        },
        "fecha_verificacion": "2026-08-13",
        "capacidad": null,
        "ocupacion": null,
        "admite_mascotas": null,
        "servicios": [],
        "requisitos_ingreso": null,
        "es_alerta": false
      }
    },
    {
      "type": "Feature",
      "geometry": {
        "type": "Point",
        "coordinates": [
          -76.1513942,
          4.4154736
        ]
      },
      "properties": {
        "id": "roldanillo-albergues-temporales-habilitados-en-roldanillo-2",
        "nombre": "Albergues temporales habilitados en Roldanillo (2)",
        "tipo": "albergue",
        "rol": "recibe_damnificados",
        "municipio": "Roldanillo",
        "departamento": "Valle del Cauca",
        "direccion": null,
        "geocode_query": "Albergues temporales habilitados en Roldanillo (2), Roldanillo, Valle del Cauca, Colombia",
        "precision_ubicacion": "aproximada",
        "nota_ubicacion": "Ubicación a nivel de barrio, sector o cabecera municipal. Afinar a mano si es posible.",
        "horario": null,
        "telefono": null,
        "responsable": "Alcaldía de Roldanillo - alcalde Jaime Ríos Álvarez",
        "verificado": false,
        "nivel_verificacion": "prensa",
        "vigente": "desconocido",
        "alerta": null,
        "necesidades": {
          "agua": "urgente",
          "alimentos_no_perecederos": "necesita",
          "colchonetas_cobijas": "urgente",
          "carpas_plasticos": "urgente",
          "otros": "urgente"
        },
        "no_recibe": [],
        "sangre": null,
        "notas": "Dos albergues con capacidad aproximada de 300-400 personas; se requieren 580 kits de albergue para 580 personas. Necesidades reportadas: agua potable, plantas eléctricas y combustible. Entre 1.200 y 1.300 viviendas afectadas, ~260 pérdidas totales; 17+ edificaciones para demolición; Alcaldía, iglesia y Casa de la Cultura inhabitables. No se publicó dirección exacta de los albergues.",
        "fuente": {
          "nombre": "El País (Cali)",
          "url": "https://www.elpais.com.co/valle/en-vivo-terremoto-en-el-valle-deja-hasta-el-momento-27-muertos-tres-de-las-victimas-eran-ninos-1056.html",
          "fecha_publicacion": "2026-08-12"
        },
        "fecha_verificacion": "2026-08-13",
        "capacidad": null,
        "ocupacion": "Cerca de 50 personas al 12 de agosto. La mayoría de damnificados fue acogida por familiares.",
        "admite_mascotas": null,
        "servicios": [],
        "requisitos_ingreso": "No publicado.",
        "es_alerta": false
      }
    },
    {
      "type": "Feature",
      "geometry": {
        "type": "Point",
        "coordinates": [
          -77.0197279,
          3.8828761
        ]
      },
      "properties": {
        "id": "buenaventura-buenaventura-distrito-en-alerta-naranja-en-salud-hospital",
        "nombre": "Buenaventura - Distrito en alerta naranja en salud (hospitales de campaña y módulos de estabilización)",
        "tipo": "institucion",
        "rol": "recibe_damnificados",
        "municipio": "Buenaventura",
        "departamento": "Valle del Cauca",
        "direccion": null,
        "geocode_query": "Buenaventura - Distrito en alerta naranja en salud (hospitales de campaña y módulos de estabilización), Buenaventura, Valle del Cauca, Colombia",
        "precision_ubicacion": "aproximada",
        "nota_ubicacion": "Ubicación a nivel de barrio, sector o cabecera municipal. Afinar a mano si es posible.",
        "horario": null,
        "telefono": null,
        "responsable": "Distrito de Buenaventura / Secretaría de Salud Distrital",
        "verificado": false,
        "nivel_verificacion": "prensa",
        "vigente": true,
        "alerta": null,
        "necesidades": {
          "agua": "urgente",
          "alimentos_no_perecederos": "urgente",
          "aseo_personal": "necesita",
          "medicamentos": "urgente",
          "colchonetas_cobijas": "urgente",
          "carpas_plasticos": "urgente",
          "herramientas": "urgente",
          "otros": "necesita"
        },
        "no_recibe": [],
        "sangre": null,
        "notas": "Pedido oficial: 15.000 ayudas humanitarias (menaje, alimentos no perecederos, kits de aseo, hidratación), maquinaria amarilla (5 parajitas, volquetas, excavadoras), 20 pipetas de oxígeno, plantas eléctricas, 50 carpas para pacientes y 500 carpas de campaña. Clínica Santa Sofía (≈70% de daño en infraestructura) y Hospital Luis Ablanque de la Plata al 100% de capacidad. Ciudad incomunicada por 3 derrumbes y 20 puntos de colapso en la vía. Balance: 10-12 fallecidos, 174 heridos, 53 viviendas destruidas, 91 averiadas, 287 familias afectadas, 397 desplazadas. NO se identificó un punto de acopio físico publicado dentro de Buenaventura; las donaciones se canalizan desde Cali.",
        "fuente": {
          "nombre": "El Tiempo",
          "url": "https://www.eltiempo.com/salud/buenaventura-necesita-maquinaria-carpas-y-15-000-ayudas-humanitarias-para-atender-la-emergencia-por-el-terremoto-en-colombia-3577573",
          "fecha_publicacion": "2026-08-11"
        },
        "fecha_verificacion": "2026-08-13",
        "capacidad": null,
        "ocupacion": null,
        "admite_mascotas": null,
        "servicios": [],
        "requisitos_ingreso": null,
        "es_alerta": false
      }
    },
    {
      "type": "Feature",
      "geometry": {
        "type": "Point",
        "coordinates": [
          -76.5011016,
          3.465098
        ]
      },
      "properties": {
        "id": "cali-punto-de-donaciones-exclusivo-para-buenaventura-centro-comercial-",
        "nombre": "Punto de donaciones exclusivo para Buenaventura - Centro Comercial Único Uno",
        "tipo": "acopio",
        "rol": "punto_donacion",
        "municipio": "Cali",
        "departamento": "Valle del Cauca",
        "direccion": "Centro Comercial Único Uno, segundo piso, zona de comidas, Cali",
        "geocode_query": "Centro Comercial Único Uno, segundo piso, zona de comidas, Cali, Cali, Valle del Cauca, Colombia",
        "precision_ubicacion": "aproximada",
        "nota_ubicacion": "Ubicación a nivel de barrio, sector o cabecera municipal. Afinar a mano si es posible.",
        "horario": null,
        "telefono": "+57 (602) 620 00 00 (conmutador Gobernación del Valle)",
        "responsable": "Gobernación del Valle del Cauca - campaña 'Todos Somos Valle'",
        "verificado": true,
        "nivel_verificacion": "institucional",
        "vigente": true,
        "alerta": null,
        "necesidades": {
          "agua": "urgente",
          "alimentos_no_perecederos": "urgente",
          "aseo_personal": "urgente",
          "colchonetas_cobijas": "urgente",
          "alimento_mascotas": "necesita",
          "otros": "necesita"
        },
        "no_recibe": [
          "Medicamentos"
        ],
        "sangre": null,
        "notas": "Punto habilitado específicamente para recolectar ayudas destinadas a Buenaventura. Correo: contactenos@valledelcauca.gov.co. También se reciben cobijas, colchonetas, aseo personal, alimentos no perecederos, elementos de aseo general, utensilios de cocina, alimento para mascotas y agua.",
        "fuente": {
          "nombre": "Gobernación del Valle del Cauca",
          "url": "https://www.valledelcauca.gov.co/publicaciones/90177/todos-somos-valle-activado-centro-de-acopio-de-ayudas-en-la-licorera-para-los-damnificados-de-terremoto/",
          "fecha_publicacion": "2026-08-11"
        },
        "fecha_verificacion": "2026-08-13",
        "capacidad": null,
        "ocupacion": null,
        "admite_mascotas": null,
        "servicios": [],
        "requisitos_ingreso": null,
        "es_alerta": false
      }
    },
    {
      "type": "Feature",
      "geometry": {
        "type": "Point",
        "coordinates": [
          -76.5506708,
          3.3434231
        ]
      },
      "properties": {
        "id": "cali-centro-de-ayuda-para-buenaventura-llanos-de-pance",
        "nombre": "Centro de Ayuda para Buenaventura - Llanos de Pance",
        "tipo": "acopio",
        "rol": "punto_donacion",
        "municipio": "Cali",
        "departamento": "Valle del Cauca",
        "direccion": "Calle 4 #118-50, casa 90, Llanos de Pance, Cali. Punto alterno: Condominio Villas del Country, casa 6",
        "geocode_query": "Calle 4 #118-50, casa 90, Llanos de Pance, Cali. Punto alterno: Condominio Villas del Country, casa 6, Cali, Valle del Cauca, Colombia",
        "precision_ubicacion": "exacta",
        "nota_ubicacion": null,
        "horario": null,
        "telefono": null,
        "responsable": null,
        "verificado": false,
        "nivel_verificacion": "prensa",
        "vigente": true,
        "alerta": null,
        "necesidades": {
          "colchonetas_cobijas": "urgente",
          "carpas_plasticos": "urgente",
          "aseo_personal": "urgente",
          "alimentos_no_perecederos": "urgente"
        },
        "no_recibe": [],
        "sangre": null,
        "notas": "Iniciativa ciudadana orientada a Buenaventura. Se piden colchonetas, carpas, almohadas, sábanas, elementos de aseo personal y alimentos no perecederos. El País recomienda verificar la legitimidad de estas iniciativas antes de donar.",
        "fuente": {
          "nombre": "El País (Cali)",
          "url": "https://www.elpais.com.co/valle/el-aguila-el-cairo-buenaventura-y-roldanillo-entre-los-mas-afectados-asi-puede-ayudar-1233.html",
          "fecha_publicacion": "2026-08-12"
        },
        "fecha_verificacion": "2026-08-13",
        "capacidad": null,
        "ocupacion": null,
        "admite_mascotas": null,
        "servicios": [],
        "requisitos_ingreso": null,
        "es_alerta": false
      }
    },
    {
      "type": "Feature",
      "geometry": {
        "type": "Point",
        "coordinates": [
          -76.3103369,
          3.5293796
        ]
      },
      "properties": {
        "id": "palmira-punto-de-donacion-de-sangre-clinica-santa-barbara",
        "nombre": "Punto de donación de sangre - Clínica Santa Bárbara",
        "tipo": "sangre",
        "rol": "punto_donacion",
        "municipio": "Palmira",
        "departamento": "Valle del Cauca",
        "direccion": "Clínica Santa Bárbara, Palmira (dirección exacta no publicada)",
        "geocode_query": "Clínica Santa Bárbara, Palmira (dirección exacta no publicada), Palmira, Valle del Cauca, Colombia",
        "precision_ubicacion": "aproximada",
        "nota_ubicacion": "Ubicación a nivel de barrio, sector o cabecera municipal. Afinar a mano si es posible.",
        "horario": null,
        "telefono": null,
        "responsable": null,
        "verificado": false,
        "nivel_verificacion": "prensa",
        "vigente": true,
        "alerta": null,
        "necesidades": {
          "otros": "urgente"
        },
        "no_recibe": [],
        "sangre": null,
        "notas": "Se solicitan donantes de todos los grupos sanguíneos. Único punto de la emergencia identificado en Palmira además del punto de identificación y entrega de cuerpos.",
        "fuente": {
          "nombre": "El País (Cali)",
          "url": "https://www.elpais.com.co/valle/en-vivo-terremoto-en-el-valle-deja-hasta-el-momento-27-muertos-tres-de-las-victimas-eran-ninos-1056.html",
          "fecha_publicacion": "2026-08-12"
        },
        "fecha_verificacion": "2026-08-13",
        "capacidad": null,
        "ocupacion": null,
        "admite_mascotas": null,
        "servicios": [],
        "requisitos_ingreso": null,
        "es_alerta": false
      }
    },
    {
      "type": "Feature",
      "geometry": {
        "type": "Point",
        "coordinates": [
          -76.1958071,
          4.0845908
        ]
      },
      "properties": {
        "id": "tulua-punto-de-donacion-de-sangre-parque-lineal-de-tulua",
        "nombre": "Punto de donación de sangre - Parque Lineal de Tuluá",
        "tipo": "sangre",
        "rol": "punto_donacion",
        "municipio": "Tuluá",
        "departamento": "Valle del Cauca",
        "direccion": "Parque Lineal, Tuluá",
        "geocode_query": "Parque Lineal, Tuluá, Tuluá, Valle del Cauca, Colombia",
        "precision_ubicacion": "exacta",
        "nota_ubicacion": null,
        "horario": null,
        "telefono": null,
        "responsable": null,
        "verificado": false,
        "nivel_verificacion": "prensa",
        "vigente": true,
        "alerta": null,
        "necesidades": {
          "otros": "urgente"
        },
        "no_recibe": [],
        "sangre": null,
        "notas": "Jornada de donación de sangre vinculada a la emergencia. Se requieren todos los grupos sanguíneos.",
        "fuente": {
          "nombre": "El País (Cali)",
          "url": "https://www.elpais.com.co/valle/en-vivo-terremoto-en-el-valle-deja-hasta-el-momento-27-muertos-tres-de-las-victimas-eran-ninos-1056.html",
          "fecha_publicacion": "2026-08-12"
        },
        "fecha_verificacion": "2026-08-13",
        "capacidad": null,
        "ocupacion": null,
        "admite_mascotas": null,
        "servicios": [],
        "requisitos_ingreso": null,
        "es_alerta": false
      }
    },
    {
      "type": "Feature",
      "geometry": {
        "type": "Point",
        "coordinates": [
          -76.5240974,
          3.4567092
        ]
      },
      "properties": {
        "id": "cali-campana-solidaridad-con-el-pacifico-propacifico-acopio-de-medicam",
        "nombre": "Campaña 'Solidaridad con el Pacífico' - Propacífico (acopio de medicamentos e insumos médicos)",
        "tipo": "acopio",
        "rol": "punto_donacion",
        "municipio": "Cali",
        "departamento": "Valle del Cauca",
        "direccion": "Carrera 4 No. 22-07, barrio San Nicolás, Cali",
        "geocode_query": "Carrera 4 No. 22-07, barrio San Nicolás, Cali, Cali, Valle del Cauca, Colombia",
        "precision_ubicacion": "exacta",
        "nota_ubicacion": null,
        "horario": null,
        "telefono": "324 566 6775 (Steven González) / 312 833 8340 (Lorena Tabares)",
        "responsable": "Fundación para el Desarrollo Integral del Pacífico (Propacífico), con Fundación Valle del Lili y Hospital Padrino",
        "verificado": false,
        "nivel_verificacion": "prensa",
        "vigente": true,
        "alerta": null,
        "necesidades": {
          "medicamentos": "urgente"
        },
        "no_recibe": [],
        "sangre": null,
        "notas": "Único punto identificado que SÍ recibe medicamentos (los demás acopios del Valle los rechazan). Medicamentos solicitados: acetaminofén, ácido tranexámico, claritromicina, dexametasona y soluciones inyectables. Destinos: Tuluá, Quibdó y otras zonas de emergencia. Ofrecen recogida a domicilio. Donaciones monetarias: Banco de Occidente 001-5157-58, NIT 890.304.900.",
        "fuente": {
          "nombre": "El País (Cali)",
          "url": "https://www.elpais.com.co/cali/propacifico-activa-campana-de-solidaridad-para-atender-a-damnificados-por-el-terremoto-1129.html",
          "fecha_publicacion": "2026-08-11"
        },
        "fecha_verificacion": "2026-08-13",
        "capacidad": null,
        "ocupacion": null,
        "admite_mascotas": null,
        "servicios": [],
        "requisitos_ingreso": null,
        "es_alerta": false
      }
    },
    {
      "type": "Feature",
      "geometry": {
        "type": "Point",
        "coordinates": [
          -76.515825,
          3.5150847
        ]
      },
      "properties": {
        "id": "yumbo-punto-de-acopio-un-solo-corazon-cali-yumbo",
        "nombre": "Punto de acopio 'Un solo corazón' Cali-Yumbo",
        "tipo": "acopio",
        "rol": "punto_donacion",
        "municipio": "Yumbo",
        "departamento": "Valle del Cauca",
        "direccion": "Carrera 30 #10-90 (Cali) y Arroyohondo, Yumbo",
        "geocode_query": "Carrera 30 #10-90 (Cali) y Arroyohondo, Yumbo, Yumbo, Valle del Cauca, Colombia",
        "precision_ubicacion": "exacta",
        "nota_ubicacion": null,
        "horario": null,
        "telefono": "316 791 2163",
        "responsable": "Iniciativa nacional de la Primera Dama Ana Lucía Pineda",
        "verificado": false,
        "nivel_verificacion": "prensa",
        "vigente": true,
        "alerta": null,
        "necesidades": {
          "alimentos_no_perecederos": "urgente",
          "agua": "necesita",
          "aseo_personal": "necesita",
          "medicamentos": "urgente",
          "alimento_mascotas": "urgente"
        },
        "no_recibe": [],
        "sangre": null,
        "notas": "Parte de la red de más de 30 puntos anunciada a nivel nacional; recibe alimentos, medicamentos e insumos para mascotas.",
        "fuente": {
          "nombre": "Infobae Colombia",
          "url": "https://www.infobae.com/colombia/2026/08/11/tras-el-fuerte-terremoto-en-colombia-la-primera-dama-ana-lucia-pineda-anuncio-puntos-de-acopio-de-ayudas-humanitarias-un-solo-corazon/",
          "fecha_publicacion": "2026-08-11"
        },
        "fecha_verificacion": "2026-08-13",
        "capacidad": null,
        "ocupacion": null,
        "admite_mascotas": null,
        "servicios": [],
        "requisitos_ingreso": null,
        "es_alerta": false
      }
    },
    {
      "type": "Feature",
      "geometry": {
        "type": "Point",
        "coordinates": [
          -76.6096921,
          2.4440678
        ]
      },
      "properties": {
        "id": "popayan-jornada-solidaria-en-comunidad-podemos-ayudar-casa-de-la-moned",
        "nombre": "Jornada solidaria 'En comunidad podemos ayudar' - Casa de la Moneda de Popayán",
        "tipo": "acopio",
        "rol": "ambos",
        "municipio": "Popayán",
        "departamento": "Cauca",
        "direccion": "Casa de la Moneda, Popayán (dirección exacta no publicada)",
        "geocode_query": "Casa de la Moneda, Popayán (dirección exacta no publicada), Popayán, Cauca, Colombia",
        "precision_ubicacion": "exacta",
        "nota_ubicacion": null,
        "horario": "Desde las 9:00 a.m.; jornada del 11 al 15 de agosto de 2026",
        "telefono": "01 8000 919748 (línea anticorrupción departamental); contactenos@cauca.gov.co",
        "responsable": "Gobernación del Cauca - gobernador Jorge Octavio Guzmán Gutiérrez; María Victoria Guzmán Vargas (gestora social del Cauca)",
        "verificado": true,
        "nivel_verificacion": "institucional",
        "vigente": true,
        "alerta": null,
        "necesidades": {
          "agua": "urgente",
          "alimentos_no_perecederos": "urgente",
          "aseo_personal": "urgente",
          "panales_formula": "necesita",
          "medicamentos": "urgente",
          "colchonetas_cobijas": "necesita",
          "ropa_calzado": "necesita",
          "herramientas": "necesita",
          "alimento_mascotas": "necesita",
          "otros": "necesita"
        },
        "no_recibe": [],
        "sangre": null,
        "notas": "Recibe alimentos no perecederos, agua potable, víveres, productos de higiene, pañales, cobijas, colchonetas, ropa en buen estado, kits médicos, insumos de primeros auxilios, guantes, baldes, herramientas y alimento para mascotas. La Gobernación reporta 33 municipios del Cauca con afectación por el sismo, sin víctimas mortales. No se publicó lista de artículos NO aceptados.",
        "fuente": {
          "nombre": "Gobernación del Cauca",
          "url": "https://www.cauca.gov.co/Prensa/SaladePrensa/Paginas/Cauca-se-une-en-solidaridad-inicia-jornada-de-donaciones-para-apoyar-a-las-familias-afectadas-por-el-terremoto.aspx",
          "fecha_publicacion": "2026-08-11"
        },
        "fecha_verificacion": "2026-08-13",
        "capacidad": null,
        "ocupacion": null,
        "admite_mascotas": null,
        "servicios": [],
        "requisitos_ingreso": null,
        "es_alerta": false
      }
    },
    {
      "type": "Feature",
      "geometry": {
        "type": "Point",
        "coordinates": [
          -77.2782704,
          1.2147108
        ]
      },
      "properties": {
        "id": "pasto-centro-de-acopio-plaza-de-narino",
        "nombre": "Centro de acopio Plaza de Nariño",
        "tipo": "acopio",
        "rol": "punto_donacion",
        "municipio": "Pasto",
        "departamento": "Nariño",
        "direccion": "Plaza de Nariño, Pasto",
        "geocode_query": "Plaza de Nariño, Pasto, Pasto, Nariño, Colombia",
        "precision_ubicacion": "exacta",
        "nota_ubicacion": null,
        "horario": "9:00 a.m. a 6:00 p.m., hasta el 14 de agosto de 2026",
        "telefono": null,
        "responsable": "Alcaldía de Pasto - alcalde Nicolás Toro Muñoz",
        "verificado": false,
        "nivel_verificacion": "prensa",
        "vigente": true,
        "alerta": null,
        "necesidades": {
          "agua": "urgente",
          "alimentos_no_perecederos": "urgente",
          "aseo_personal": "urgente",
          "otros": "necesita"
        },
        "no_recibe": [],
        "sangre": null,
        "notas": "Recibe alimentos no perecederos, agua potable, productos de aseo personal, elementos de higiene y demás insumos de primera necesidad. No se publicó lista de artículos NO aceptados.",
        "fuente": {
          "nombre": "HSB Noticias",
          "url": "https://www.hsbnoticias.com/pasto-habilita-centro-de-acopio-para-apoyar-a-damnificados-por-el-terremoto/",
          "fecha_publicacion": "2026-08-12"
        },
        "fecha_verificacion": "2026-08-13",
        "capacidad": null,
        "ocupacion": null,
        "admite_mascotas": null,
        "servicios": [],
        "requisitos_ingreso": null,
        "es_alerta": false
      }
    },
    {
      "type": "Feature",
      "geometry": {
        "type": "Point",
        "coordinates": [
          -77.280799,
          1.216559
        ]
      },
      "properties": {
        "id": "pasto-punto-de-acopio-un-solo-corazon-pasto-antiguo-pre-icfes-montilla",
        "nombre": "Punto de acopio 'Un solo corazón' Pasto - antiguo Pre-ICFES Montilla",
        "tipo": "acopio",
        "rol": "punto_donacion",
        "municipio": "Pasto",
        "departamento": "Nariño",
        "direccion": "Calle 17 #27-59, antiguo Pre-ICFES Montilla, barrio Centro, Pasto",
        "geocode_query": "Calle 17 #27-59, antiguo Pre-ICFES Montilla, barrio Centro, Pasto, Pasto, Nariño, Colombia",
        "precision_ubicacion": "exacta",
        "nota_ubicacion": null,
        "horario": null,
        "telefono": "+57 320 688 6196",
        "responsable": "Sandra Montenegro (coordinadora)",
        "verificado": false,
        "nivel_verificacion": "prensa",
        "vigente": true,
        "alerta": null,
        "necesidades": {
          "agua": "necesita",
          "alimentos_no_perecederos": "urgente",
          "aseo_personal": "necesita",
          "medicamentos": "urgente",
          "alimento_mascotas": "urgente"
        },
        "no_recibe": [],
        "sangre": null,
        "notas": "Parte de la red nacional de más de 30 puntos anunciada por la Primera Dama.",
        "fuente": {
          "nombre": "Infobae Colombia",
          "url": "https://www.infobae.com/colombia/2026/08/11/tras-el-fuerte-terremoto-en-colombia-la-primera-dama-ana-lucia-pineda-anuncio-puntos-de-acopio-de-ayudas-humanitarias-un-solo-corazon/",
          "fecha_publicacion": "2026-08-11"
        },
        "fecha_verificacion": "2026-08-13",
        "capacidad": null,
        "ocupacion": null,
        "admite_mascotas": null,
        "servicios": [],
        "requisitos_ingreso": null,
        "es_alerta": false
      }
    },
    {
      "type": "Feature",
      "geometry": {
        "type": "Point",
        "coordinates": [
          -75.2895149,
          2.9270407
        ]
      },
      "properties": {
        "id": "neiva-jornada-de-recoleccion-el-huila-grande-se-une-plaza-de-banderas-",
        "nombre": "Jornada de recolección 'El Huila Grande se une' - Plaza de Banderas y Gobernación del Huila",
        "tipo": "recoleccion",
        "rol": "punto_donacion",
        "municipio": "Neiva",
        "departamento": "Huila",
        "direccion": "Plaza de Banderas y primer piso de la Gobernación del Huila, Neiva",
        "geocode_query": "Plaza de Banderas y primer piso de la Gobernación del Huila, Neiva, Neiva, Huila, Colombia",
        "precision_ubicacion": "exacta",
        "nota_ubicacion": null,
        "horario": "Durante toda la semana, con intensificación el jueves 13 y viernes 14 de agosto de 2026. Gobernación: 8:00 a.m. a 5:00 p.m.",
        "telefono": null,
        "responsable": "Gobernación del Huila",
        "verificado": true,
        "nivel_verificacion": "institucional",
        "vigente": true,
        "alerta": null,
        "necesidades": {
          "alimentos_no_perecederos": "urgente",
          "aseo_personal": "urgente",
          "colchonetas_cobijas": "necesita",
          "otros": "necesita"
        },
        "no_recibe": [],
        "sangre": null,
        "notas": "Recibe alimentos no perecederos, productos de aseo personal y elementos de hábitat/primera necesidad. No se publicó lista de artículos NO aceptados ni teléfonos.",
        "fuente": {
          "nombre": "Gobernación del Huila",
          "url": "https://www.huila.gov.co/publicaciones/17192/el-huila-grande-se-une-para-ayudar-a-las-familias-afectadas-por-el-terremoto/",
          "fecha_publicacion": "2026-08-12"
        },
        "fecha_verificacion": "2026-08-13",
        "capacidad": null,
        "ocupacion": null,
        "admite_mascotas": null,
        "servicios": [],
        "requisitos_ingreso": null,
        "es_alerta": false
      }
    },
    {
      "type": "Feature",
      "geometry": {
        "type": "Point",
        "coordinates": [
          -75.2879806,
          2.9328559
        ]
      },
      "properties": {
        "id": "neiva-oficina-de-gestion-del-riesgo-de-neiva-sede-cuerpo-oficial-de-bo",
        "nombre": "Oficina de Gestión del Riesgo de Neiva (sede Cuerpo Oficial de Bomberos)",
        "tipo": "recoleccion",
        "rol": "punto_donacion",
        "municipio": "Neiva",
        "departamento": "Huila",
        "direccion": "Barrio Quirinal, sede del Cuerpo Oficial de Bomberos de Neiva",
        "geocode_query": "Barrio Quirinal, sede del Cuerpo Oficial de Bomberos de Neiva, Neiva, Huila, Colombia",
        "precision_ubicacion": "exacta",
        "nota_ubicacion": null,
        "horario": "7:00 a.m. a 8:00 p.m., días 12, 14, 17 y 21 de agosto de 2026",
        "telefono": null,
        "responsable": "María Juliana Parra (gestora social de Neiva)",
        "verificado": false,
        "nivel_verificacion": "prensa",
        "vigente": true,
        "alerta": null,
        "necesidades": {
          "alimentos_no_perecederos": "urgente",
          "aseo_personal": "urgente",
          "otros": "necesita"
        },
        "no_recibe": [],
        "sangre": null,
        "notas": "Recibe alimentos no perecederos, elementos de aseo y productos de primera necesidad.",
        "fuente": {
          "nombre": "Alerta Huila",
          "url": "https://amp.alerta.com.co/quejodromo/neiva-habilita-6-puntos-para-recibir-ayudas-tras-sismo-248374",
          "fecha_publicacion": "2026-08-12"
        },
        "fecha_verificacion": "2026-08-13",
        "capacidad": null,
        "ocupacion": null,
        "admite_mascotas": null,
        "servicios": [],
        "requisitos_ingreso": null,
        "es_alerta": false
      }
    },
    {
      "type": "Feature",
      "geometry": {
        "type": "Point",
        "coordinates": [
          -75.2947615,
          2.9306235
        ]
      },
      "properties": {
        "id": "neiva-concejo-de-neiva",
        "nombre": "Concejo de Neiva",
        "tipo": "recoleccion",
        "rol": "punto_donacion",
        "municipio": "Neiva",
        "departamento": "Huila",
        "direccion": null,
        "geocode_query": "Concejo de Neiva, Neiva, Huila, Colombia",
        "precision_ubicacion": "exacta",
        "nota_ubicacion": null,
        "horario": "Lunes a viernes, 8:00 a.m.-12:00 p.m. y 2:00-5:00 p.m.",
        "telefono": null,
        "responsable": "Concejo Municipal de Neiva",
        "verificado": false,
        "nivel_verificacion": "prensa",
        "vigente": true,
        "alerta": null,
        "necesidades": {
          "alimentos_no_perecederos": "urgente",
          "aseo_personal": "urgente",
          "otros": "necesita"
        },
        "no_recibe": [],
        "sangre": null,
        "notas": null,
        "fuente": {
          "nombre": "Alerta Huila",
          "url": "https://amp.alerta.com.co/quejodromo/neiva-habilita-6-puntos-para-recibir-ayudas-tras-sismo-248374",
          "fecha_publicacion": "2026-08-12"
        },
        "fecha_verificacion": "2026-08-13",
        "capacidad": null,
        "ocupacion": null,
        "admite_mascotas": null,
        "servicios": [],
        "requisitos_ingreso": null,
        "es_alerta": false
      }
    },
    {
      "type": "Feature",
      "geometry": {
        "type": "Point",
        "coordinates": [
          -75.2895864,
          2.9293422
        ]
      },
      "properties": {
        "id": "neiva-camara-de-comercio-de-neiva-sede-centro",
        "nombre": "Cámara de Comercio de Neiva - Sede Centro",
        "tipo": "recoleccion",
        "rol": "punto_donacion",
        "municipio": "Neiva",
        "departamento": "Huila",
        "direccion": "Carrera 5 N.° 10-38, piso 3, Neiva",
        "geocode_query": "Carrera 5 N.° 10-38, piso 3, Neiva, Neiva, Huila, Colombia",
        "precision_ubicacion": "exacta",
        "nota_ubicacion": null,
        "horario": "8:00 a.m. a 5:00 p.m.",
        "telefono": null,
        "responsable": "Cámara de Comercio de Neiva",
        "verificado": false,
        "nivel_verificacion": "prensa",
        "vigente": true,
        "alerta": null,
        "necesidades": {
          "alimentos_no_perecederos": "urgente",
          "aseo_personal": "urgente"
        },
        "no_recibe": [],
        "sangre": null,
        "notas": null,
        "fuente": {
          "nombre": "Alerta Huila",
          "url": "https://amp.alerta.com.co/quejodromo/neiva-habilita-6-puntos-para-recibir-ayudas-tras-sismo-248374",
          "fecha_publicacion": "2026-08-12"
        },
        "fecha_verificacion": "2026-08-13",
        "capacidad": null,
        "ocupacion": null,
        "admite_mascotas": null,
        "servicios": [],
        "requisitos_ingreso": null,
        "es_alerta": false
      }
    },
    {
      "type": "Feature",
      "geometry": {
        "type": "Point",
        "coordinates": [
          -75.2719228,
          2.9085779
        ]
      },
      "properties": {
        "id": "neiva-camara-de-comercio-de-neiva-sede-sur",
        "nombre": "Cámara de Comercio de Neiva - Sede Sur",
        "tipo": "recoleccion",
        "rol": "punto_donacion",
        "municipio": "Neiva",
        "departamento": "Huila",
        "direccion": "Centro Empresarial Huila, Calle 21 Sur N.° 25-41, Neiva",
        "geocode_query": "Centro Empresarial Huila, Calle 21 Sur N.° 25-41, Neiva, Neiva, Huila, Colombia",
        "precision_ubicacion": "exacta",
        "nota_ubicacion": null,
        "horario": "8:00 a.m. a 5:00 p.m.",
        "telefono": null,
        "responsable": "Cámara de Comercio de Neiva",
        "verificado": false,
        "nivel_verificacion": "prensa",
        "vigente": true,
        "alerta": null,
        "necesidades": {
          "alimentos_no_perecederos": "urgente",
          "aseo_personal": "urgente"
        },
        "no_recibe": [],
        "sangre": null,
        "notas": null,
        "fuente": {
          "nombre": "Alerta Huila",
          "url": "https://amp.alerta.com.co/quejodromo/neiva-habilita-6-puntos-para-recibir-ayudas-tras-sismo-248374",
          "fecha_publicacion": "2026-08-12"
        },
        "fecha_verificacion": "2026-08-13",
        "capacidad": null,
        "ocupacion": null,
        "admite_mascotas": null,
        "servicios": [],
        "requisitos_ingreso": null,
        "es_alerta": false
      }
    },
    {
      "type": "Feature",
      "geometry": {
        "type": "Point",
        "coordinates": [
          -75.2897393,
          2.9301075
        ]
      },
      "properties": {
        "id": "neiva-comfamiliar-huila",
        "nombre": "Comfamiliar Huila",
        "tipo": "recoleccion",
        "rol": "punto_donacion",
        "municipio": "Neiva",
        "departamento": "Huila",
        "direccion": "Calle 11 N.° 5-63, Neiva",
        "geocode_query": "Calle 11 N.° 5-63, Neiva, Neiva, Huila, Colombia",
        "precision_ubicacion": "exacta",
        "nota_ubicacion": null,
        "horario": "7:00 a.m. a 5:00 p.m.",
        "telefono": null,
        "responsable": "Comfamiliar Huila",
        "verificado": false,
        "nivel_verificacion": "prensa",
        "vigente": true,
        "alerta": null,
        "necesidades": {
          "alimentos_no_perecederos": "urgente",
          "aseo_personal": "urgente"
        },
        "no_recibe": [],
        "sangre": null,
        "notas": null,
        "fuente": {
          "nombre": "Alerta Huila",
          "url": "https://amp.alerta.com.co/quejodromo/neiva-habilita-6-puntos-para-recibir-ayudas-tras-sismo-248374",
          "fecha_publicacion": "2026-08-12"
        },
        "fecha_verificacion": "2026-08-13",
        "capacidad": null,
        "ocupacion": null,
        "admite_mascotas": null,
        "servicios": [],
        "requisitos_ingreso": null,
        "es_alerta": false
      }
    },
    {
      "type": "Feature",
      "geometry": {
        "type": "Point",
        "coordinates": [
          -75.2888757,
          2.9300581
        ]
      },
      "properties": {
        "id": "neiva-casa-momentos",
        "nombre": "Casa Momentos",
        "tipo": "recoleccion",
        "rol": "punto_donacion",
        "municipio": "Neiva",
        "departamento": "Huila",
        "direccion": "Carrera 5A N.° 17-07, Neiva",
        "geocode_query": "Carrera 5A N.° 17-07, Neiva, Neiva, Huila, Colombia",
        "precision_ubicacion": "aproximada",
        "nota_ubicacion": "Ubicación a nivel de barrio, sector o cabecera municipal. Afinar a mano si es posible.",
        "horario": "10:00 a.m. a 8:00 p.m.",
        "telefono": null,
        "responsable": null,
        "verificado": false,
        "nivel_verificacion": "prensa",
        "vigente": true,
        "alerta": null,
        "necesidades": {
          "alimentos_no_perecederos": "urgente",
          "aseo_personal": "urgente"
        },
        "no_recibe": [],
        "sangre": null,
        "notas": null,
        "fuente": {
          "nombre": "Alerta Huila",
          "url": "https://amp.alerta.com.co/quejodromo/neiva-habilita-6-puntos-para-recibir-ayudas-tras-sismo-248374",
          "fecha_publicacion": "2026-08-12"
        },
        "fecha_verificacion": "2026-08-13",
        "capacidad": null,
        "ocupacion": null,
        "admite_mascotas": null,
        "servicios": [],
        "requisitos_ingreso": null,
        "es_alerta": false
      }
    },
    {
      "type": "Feature",
      "geometry": {
        "type": "Point",
        "coordinates": [
          -75.293392,
          2.9618835
        ]
      },
      "properties": {
        "id": "neiva-puntos-de-informacion-centro-comercial-unico-y-santa-lucia-plaza",
        "nombre": "Puntos de información Centro Comercial Único y Santa Lucía Plaza",
        "tipo": "recoleccion",
        "rol": "punto_donacion",
        "municipio": "Neiva",
        "departamento": "Huila",
        "direccion": "Centro Comercial Único y Santa Lucía Plaza, Neiva",
        "geocode_query": "Centro Comercial Único y Santa Lucía Plaza, Neiva, Neiva, Huila, Colombia",
        "precision_ubicacion": "exacta",
        "nota_ubicacion": null,
        "horario": "10:00 a.m. a 8:00 p.m.",
        "telefono": null,
        "responsable": null,
        "verificado": false,
        "nivel_verificacion": "prensa",
        "vigente": true,
        "alerta": null,
        "necesidades": {
          "alimentos_no_perecederos": "urgente",
          "aseo_personal": "urgente"
        },
        "no_recibe": [],
        "sangre": null,
        "notas": "Funcionan como puntos de información y recepción de ayudas.",
        "fuente": {
          "nombre": "Alerta Huila",
          "url": "https://amp.alerta.com.co/quejodromo/neiva-habilita-6-puntos-para-recibir-ayudas-tras-sismo-248374",
          "fecha_publicacion": "2026-08-12"
        },
        "fecha_verificacion": "2026-08-13",
        "capacidad": null,
        "ocupacion": null,
        "admite_mascotas": null,
        "servicios": [],
        "requisitos_ingreso": null,
        "es_alerta": false
      }
    },
    {
      "type": "Feature",
      "geometry": {
        "type": "Point",
        "coordinates": [
          -75.281082,
          2.9323368
        ]
      },
      "properties": {
        "id": "neiva-donacion-de-sangre-hospital-universitario-hernando-moncaleano-pe",
        "nombre": "Donación de sangre - Hospital Universitario Hernando Moncaleano Perdomo",
        "tipo": "sangre",
        "rol": "punto_donacion",
        "municipio": "Neiva",
        "departamento": "Huila",
        "direccion": "Calle 9 N.° 15-25, Neiva",
        "geocode_query": "Calle 9 N.° 15-25, Neiva, Neiva, Huila, Colombia",
        "precision_ubicacion": "exacta",
        "nota_ubicacion": null,
        "horario": "7:00 a.m. a 6:00 p.m., lunes a domingo",
        "telefono": null,
        "responsable": "Hospital Universitario Hernando Moncaleano Perdomo",
        "verificado": false,
        "nivel_verificacion": "prensa",
        "vigente": true,
        "alerta": null,
        "necesidades": {
          "otros": "urgente"
        },
        "no_recibe": [],
        "sangre": null,
        "notas": "Se requieren especialmente O positivo, O negativo, grupo B y todos los grupos negativos. Requisitos: 18 a 65 años, peso mínimo 50 kg, no estar enfermo, no ir en ayunas.",
        "fuente": {
          "nombre": "Alerta Huila",
          "url": "https://amp.alerta.com.co/quejodromo/neiva-habilita-6-puntos-para-recibir-ayudas-tras-sismo-248374",
          "fecha_publicacion": "2026-08-12"
        },
        "fecha_verificacion": "2026-08-13",
        "capacidad": null,
        "ocupacion": null,
        "admite_mascotas": null,
        "servicios": [],
        "requisitos_ingreso": null,
        "es_alerta": false
      }
    },
    {
      "type": "Feature",
      "geometry": {
        "type": "Point",
        "coordinates": [
          -73.5468645,
          4.1296553
        ]
      },
      "properties": {
        "id": "villavicencio-campana-colombia-somos-todos-8-puntos-de-recoleccion-de-",
        "nombre": "Campaña 'Colombia Somos Todos' - 8 puntos de recolección de Villavicencio",
        "tipo": "recoleccion",
        "rol": "punto_donacion",
        "municipio": "Villavicencio",
        "departamento": "Meta",
        "direccion": "Complejo Deportivo de La Reliquia; Casa de Justicia Ciudad Porfía; Centro Integrado de la Mujer; Centro Comercial Viva; Centro Empresarial Potenza; Casa Comunal 12 de Octubre; Alcaldía de Villavicencio; Centro Comercial Único",
        "geocode_query": "Complejo Deportivo de La Reliquia; Casa de Justicia Ciudad Porfía; Centro Integrado de la Mujer; Centro Comercial Viva; Centro Empresarial Potenza; Casa Comunal 12 de Octubre; Alcaldía de Villavicencio; Centro Comercial Único, Villavicencio, Meta, Colombia",
        "precision_ubicacion": "exacta",
        "nota_ubicacion": null,
        "horario": null,
        "telefono": null,
        "responsable": "Alcaldía de Villavicencio",
        "verificado": false,
        "nivel_verificacion": "prensa",
        "vigente": true,
        "alerta": null,
        "necesidades": {
          "agua": "urgente",
          "alimentos_no_perecederos": "urgente",
          "aseo_personal": "necesita",
          "medicamentos": "necesita",
          "otros": "necesita"
        },
        "no_recibe": [],
        "sangre": null,
        "notas": "Ocho puntos habilitados. La nota no publica direcciones exactas, horarios ni teléfonos por punto.",
        "fuente": {
          "nombre": "Vive El Meta",
          "url": "https://www.viveelmeta.com/gobiernos-de-villavicencio-y-el-meta-lideran-recoleccion-de-ayudas-para-afectados-por-el-terremoto-51574/",
          "fecha_publicacion": "2026-08-12"
        },
        "fecha_verificacion": "2026-08-13",
        "capacidad": null,
        "ocupacion": null,
        "admite_mascotas": null,
        "servicios": [],
        "requisitos_ingreso": null,
        "es_alerta": false
      }
    },
    {
      "type": "Feature",
      "geometry": {
        "type": "Point",
        "coordinates": [
          -73.634959,
          4.1475324
        ]
      },
      "properties": {
        "id": "villavicencio-campana-joropo-con-corazon-coliseo-alvaro-mesa-amaya-y-j",
        "nombre": "Campaña 'Joropo con Corazón' - Coliseo Álvaro Mesa Amaya y Joropódromo",
        "tipo": "recoleccion",
        "rol": "punto_donacion",
        "municipio": "Villavicencio",
        "departamento": "Meta",
        "direccion": "Coliseo Álvaro Mesa Amaya (centro principal de acopio) y Joropódromo, Villavicencio",
        "geocode_query": "Coliseo Álvaro Mesa Amaya (centro principal de acopio) y Joropódromo, Villavicencio, Villavicencio, Meta, Colombia",
        "precision_ubicacion": "exacta",
        "nota_ubicacion": null,
        "horario": "Joropódromo: durante el 58° Torneo Internacional del Joropo, 13 al 16 de agosto de 2026",
        "telefono": null,
        "responsable": "Gobernación del Meta",
        "verificado": false,
        "nivel_verificacion": "prensa",
        "vigente": true,
        "alerta": null,
        "necesidades": {
          "agua": "urgente",
          "alimentos_no_perecederos": "urgente",
          "aseo_personal": "necesita",
          "medicamentos": "necesita",
          "otros": "necesita"
        },
        "no_recibe": [],
        "sangre": null,
        "notas": "Se reciben alimentos, agua e insumos de primera necesidad y primeros auxilios.",
        "fuente": {
          "nombre": "Vive El Meta",
          "url": "https://www.viveelmeta.com/gobiernos-de-villavicencio-y-el-meta-lideran-recoleccion-de-ayudas-para-afectados-por-el-terremoto-51574/",
          "fecha_publicacion": "2026-08-12"
        },
        "fecha_verificacion": "2026-08-13",
        "capacidad": null,
        "ocupacion": null,
        "admite_mascotas": null,
        "servicios": [],
        "requisitos_ingreso": null,
        "es_alerta": false
      }
    },
    {
      "type": "Feature",
      "geometry": {
        "type": "Point",
        "coordinates": [
          -73.6364201,
          4.1537934
        ]
      },
      "properties": {
        "id": "villavicencio-donacion-de-sangre-cruz-roja-villavicencio",
        "nombre": "Donación de sangre - Cruz Roja Villavicencio",
        "tipo": "sangre",
        "rol": "punto_donacion",
        "municipio": "Villavicencio",
        "departamento": "Meta",
        "direccion": "Carrera 30 #39-30, Villavicencio",
        "geocode_query": "Carrera 30 #39-30, Villavicencio, Villavicencio, Meta, Colombia",
        "precision_ubicacion": "exacta",
        "nota_ubicacion": null,
        "horario": null,
        "telefono": null,
        "responsable": "Cruz Roja Colombiana / Banco Nacional de Sangre",
        "verificado": false,
        "nivel_verificacion": "prensa",
        "vigente": true,
        "alerta": null,
        "necesidades": {
          "otros": "urgente"
        },
        "no_recibe": [],
        "sangre": null,
        "notas": "Punto de donación de sangre activado por la red nacional tras el terremoto.",
        "fuente": {
          "nombre": "CW Más",
          "url": "https://cwmas.com.co/suroccidente/cali/2026/08/11/donde-donar-sangre-en-cali-tras-terremoto-conozca-puntos-habilitados/",
          "fecha_publicacion": "2026-08-11"
        },
        "fecha_verificacion": "2026-08-13",
        "capacidad": null,
        "ocupacion": null,
        "admite_mascotas": null,
        "servicios": [],
        "requisitos_ingreso": null,
        "es_alerta": false
      }
    },
    {
      "type": "Feature",
      "geometry": {
        "type": "Point",
        "coordinates": [
          -73.759863,
          3.987533
        ]
      },
      "properties": {
        "id": "acacias-punto-de-acopio-un-solo-corazon-acacias",
        "nombre": "Punto de acopio 'Un solo corazón' Acacías",
        "tipo": "acopio",
        "rol": "punto_donacion",
        "municipio": "Acacías",
        "departamento": "Meta",
        "direccion": "Calle 15 #16-43, frente al Banco de Occidente, barrio Centro, Acacías",
        "geocode_query": "Calle 15 #16-43, frente al Banco de Occidente, barrio Centro, Acacías, Acacías, Meta, Colombia",
        "precision_ubicacion": "exacta",
        "nota_ubicacion": null,
        "horario": null,
        "telefono": "314 242 6083",
        "responsable": null,
        "verificado": false,
        "nivel_verificacion": "prensa",
        "vigente": true,
        "alerta": null,
        "necesidades": {
          "alimentos_no_perecederos": "urgente",
          "agua": "necesita",
          "aseo_personal": "necesita",
          "medicamentos": "urgente",
          "alimento_mascotas": "urgente"
        },
        "no_recibe": [],
        "sangre": null,
        "notas": "Existe también un punto en Granada (Meta), sin dirección publicada.",
        "fuente": {
          "nombre": "Infobae Colombia",
          "url": "https://www.infobae.com/colombia/2026/08/11/tras-el-fuerte-terremoto-en-colombia-la-primera-dama-ana-lucia-pineda-anuncio-puntos-de-acopio-de-ayudas-humanitarias-un-solo-corazon/",
          "fecha_publicacion": "2026-08-11"
        },
        "fecha_verificacion": "2026-08-13",
        "capacidad": null,
        "ocupacion": null,
        "admite_mascotas": null,
        "servicios": [],
        "requisitos_ingreso": null,
        "es_alerta": false
      }
    },
    {
      "type": "Feature",
      "geometry": {
        "type": "Point",
        "coordinates": [
          -75.6042364,
          1.6153858
        ]
      },
      "properties": {
        "id": "florencia-punto-de-acopio-un-solo-corazon-florencia",
        "nombre": "Punto de acopio 'Un solo corazón' Florencia",
        "tipo": "acopio",
        "rol": "punto_donacion",
        "municipio": "Florencia",
        "departamento": "Caquetá",
        "direccion": "Carrera 10A #7-04, barrio Avenidas, Florencia",
        "geocode_query": "Carrera 10A #7-04, barrio Avenidas, Florencia, Florencia, Caquetá, Colombia",
        "precision_ubicacion": "exacta",
        "nota_ubicacion": null,
        "horario": null,
        "telefono": "317 887 1620",
        "responsable": "Marisol Arciniegas (coordinadora)",
        "verificado": false,
        "nivel_verificacion": "prensa",
        "vigente": true,
        "alerta": null,
        "necesidades": {
          "alimentos_no_perecederos": "urgente",
          "agua": "necesita",
          "aseo_personal": "necesita",
          "medicamentos": "urgente",
          "alimento_mascotas": "urgente"
        },
        "no_recibe": [],
        "sangre": null,
        "notas": "Infobae reporta dos sitios en Florencia coordinados por Marisol Arciniegas; solo se publicó una dirección.",
        "fuente": {
          "nombre": "Infobae Colombia",
          "url": "https://www.infobae.com/colombia/2026/08/11/tras-el-fuerte-terremoto-en-colombia-la-primera-dama-ana-lucia-pineda-anuncio-puntos-de-acopio-de-ayudas-humanitarias-un-solo-corazon/",
          "fecha_publicacion": "2026-08-11"
        },
        "fecha_verificacion": "2026-08-13",
        "capacidad": null,
        "ocupacion": null,
        "admite_mascotas": null,
        "servicios": [],
        "requisitos_ingreso": null,
        "es_alerta": false
      }
    },
    {
      "type": "Feature",
      "geometry": {
        "type": "Point",
        "coordinates": [
          -76.6468979,
          1.147541
        ]
      },
      "properties": {
        "id": "mocoa-punto-de-acopio-un-solo-corazon-mocoa-froyan-cafe",
        "nombre": "Punto de acopio 'Un solo corazón' Mocoa - Froyán Café",
        "tipo": "acopio",
        "rol": "punto_donacion",
        "municipio": "Mocoa",
        "departamento": "Putumayo",
        "direccion": "Calle 9 #6-14, local 109, Froyán Café, Mocoa",
        "geocode_query": "Calle 9 #6-14, local 109, Froyán Café, Mocoa, Mocoa, Putumayo, Colombia",
        "precision_ubicacion": "exacta",
        "nota_ubicacion": null,
        "horario": null,
        "telefono": null,
        "responsable": "Carolina Ordóñez y Stepany Pazú (coordinadoras)",
        "verificado": false,
        "nivel_verificacion": "prensa",
        "vigente": true,
        "alerta": null,
        "necesidades": {
          "alimentos_no_perecederos": "urgente",
          "agua": "necesita",
          "aseo_personal": "necesita",
          "medicamentos": "urgente",
          "alimento_mascotas": "urgente"
        },
        "no_recibe": [],
        "sangre": null,
        "notas": "No se publicó teléfono ni horario.",
        "fuente": {
          "nombre": "Infobae Colombia",
          "url": "https://www.infobae.com/colombia/2026/08/12/la-primera-dama-ana-lucia-pineda-revelo-los-30-puntos-donde-reciben-donaciones-para-los-afectados-por-el-terremoto-en-colombia/?outputType=amp-type",
          "fecha_publicacion": "2026-08-12"
        },
        "fecha_verificacion": "2026-08-13",
        "capacidad": null,
        "ocupacion": null,
        "admite_mascotas": null,
        "servicios": [],
        "requisitos_ingreso": null,
        "es_alerta": false
      }
    },
    {
      "type": "Feature",
      "geometry": {
        "type": "Point",
        "coordinates": [
          -76.5092361,
          3.4120245
        ]
      },
      "properties": {
        "id": "cali-camara-de-comercio-de-cali-campana-de-donacion-y-puente-aereo-hum",
        "nombre": "Cámara de Comercio de Cali - campaña de donación y puente aéreo humanitario a Buenaventura",
        "tipo": "institucion",
        "rol": "punto_donacion",
        "municipio": "Cali",
        "departamento": "Valle del Cauca",
        "direccion": null,
        "geocode_query": "Cámara de Comercio de Cali - campaña de donación y puente aéreo humanitario a Buenaventura, Cali, Valle del Cauca, Colombia",
        "precision_ubicacion": "aproximada",
        "nota_ubicacion": "Ubicación a nivel de barrio, sector o cabecera municipal. Afinar a mano si es posible.",
        "horario": null,
        "telefono": null,
        "responsable": "Cámara de Comercio de Cali",
        "verificado": false,
        "nivel_verificacion": "prensa",
        "vigente": true,
        "alerta": null,
        "necesidades": {
          "otros": "urgente"
        },
        "no_recibe": [],
        "sangre": null,
        "notas": "Donaciones por código QR y llave 890399001; beneficiarios: familias del Pacífico colombiano. Desde el 11 de agosto envió siete vuelos con ayuda humanitaria a Buenaventura. El programa departamental 'Valle Comedores' reporta alimentar 7.000 familias diarias en la zona afectada (gestora social Jimena Toro).",
        "fuente": {
          "nombre": "Semana",
          "url": "https://www.semana.com/nacion/cali/articulo/buenaventura-no-esta-sola-gestora-social-del-valle-acompana-atencion-humanitaria-a-afectados-por-el-terremoto/202621/",
          "fecha_publicacion": "2026-08-13"
        },
        "fecha_verificacion": "2026-08-13",
        "capacidad": null,
        "ocupacion": null,
        "admite_mascotas": null,
        "servicios": [],
        "requisitos_ingreso": null,
        "es_alerta": false
      }
    },
    {
      "type": "Feature",
      "geometry": {
        "type": "Point",
        "coordinates": [
          -75.8303176,
          4.7256836
        ]
      },
      "properties": {
        "id": "la-virginia-centro-de-integracion-ciudadana-albergue-temporal",
        "nombre": "Centro de Integración Ciudadana - albergue temporal",
        "tipo": "albergue",
        "rol": "recibe_damnificados",
        "municipio": "La Virginia",
        "departamento": "Risaralda",
        "direccion": null,
        "geocode_query": "Centro de Integración Ciudadana - albergue temporal, La Virginia, Risaralda, Colombia",
        "precision_ubicacion": "aproximada",
        "nota_ubicacion": "Ubicación a nivel de barrio, sector o cabecera municipal. Afinar a mano si es posible.",
        "horario": null,
        "telefono": null,
        "responsable": "Alcaldía de La Virginia",
        "verificado": false,
        "nivel_verificacion": "prensa",
        "vigente": "desconocido",
        "alerta": null,
        "necesidades": {},
        "no_recibe": [],
        "sangre": null,
        "notas": "La Alcaldía dispuso el Centro de Integración Ciudadana como albergue temporal para familias damnificadas o con viviendas gravemente dañadas. La nota no publica dirección exacta, horario ni teléfono.",
        "fuente": {
          "nombre": "El Diario (Risaralda)",
          "url": "https://www.eldiario.com.co/actualidad/sismo-activa-respuesta-y-restricciones-para-el-eje-cafetero/",
          "fecha_publicacion": "2026-08-11"
        },
        "fecha_verificacion": "2026-08-13",
        "capacidad": null,
        "ocupacion": null,
        "admite_mascotas": null,
        "servicios": [],
        "requisitos_ingreso": null,
        "es_alerta": false
      }
    },
    {
      "type": "Feature",
      "geometry": {
        "type": "Point",
        "coordinates": [
          -75.4577775,
          5.608806
        ]
      },
      "properties": {
        "id": "aguadas-albergue-municipal-de-aguadas-y-refugio-del-corregimiento-de-a",
        "nombre": "Albergue municipal de Aguadas y refugio del corregimiento de Arma",
        "tipo": "albergue",
        "rol": "recibe_damnificados",
        "municipio": "Aguadas",
        "departamento": "Caldas",
        "direccion": null,
        "geocode_query": "Albergue municipal de Aguadas y refugio del corregimiento de Arma, Aguadas, Caldas, Colombia",
        "precision_ubicacion": "aproximada",
        "nota_ubicacion": "Ubicación a nivel de barrio, sector o cabecera municipal. Afinar a mano si es posible.",
        "horario": null,
        "telefono": null,
        "responsable": "Administración Municipal de Aguadas",
        "verificado": false,
        "nivel_verificacion": "prensa",
        "vigente": "desconocido",
        "alerta": null,
        "necesidades": {},
        "no_recibe": [],
        "sangre": null,
        "notas": "200 viviendas afectadas y fisuras de casi 14 cm en el corregimiento de Arma. Las autoridades avanzaban en habilitar un refugio en Arma y el casco urbano tenía un albergue disponible. No se publicaron nombre del inmueble, dirección ni teléfono; muchas familias se alojaron con familiares.",
        "fuente": {
          "nombre": "La Patria",
          "url": "https://www.lapatria.com/caldas/en-aguadas-hay-200-viviendas-afectadas-por-el-terremoto-el-corregimiento-de-arma-tiene",
          "fecha_publicacion": "2026-08-12"
        },
        "fecha_verificacion": "2026-08-13",
        "capacidad": null,
        "ocupacion": null,
        "admite_mascotas": null,
        "servicios": [],
        "requisitos_ingreso": null,
        "es_alerta": false
      }
    },
    {
      "type": "Feature",
      "geometry": {
        "type": "Point",
        "coordinates": [
          -75.7181014,
          4.4273861
        ]
      },
      "properties": {
        "id": "calarca-comite-civico-de-barcelona-corregimiento-de-calarca",
        "nombre": "Comité cívico de Barcelona (corregimiento de Calarcá)",
        "tipo": "institucion",
        "rol": "punto_donacion",
        "municipio": "Calarcá",
        "departamento": "Quindío",
        "direccion": null,
        "geocode_query": "Comité cívico de Barcelona (corregimiento de Calarcá), Calarcá, Quindío, Colombia",
        "precision_ubicacion": "aproximada",
        "nota_ubicacion": "Ubicación a nivel de barrio, sector o cabecera municipal. Afinar a mano si es posible.",
        "horario": null,
        "telefono": null,
        "responsable": "Párroco Jorge Eliécer Aguirre Quintero",
        "verificado": false,
        "nivel_verificacion": "prensa",
        "vigente": "desconocido",
        "alerta": null,
        "necesidades": {},
        "no_recibe": [],
        "sangre": null,
        "notas": "Comité cívico creado en el corregimiento de Barcelona para canalizar ayudas a los afectados. La fuente no especifica ubicación física, horarios ni necesidades. No es un centro de acopio habilitado formalmente por la Alcaldía.",
        "fuente": {
          "nombre": "El Quindiano",
          "url": "https://elquindiano.com/noticia/171592/noticias-del-terremoto/",
          "fecha_publicacion": "2026-08-12"
        },
        "fecha_verificacion": "2026-08-13",
        "capacidad": null,
        "ocupacion": null,
        "admite_mascotas": null,
        "servicios": [],
        "requisitos_ingreso": null,
        "es_alerta": false
      }
    },
    {
      "type": "Feature",
      "geometry": {
        "type": "Point",
        "coordinates": [
          -75.6637201,
          4.8129746
        ]
      },
      "properties": {
        "id": "dosquebradas-albergue-las-violetas",
        "nombre": "Albergue Las Violetas",
        "tipo": "albergue",
        "rol": "recibe_damnificados",
        "municipio": "Dosquebradas",
        "departamento": "Risaralda",
        "direccion": "Comuna 2, sector Frailes",
        "geocode_query": "Comuna 2, sector Frailes, Dosquebradas, Risaralda, Colombia",
        "precision_ubicacion": "exacta",
        "nota_ubicacion": null,
        "horario": null,
        "telefono": null,
        "responsable": "Alcaldía de Dosquebradas - Secretaría de Desarrollo Social",
        "verificado": true,
        "nivel_verificacion": "institucional",
        "vigente": true,
        "alerta": "Requiere censo previo. Registrarse antes en la Alcaldía.",
        "necesidades": {},
        "no_recibe": [],
        "sangre": null,
        "notas": "Prioriza familias con menores de edad. El municipio dispone de 4.000 paquetes alimentarios del PAE para damnificados.",
        "fuente": {
          "nombre": "Alcaldía de Dosquebradas",
          "url": "https://www.dosquebradas.gov.co/web/dosquebradas/ciudad/sala-de-prensa/noticias/303-vigencia-2026/9969-dosquebradas-pone-en-marcha-una-red-social-para-atender-a-las-familias-damnificadas",
          "fecha_publicacion": "2026-08-13"
        },
        "fecha_verificacion": "2026-08-13",
        "capacidad": null,
        "ocupacion": null,
        "admite_mascotas": null,
        "servicios": [
          "alojamiento",
          "colchonetas y cobijas",
          "alimentación",
          "apoyo psicosocial",
          "trabajo social"
        ],
        "requisitos_ingreso": "INGRESO RESTRINGIDO: solo para familias PREVIAMENTE CARACTERIZADAS por la Alcaldía. No se atiende por libre llegada, hay que estar censado.",
        "es_alerta": false
      }
    },
    {
      "type": "Feature",
      "geometry": {
        "type": "Point",
        "coordinates": [
          -75.6924417,
          4.8346856
        ]
      },
      "properties": {
        "id": "dosquebradas-albergue-polideportivo-campestre-b",
        "nombre": "Albergue Polideportivo Campestre B",
        "tipo": "albergue",
        "rol": "recibe_damnificados",
        "municipio": "Dosquebradas",
        "departamento": "Risaralda",
        "direccion": "Polideportivo del barrio Campestre B",
        "geocode_query": "Polideportivo del barrio Campestre B, Dosquebradas, Risaralda, Colombia",
        "precision_ubicacion": "aproximada",
        "nota_ubicacion": "Ubicación a nivel de barrio, sector o cabecera municipal. La fuente no publica la dirección exacta.",
        "horario": null,
        "telefono": null,
        "responsable": "Alcaldía de Dosquebradas - Secretaría de Desarrollo Social",
        "verificado": true,
        "nivel_verificacion": "institucional",
        "vigente": true,
        "alerta": "Requiere censo previo. Registrarse antes en la Alcaldía.",
        "necesidades": {},
        "no_recibe": [],
        "sangre": null,
        "notas": null,
        "fuente": {
          "nombre": "Alcaldía de Dosquebradas",
          "url": "https://www.dosquebradas.gov.co/web/dosquebradas/ciudad/sala-de-prensa/noticias/303-vigencia-2026/9969-dosquebradas-pone-en-marcha-una-red-social-para-atender-a-las-familias-damnificadas",
          "fecha_publicacion": "2026-08-13"
        },
        "fecha_verificacion": "2026-08-13",
        "capacidad": null,
        "ocupacion": null,
        "admite_mascotas": null,
        "servicios": [
          "alojamiento",
          "colchonetas y cobijas",
          "alimentación",
          "apoyo psicosocial",
          "trabajo social"
        ],
        "requisitos_ingreso": "INGRESO RESTRINGIDO: solo familias previamente caracterizadas por la Alcaldía.",
        "es_alerta": false
      }
    },
    {
      "type": "Feature",
      "geometry": {
        "type": "Point",
        "coordinates": [
          -76.5209267,
          3.4474784
        ]
      },
      "properties": {
        "id": "cali-albergue-coliseo-metropolitano-de-chiminangos",
        "nombre": "Albergue Coliseo Metropolitano de Chiminangos",
        "tipo": "albergue",
        "rol": "recibe_damnificados",
        "municipio": "Cali",
        "departamento": "Valle del Cauca",
        "direccion": "Coliseo Metropolitano de Chiminangos",
        "geocode_query": "Coliseo Metropolitano de Chiminangos, Cali, Valle del Cauca, Colombia",
        "precision_ubicacion": "aproximada",
        "nota_ubicacion": "Ubicación a nivel de barrio, sector o cabecera municipal. La fuente no publica la dirección exacta.",
        "horario": null,
        "telefono": null,
        "responsable": "Alcaldía de Cali",
        "verificado": false,
        "nivel_verificacion": "prensa",
        "vigente": true,
        "alerta": null,
        "necesidades": {
          "panales_formula": "necesita",
          "colchonetas_cobijas": "urgente",
          "aseo_personal": "urgente",
          "alimentos_no_perecederos": "urgente",
          "agua": "urgente"
        },
        "no_recibe": [],
        "sangre": null,
        "notas": "Segundo albergue formal de Cali junto con la cancha de hockey Miguel Calero. No confundir con el campamento informal del barrio Chiminangos II.",
        "fuente": {
          "nombre": "El Tiempo",
          "url": "https://www.eltiempo.com/colombia/otras-ciudades/estadios-y-coliseos-los-refugios-de-quienes-lo-perdieron-todo-3578109",
          "fecha_publicacion": "2026-08-13"
        },
        "fecha_verificacion": "2026-08-13",
        "capacidad": "Parte del plan de ampliación de 200 a 2.500 cupos del sistema de albergues de Cali",
        "ocupacion": null,
        "admite_mascotas": null,
        "servicios": [
          "alojamiento",
          "alimentación",
          "apoyo psicosocial",
          "caracterización y censo"
        ],
        "requisitos_ingreso": "Caracterización de la Alcaldía. Detalle no publicado.",
        "es_alerta": false
      }
    },
    {
      "type": "Feature",
      "geometry": {
        "type": "Point",
        "coordinates": [
          -76.4931778,
          3.4781588
        ]
      },
      "properties": {
        "id": "cali-campamento-comunitario-de-chiminangos-ii-albergue-informal",
        "nombre": "Campamento comunitario de Chiminangos II (albergue informal)",
        "tipo": "albergue",
        "rol": "recibe_damnificados",
        "municipio": "Cali",
        "departamento": "Valle del Cauca",
        "direccion": "Espacios comunales del barrio Chiminangos II, nororiente de Cali",
        "geocode_query": "Espacios comunales del barrio Chiminangos II, nororiente de Cali, Cali, Valle del Cauca, Colombia",
        "precision_ubicacion": "aproximada",
        "nota_ubicacion": "Ubicación a nivel de barrio, sector o cabecera municipal. La fuente no publica la dirección exacta.",
        "horario": null,
        "telefono": null,
        "responsable": "Vecinos autoorganizados, sin operador institucional",
        "verificado": false,
        "nivel_verificacion": "prensa",
        "vigente": true,
        "alerta": "NO es albergue oficial. Sin atención institucional al 13 de agosto.",
        "necesidades": {
          "ropa_calzado": "necesita",
          "aseo_personal": "necesita",
          "carpas_plasticos": "urgente",
          "colchonetas_cobijas": "urgente",
          "agua": "urgente",
          "medicamentos": "urgente"
        },
        "no_recibe": [],
        "sangre": null,
        "notas": "Carpas improvisadas con lonas, palos, retazos de tela y bolsas. Alto riesgo por las lluvias anunciadas. Reclaman censo y evaluación de riesgo de sus viviendas.",
        "fuente": {
          "nombre": "Agencia / AlbertoNews",
          "url": "https://albertonews.com/internacionales/la-lluvia-amenaza-los-albergues-improvisados-de-cali-no-tenemos-a-donde-ir/",
          "fecha_publicacion": "2026-08-13"
        },
        "fecha_verificacion": "2026-08-13",
        "capacidad": null,
        "ocupacion": "Cerca de 300 personas al 13 de agosto",
        "admite_mascotas": null,
        "servicios": [
          "olla comunitaria",
          "reparto de ropa",
          "reparto de medicinas"
        ],
        "requisitos_ingreso": "Ninguno: es un asentamiento espontáneo. Los residentes denuncian que a tres días del sismo no habían recibido censo ni visita oficial.",
        "es_alerta": false
      }
    },
    {
      "type": "Feature",
      "geometry": {
        "type": "Point",
        "coordinates": [
          -76.220873,
          4.7626457
        ]
      },
      "properties": {
        "id": "el-cairo-albergue-provisional-en-la-alcaldia-de-el-cairo",
        "nombre": "Albergue provisional en la Alcaldía de El Cairo",
        "tipo": "albergue",
        "rol": "recibe_damnificados",
        "municipio": "El Cairo",
        "departamento": "Valle del Cauca",
        "direccion": "Edificio de la Alcaldía Municipal, costado del parque principal",
        "geocode_query": "Edificio de la Alcaldía Municipal, costado del parque principal, El Cairo, Valle del Cauca, Colombia",
        "precision_ubicacion": "exacta",
        "nota_ubicacion": null,
        "horario": "Permanente",
        "telefono": null,
        "responsable": "Alcaldía de El Cairo, con apoyo de la Gobernación del Valle",
        "verificado": false,
        "nivel_verificacion": "prensa",
        "vigente": true,
        "alerta": null,
        "necesidades": {
          "aseo_personal": "necesita",
          "panales_formula": "necesita",
          "carpas_plasticos": "urgente",
          "colchonetas_cobijas": "urgente",
          "agua": "urgente",
          "alimentos_no_perecederos": "urgente",
          "medicamentos": "urgente",
          "linternas_pilas": "urgente"
        },
        "no_recibe": [],
        "sangre": null,
        "notas": "Se usa por ser una de las pocas edificaciones modernas en pie tras perderse cerca del 80% del casco urbano. El municipio estuvo sin energía ni internet; la olla comunitaria cocina con leña porque se suspendió el gas. El Hospital Santa Catalina opera como sede operativa y punto de recepción de ayudas.",
        "fuente": {
          "nombre": "Semana",
          "url": "https://www.semana.com/nacion/articulo/el-hermoso-pueblo-similar-a-salento-que-quedo-casi-borrado-tras-el-terremoto-semana-llego-hasta-esta-tierra-sin-energia-internet-e-inundada-por-polvo/202608/",
          "fecha_publicacion": "2026-08-13"
        },
        "fecha_verificacion": "2026-08-13",
        "capacidad": null,
        "ocupacion": null,
        "admite_mascotas": null,
        "servicios": [
          "alojamiento",
          "olla comunitaria en la plaza principal"
        ],
        "requisitos_ingreso": null,
        "es_alerta": false
      }
    },
    {
      "type": "Feature",
      "geometry": {
        "type": "Point",
        "coordinates": [
          -76.2216962,
          4.7607704
        ]
      },
      "properties": {
        "id": "el-cairo-albergue-en-el-hostal-de-turismo-municipal-de-el-cairo",
        "nombre": "Albergue en el hostal de turismo municipal de El Cairo",
        "tipo": "albergue",
        "rol": "recibe_damnificados",
        "municipio": "El Cairo",
        "departamento": "Valle del Cauca",
        "direccion": null,
        "geocode_query": "Albergue en el hostal de turismo municipal de El Cairo, El Cairo, Valle del Cauca, Colombia",
        "precision_ubicacion": "aproximada",
        "nota_ubicacion": "Ubicación a nivel de barrio, sector o cabecera municipal. La fuente no publica la dirección exacta.",
        "horario": null,
        "telefono": null,
        "responsable": "Alcaldía de El Cairo",
        "verificado": false,
        "nivel_verificacion": "prensa",
        "vigente": true,
        "alerta": null,
        "necesidades": {
          "medicamentos": "necesita",
          "colchonetas_cobijas": "urgente",
          "agua": "urgente",
          "alimentos_no_perecederos": "urgente",
          "aseo_personal": "urgente"
        },
        "no_recibe": [],
        "sangre": null,
        "notas": "Anunciado por el alcalde Carlos Castro. La Gobernación del Valle envió colchonetas para adecuarlo. El nombre propio del hostal no se publicó.",
        "fuente": {
          "nombre": "El Tiempo",
          "url": "https://www.eltiempo.com/unidad-investigativa/asi-quedo-el-cairo-el-municipio-que-quedo-devastado-en-un-80-tras-terremoto-videos-y-testimonios-3577565",
          "fecha_publicacion": "2026-08-13"
        },
        "fecha_verificacion": "2026-08-13",
        "capacidad": null,
        "ocupacion": null,
        "admite_mascotas": null,
        "servicios": [],
        "requisitos_ingreso": null,
        "es_alerta": false
      }
    },
    {
      "type": "Feature",
      "geometry": {
        "type": "Point",
        "coordinates": [
          -76.2216962,
          4.7607704
        ]
      },
      "properties": {
        "id": "el-cairo-albergue-en-el-parque-recreacional-de-el-cairo",
        "nombre": "Albergue en el parque recreacional de El Cairo",
        "tipo": "albergue",
        "rol": "recibe_damnificados",
        "municipio": "El Cairo",
        "departamento": "Valle del Cauca",
        "direccion": null,
        "geocode_query": "Albergue en el parque recreacional de El Cairo, El Cairo, Valle del Cauca, Colombia",
        "precision_ubicacion": "aproximada",
        "nota_ubicacion": "Ubicación a nivel de barrio, sector o cabecera municipal. La fuente no publica la dirección exacta.",
        "horario": null,
        "telefono": null,
        "responsable": "Alcaldía de El Cairo",
        "verificado": false,
        "nivel_verificacion": "prensa",
        "vigente": true,
        "alerta": null,
        "necesidades": {
          "aseo_personal": "necesita",
          "carpas_plasticos": "urgente",
          "colchonetas_cobijas": "urgente",
          "agua": "urgente",
          "alimentos_no_perecederos": "urgente"
        },
        "no_recibe": [],
        "sangre": null,
        "notas": "Espacio abierto habilitado ante el riesgo de réplicas y el colapso del 80% de las viviendas. Necesita carpas y plásticos por exposición a la lluvia.",
        "fuente": {
          "nombre": "El Tiempo",
          "url": "https://www.eltiempo.com/unidad-investigativa/asi-quedo-el-cairo-el-municipio-que-quedo-devastado-en-un-80-tras-terremoto-videos-y-testimonios-3577565",
          "fecha_publicacion": "2026-08-13"
        },
        "fecha_verificacion": "2026-08-13",
        "capacidad": null,
        "ocupacion": null,
        "admite_mascotas": null,
        "servicios": [],
        "requisitos_ingreso": null,
        "es_alerta": false
      }
    },
    {
      "type": "Feature",
      "geometry": {
        "type": "Point",
        "coordinates": [
          -76.2216962,
          4.7607704
        ]
      },
      "properties": {
        "id": "el-cairo-dos-instituciones-educativas-habilitadas-como-albergue-en-el-",
        "nombre": "Dos instituciones educativas habilitadas como albergue en El Cairo",
        "tipo": "albergue",
        "rol": "recibe_damnificados",
        "municipio": "El Cairo",
        "departamento": "Valle del Cauca",
        "direccion": null,
        "geocode_query": "Dos instituciones educativas habilitadas como albergue en El Cairo, El Cairo, Valle del Cauca, Colombia",
        "precision_ubicacion": "aproximada",
        "nota_ubicacion": "Ubicación a nivel de barrio, sector o cabecera municipal. La fuente no publica la dirección exacta.",
        "horario": null,
        "telefono": null,
        "responsable": "Alcaldía de El Cairo",
        "verificado": false,
        "nivel_verificacion": "prensa",
        "vigente": true,
        "alerta": "Sin nombre ni dirección publicados. Preguntar en la Alcaldía.",
        "necesidades": {
          "panales_formula": "necesita",
          "colchonetas_cobijas": "urgente",
          "agua": "urgente",
          "alimentos_no_perecederos": "urgente",
          "aseo_personal": "urgente"
        },
        "no_recibe": [],
        "sangre": null,
        "notas": "La prensa no identifica por nombre las dos instituciones. Con la alcaldía, el hostal y el parque recreacional, suman cinco albergues en El Cairo.",
        "fuente": {
          "nombre": "El Tiempo",
          "url": "https://www.eltiempo.com/unidad-investigativa/asi-quedo-el-cairo-el-municipio-que-quedo-devastado-en-un-80-tras-terremoto-videos-y-testimonios-3577565",
          "fecha_publicacion": "2026-08-13"
        },
        "fecha_verificacion": "2026-08-13",
        "capacidad": null,
        "ocupacion": null,
        "admite_mascotas": null,
        "servicios": [],
        "requisitos_ingreso": null,
        "es_alerta": false
      }
    },
    {
      "type": "Feature",
      "geometry": {
        "type": "Point",
        "coordinates": [
          -77.0771381,
          3.8879543
        ]
      },
      "properties": {
        "id": "buenaventura-red-de-62-albergues-temporales-del-distrito-de-buenaventu",
        "nombre": "Red de 62 albergues temporales del Distrito de Buenaventura",
        "tipo": "albergue",
        "rol": "recibe_damnificados",
        "municipio": "Buenaventura",
        "departamento": "Valle del Cauca",
        "direccion": null,
        "geocode_query": "Red de 62 albergues temporales del Distrito de Buenaventura, Buenaventura, Valle del Cauca, Colombia",
        "precision_ubicacion": "aproximada",
        "nota_ubicacion": "Ubicación a nivel de barrio, sector o cabecera municipal. La fuente no publica la dirección exacta.",
        "horario": null,
        "telefono": null,
        "responsable": "Alcaldía Distrital de Buenaventura - Puesto de Mando Unificado",
        "verificado": false,
        "nivel_verificacion": "prensa",
        "vigente": true,
        "alerta": "Son 62 sedes y el Distrito NO publicó la lista con nombres ni direcciones. Preguntar en el PMU distrital.",
        "necesidades": {
          "panales_formula": "necesita",
          "herramientas": "necesita",
          "carpas_plasticos": "urgente",
          "colchonetas_cobijas": "urgente",
          "agua": "urgente",
          "alimentos_no_perecederos": "urgente",
          "aseo_personal": "urgente",
          "medicamentos": "urgente"
        },
        "no_recibe": [],
        "sangre": null,
        "notas": "El Distrito solicitó 15.000 ayudas humanitarias, 500 carpas de campaña y 50 carpas de atención médica. 540 viviendas con pérdida total, 287 familias afectadas y 397 desplazadas en el primer reporte. Calamidad pública declarada y toque de queda de 9:00 p.m. a 6:00 a.m. La vía Cali-Buenaventura estuvo bloqueada por derrumbes. Alerta naranja hospitalaria.",
        "fuente": {
          "nombre": "Pulzo (balance de la Alcaldía Distrital)",
          "url": "https://www.pulzo.com/nacion/sismo-en-buenaventura-colombia-cifras-danos-y-ayudas-humanitarias-tras-la-emergencia-PP5273558A",
          "fecha_publicacion": "2026-08-13"
        },
        "fecha_verificacion": "2026-08-13",
        "capacidad": null,
        "ocupacion": "62 albergues activos con damnificados. El Distrito no ha publicado cuántas personas ni familias hay en cada uno.",
        "admite_mascotas": null,
        "servicios": [
          "alojamiento",
          "entrega de colchonetas y almohadas",
          "insumos médicos",
          "hidratación"
        ],
        "requisitos_ingreso": "No publicados. La asignación se hizo identificando necesidades por sectores del distrito.",
        "es_alerta": false
      }
    },
    {
      "type": "Feature",
      "geometry": {
        "type": "Point",
        "coordinates": [
          -75.8744466,
          4.3046966
        ]
      },
      "properties": {
        "id": "sevilla-albergue-para-mascotas-de-sevilla",
        "nombre": "Albergue para mascotas de Sevilla",
        "tipo": "albergue",
        "rol": "recibe_damnificados",
        "municipio": "Sevilla",
        "departamento": "Valle del Cauca",
        "direccion": "Vía Sevilla - Caicedonia, Alto del Recreo",
        "geocode_query": "Vía Sevilla - Caicedonia, Alto del Recreo, Sevilla, Valle del Cauca, Colombia",
        "precision_ubicacion": "aproximada",
        "nota_ubicacion": "Ubicación a nivel de barrio, sector o cabecera municipal. La fuente no publica la dirección exacta.",
        "horario": null,
        "telefono": null,
        "responsable": "Alcaldía de Sevilla - alcalde Manuel Felipe Quintero",
        "verificado": false,
        "nivel_verificacion": "prensa",
        "vigente": true,
        "alerta": null,
        "necesidades": {
          "insumos_veterinarios": "necesita",
          "guacales_correas": "necesita",
          "alimento_mascotas": "urgente"
        },
        "no_recibe": [],
        "sangre": null,
        "notas": "Único albergue para animales identificado en el Valle del Cauca. Piden concentrado.",
        "fuente": {
          "nombre": "Noticias RCN",
          "url": "https://www.noticiasrcn.com/colombia/rescate-de-mascotas-tras-el-terremoto-de-7-4-en-colombia-1049882",
          "fecha_publicacion": "2026-08-13"
        },
        "fecha_verificacion": "2026-08-13",
        "capacidad": null,
        "ocupacion": "Cerca de 100 animales",
        "admite_mascotas": null,
        "servicios": [],
        "requisitos_ingreso": null,
        "es_alerta": false
      }
    },
    {
      "type": "Feature",
      "geometry": {
        "type": "Point",
        "coordinates": [
          -76.649812,
          5.695633
        ]
      },
      "properties": {
        "id": "quibdo-segundo-albergue-de-quibdo-anunciado-con-300-carpas",
        "nombre": "Segundo albergue de Quibdó (anunciado, con 300 carpas)",
        "tipo": "albergue",
        "rol": "recibe_damnificados",
        "municipio": "Quibdó",
        "departamento": "Chocó",
        "direccion": null,
        "geocode_query": "Segundo albergue de Quibdó (anunciado, con 300 carpas), Quibdó, Chocó, Colombia",
        "precision_ubicacion": "aproximada",
        "nota_ubicacion": "Ubicación a nivel de barrio, sector o cabecera municipal. La fuente no publica la dirección exacta.",
        "horario": null,
        "telefono": null,
        "responsable": "UNGRD y Ministerio del Interior",
        "verificado": false,
        "nivel_verificacion": "prensa",
        "vigente": "desconocido",
        "alerta": "ANUNCIADO, no confirmado en operación al 13 de agosto.",
        "necesidades": {
          "agua": "necesita",
          "carpas_plasticos": "urgente",
          "colchonetas_cobijas": "urgente",
          "alimentos_no_perecederos": "urgente"
        },
        "no_recibe": [],
        "sangre": null,
        "notas": "El Gobierno informó la entrega de 300 carpas, frazadas y alimentos para un primer albergue en Quibdó y el montaje de un segundo. Sin ubicación pública.",
        "fuente": {
          "nombre": "Infobae",
          "url": "https://www.infobae.com/colombia/2026/08/13/gobierno-anuncia-albergues-energia-y-reconstruccion-para-choco-tras-el-terremoto/",
          "fecha_publicacion": "2026-08-13"
        },
        "fecha_verificacion": "2026-08-13",
        "capacidad": null,
        "ocupacion": null,
        "admite_mascotas": null,
        "servicios": [],
        "requisitos_ingreso": null,
        "es_alerta": false
      }
    },
    {
      "type": "Feature",
      "geometry": {
        "type": "Point",
        "coordinates": [
          -76.6871851,
          5.1564408
        ]
      },
      "properties": {
        "id": "istmina-escuelas-habilitadas-como-albergue-en-istmina",
        "nombre": "Escuelas habilitadas como albergue en Istmina",
        "tipo": "albergue",
        "rol": "recibe_damnificados",
        "municipio": "Istmina",
        "departamento": "Chocó",
        "direccion": null,
        "geocode_query": "Escuelas habilitadas como albergue en Istmina, Istmina, Chocó, Colombia",
        "precision_ubicacion": "aproximada",
        "nota_ubicacion": "Ubicación a nivel de barrio, sector o cabecera municipal. La fuente no publica la dirección exacta.",
        "horario": null,
        "telefono": null,
        "responsable": "Alcaldía de Istmina - alcalde Jaison Mosquera Sánchez",
        "verificado": false,
        "nivel_verificacion": "prensa",
        "vigente": true,
        "alerta": "Las escuelas usadas como albergue tienen daño estructural.",
        "necesidades": {
          "aseo_personal": "necesita",
          "herramientas": "necesita",
          "carpas_plasticos": "urgente",
          "agua": "urgente",
          "alimentos_no_perecederos": "urgente",
          "colchonetas_cobijas": "urgente",
          "medicamentos": "urgente"
        },
        "no_recibe": [],
        "sangre": null,
        "notas": "Se habilitaron escuelas como albergues AUNQUE LAS PROPIAS ESCUELAS TIENEN FALLAS ESTRUCTURALES: todas las instituciones educativas del municipio resultaron afectadas. La gente también duerme en edificaciones averiadas. 550 viviendas dañadas y más de 3.000 personas afectadas en el casco urbano. Sin energía ni comunicación telefónica. El alcalde declaró: 'Nosotros no tenemos cómo atender a la gente'. Al 13 de agosto la ayuda no había llegado y el acceso solo era aéreo. Se necesitan más albergues, sobre todo para adultos mayores.",
        "fuente": {
          "nombre": "El Espectador",
          "url": "https://www.elespectador.com/colombia/mas-regiones/el-terremoto-no-mato-en-choco-pero-dejo-a-muchos-sin-casa-testimonios/",
          "fecha_publicacion": "2026-08-13"
        },
        "fecha_verificacion": "2026-08-13",
        "capacidad": null,
        "ocupacion": null,
        "admite_mascotas": null,
        "servicios": [],
        "requisitos_ingreso": "No publicados.",
        "es_alerta": false
      }
    },
    {
      "type": "Feature",
      "geometry": {
        "type": "Point",
        "coordinates": [
          -77.3657891,
          4.2607413
        ]
      },
      "properties": {
        "id": "litoral-del-san-juan-albergues-municipales-del-litoral-del-san-juan",
        "nombre": "Albergues municipales del Litoral del San Juan",
        "tipo": "albergue",
        "rol": "recibe_damnificados",
        "municipio": "Litoral del San Juan",
        "departamento": "Chocó",
        "direccion": null,
        "geocode_query": "Albergues municipales del Litoral del San Juan, Litoral del San Juan, Chocó, Colombia",
        "precision_ubicacion": "aproximada",
        "nota_ubicacion": "Ubicación a nivel de barrio, sector o cabecera municipal. La fuente no publica la dirección exacta.",
        "horario": null,
        "telefono": null,
        "responsable": "Alcaldía del Litoral del San Juan - Oficina de Gestión del Riesgo",
        "verificado": false,
        "nivel_verificacion": "prensa",
        "vigente": true,
        "alerta": null,
        "necesidades": {
          "aseo_personal": "necesita",
          "medicamentos": "necesita",
          "carpas_plasticos": "urgente",
          "alimentos_no_perecederos": "urgente",
          "agua": "urgente",
          "colchonetas_cobijas": "urgente"
        },
        "no_recibe": [],
        "sangre": null,
        "notas": "Más de 4.800 personas damnificadas. 231 viviendas destruidas, 673 averiadas, 22 instituciones educativas dañadas, 6 puentes comprometidos y 1 centro de salud afectado. Los puentes dañados impiden moverse entre sectores. Incluye comunidades indígenas Wounaan de Puerto Pizario y El Papayo.",
        "fuente": {
          "nombre": "Publimetro",
          "url": "https://www.publimetro.co/noticias/2026/08/12/tragedia-en-choco-en-el-litoral-del-san-juan-mas-de-4800-personas-resultaron-damnificadas-por-el-terremoto/",
          "fecha_publicacion": "2026-08-13"
        },
        "fecha_verificacion": "2026-08-13",
        "capacidad": null,
        "ocupacion": "16 familias albergadas al 12 de agosto, frente a 1.415 familias afectadas en el municipio.",
        "admite_mascotas": null,
        "servicios": [],
        "requisitos_ingreso": "Censo e inspección comunitaria a cargo de la administración municipal y la Oficina de Gestión del Riesgo.",
        "es_alerta": false
      }
    },
    {
      "type": "Feature",
      "geometry": {
        "type": "Point",
        "coordinates": [
          -76.2343727,
          4.8963435
        ]
      },
      "properties": {
        "id": "san-jose-del-palmar-san-jose-del-palmar-sin-albergue-habilitado",
        "nombre": "San José del Palmar: SIN ALBERGUE HABILITADO",
        "tipo": "albergue",
        "rol": "recibe_damnificados",
        "municipio": "San José del Palmar",
        "departamento": "Chocó",
        "direccion": null,
        "geocode_query": "San José del Palmar: SIN ALBERGUE HABILITADO, San José del Palmar, Chocó, Colombia",
        "precision_ubicacion": "aproximada",
        "nota_ubicacion": "Ubicación a nivel de barrio, sector o cabecera municipal. La fuente no publica la dirección exacta.",
        "horario": null,
        "telefono": null,
        "responsable": "Alcaldía de San José del Palmar - alcalde León Fabio Marín",
        "verificado": false,
        "nivel_verificacion": "prensa",
        "vigente": false,
        "alerta": "NO HAY ALBERGUE. La gente del epicentro duerme a la intemperie.",
        "necesidades": {
          "colchonetas_cobijas": "necesita",
          "aseo_personal": "necesita",
          "carpas_plasticos": "urgente",
          "agua": "urgente",
          "alimentos_no_perecederos": "urgente",
          "medicamentos": "urgente",
          "herramientas": "urgente",
          "linternas_pilas": "urgente"
        },
        "no_recibe": [],
        "sangre": null,
        "notas": "Al 13 de agosto NO hay albergue formal en el municipio EPICENTRO. Las familias duermen fuera de sus casas, en la calle, por daños y por miedo a las réplicas (146 réplicas; una de 4,2 el 13 de agosto). El alcalde pidió expresamente carpas 'para albergar a algunas personas': las carpas eran un requerimiento pendiente, no una solución existente. Entre 342 y 443 viviendas afectadas, más de 40 inhabitables, 20 colapsadas. El corregimiento de La Italia quedó con la mayoría de casas inhabitables. Sin energía, acueducto dañado, vías con derrumbes y sin hospital. El municipio denunció no haber recibido recursos nacionales ni departamentales.",
        "fuente": {
          "nombre": "El País (Cali)",
          "url": "https://www.elpais.com.co/colombia/exclusivo-habla-el-alcalde-de-san-jose-del-palmar-epicentro-del-terremoto-en-colombia-no-hemos-recibido-recursos-1134.html",
          "fecha_publicacion": "2026-08-13"
        },
        "fecha_verificacion": "2026-08-13",
        "capacidad": null,
        "ocupacion": null,
        "admite_mascotas": null,
        "servicios": [],
        "requisitos_ingreso": null,
        "es_alerta": true
      }
    },
    {
      "type": "Feature",
      "geometry": {
        "type": "Point",
        "coordinates": [
          -76.9749947,
          5.5156902
        ]
      },
      "properties": {
        "id": "alto-baudo-comunidades-indigenas-embera-y-wounaan-sin-alojamiento-form",
        "nombre": "Comunidades indígenas Embera y Wounaan sin alojamiento formal",
        "tipo": "albergue",
        "rol": "recibe_damnificados",
        "municipio": "Alto Baudó",
        "departamento": "Chocó",
        "direccion": null,
        "geocode_query": "Comunidades indígenas Embera y Wounaan sin alojamiento formal, Alto Baudó, Chocó, Colombia",
        "precision_ubicacion": "aproximada",
        "nota_ubicacion": "Ubicación a nivel de barrio, sector o cabecera municipal. La fuente no publica la dirección exacta.",
        "horario": null,
        "telefono": null,
        "responsable": "Autoridades indígenas tradicionales",
        "verificado": false,
        "nivel_verificacion": "prensa",
        "vigente": false,
        "alerta": "26 territorios étnicos afectados y ningún alojamiento habilitado para ellos.",
        "necesidades": {
          "aseo_personal": "necesita",
          "panales_formula": "necesita",
          "carpas_plasticos": "urgente",
          "colchonetas_cobijas": "urgente",
          "alimentos_no_perecederos": "urgente",
          "medicamentos": "urgente",
          "agua": "urgente"
        },
        "no_recibe": [],
        "sangre": null,
        "notas": "NO hay ningún albergue habilitado para comunidades indígenas. Familias a la intemperie con viviendas destruidas y vías a los resguardos colapsadas. Unos 68.000 indígenas viven en Chocó. Resguardos afectados: Chachajo y Papayo (Wounaan), Copeg del Río Ingará (San José del Palmar, con la casa del gobernador destruida), Puerto Pizario, Buenavista (120 casas dañadas), Istraina, Unión Chocó San Cristóbal, Catrú, Dobasa y Arcosó (Alto Baudó), Tahamí, Bagadó y Medio Baudó. La Defensoría reportó 32 asentamientos indígenas sin información suficiente. ACADESAN reporta daños en 72 comunidades afro del San Juan. Vocero Embera: Luis Ángel Gindrama.",
        "fuente": {
          "nombre": "El Tiempo",
          "url": "https://www.eltiempo.com/colombia/otras-ciudades/hablo-lider-indigena-del-choco-sobre-las-afectaciones-a-su-comunidad-por-el-terremoto-necesitamos-ayuda-3578003",
          "fecha_publicacion": "2026-08-13"
        },
        "fecha_verificacion": "2026-08-13",
        "capacidad": null,
        "ocupacion": null,
        "admite_mascotas": null,
        "servicios": [],
        "requisitos_ingreso": null,
        "es_alerta": true
      }
    },
    {
      "type": "Feature",
      "geometry": {
        "type": "Point",
        "coordinates": [
          -75.2434291,
          4.4450799
        ]
      },
      "properties": {
        "id": "ibague-ibague-sin-albergue-habilitado-linea-para-reportar-vivienda-afe",
        "nombre": "Ibagué: sin albergue habilitado, línea para reportar vivienda afectada",
        "tipo": "albergue",
        "rol": "recibe_damnificados",
        "municipio": "Ibagué",
        "departamento": "Tolima",
        "direccion": null,
        "geocode_query": "Ibagué: sin albergue habilitado, línea para reportar vivienda afectada, Ibagué, Tolima, Colombia",
        "precision_ubicacion": "aproximada",
        "nota_ubicacion": "Ubicación a nivel de barrio, sector o cabecera municipal. La fuente no publica la dirección exacta.",
        "horario": null,
        "telefono": "320 240 0704",
        "responsable": "Alcaldía de Ibagué",
        "verificado": false,
        "nivel_verificacion": "prensa",
        "vigente": false,
        "alerta": "Sin albergue en el Tolima. Reportar la vivienda al 320 240 0704.",
        "necesidades": {},
        "no_recibe": [],
        "sangre": null,
        "notas": "No se encontró ningún albergue habilitado en Ibagué ni en el Tolima. 48 familias fueron evacuadas del complejo residencial Alta Vista por daños estructurales, pero no se publicó a dónde fueron reubicadas. 17 edificaciones afectadas en Ibagué. En el departamento: 254 viviendas afectadas en 25 municipios, 16 hospitales, 21 colegios y 3 iglesias con daños. El Parque Deportivo funciona como centro de acopio, no como albergue.",
        "fuente": {
          "nombre": "Ecos del Combeima",
          "url": "https://www.ecosdelcombeima.com/ibague/nota-193087-alcaldia-de-ibague-habilita-linea-para-reportar-cualquier-novedad-tras-el-sismo",
          "fecha_publicacion": "2026-08-13"
        },
        "fecha_verificacion": "2026-08-13",
        "capacidad": null,
        "ocupacion": null,
        "admite_mascotas": null,
        "servicios": [],
        "requisitos_ingreso": "Reportar la afectación de la vivienda a la línea 320 240 0704 para que hagan inspección.",
        "es_alerta": true
      }
    }
  ]
}